Workbook

Sheet Method
A1: CM Floor Compliance Coverage Metric — Method and Justification
A3: What this metric answers
A4: Whether programs are honestly confronting their CM floor gaps — i.e., whether every floor requirement has been consciously dispositioned (performed, replaced by a validated equivalent control, or formally risk-accepted). It measures HONESTY about gaps, not safety of the portfolio (see the caution below).
A5: Why the 44 requirements are NOT weighted equally
A6: The floor requirements differ in the one dimension that matters to a safety floor: the consequence of the barrier being absent. The register already ties each requirement to a barrier and a hazard control; equal weighting discards that. All 44 floor requirements are top-band (Catastrophic or Severe) by construction — every one traces to one of the sixteen barriers, and the barrier safety case rates all sixteen Severity 1 or 2. There is no Major/Minor tier in the floor. So the weighting does not separate 'safety' from 'clerical'; it separates the twelve fatality-class barriers (Catastrophic) from the four program-loss/quality-escape barriers (Severe). A program that dispositioned 40 of 44 reads differently depending on whether the 4 open items are Catastrophic or Severe — and it should. That is the failure mode this design exists to prevent: a metric that lets a paperwork-completion number stand in for a risk-exposure number.
A7: The two-number design
A8: 1. Severity-weighted coverage % — each requirement contributes its severity weight (Catastrophic 3, Severe 2). Weights are keyed to the severity LABEL, not the org's numeric code — the org uses 1 = Catastrophic, 2 = Severe (ascending), so using the raw number as a weight would invert the metric. Catastrophic always carries the higher weight regardless of its numeric code. Coverage = weighted dispositioned ÷ weighted total. Catastrophic outweighs Severe 3:2 (1.5x) so that, during remediation, the coverage % rewards closing the deadliest barriers first — the weighting sequences the work; it does not make Severe items optional. This is the trend and comparison number; severity-weighting keeps it honest against the paperwork-completion illusion. Use it for dashboards and cross-program comparison.
A9: 2. Top-band hard gate — a COUNT, never a percentage: the number of Catastrophic- and Severe-band floor items left undispositioned. At the top of the severity scale the right target is zero and any nonzero value is a finding, not a score — so it is never averaged. A single open catastrophic barrier must not be averageable away behind a 96% weighted number.
A10: Why a count for the top band, not a weighted %
A11: Because every floor item is top-band, the hard gate is simply the count of open floor items — and its target is zero. The weighted % then distinguishes only Catastrophic from Severe, which is exactly the sequencing signal you want during remediation. Averaging is never allowed to retire an open top-band item; the gate overrides the average. This mirrors principles used elsewhere in the CM system: audit designation cannot sample out safety-critical requirements, and major audit findings do not average against minor ones. The safety-bearing subset gets a hard gate; the rest gets a weighted measure.
A12: The risk-accepted caution
A13: 'Dispositioned' includes risk-accepted, so for THIS metric a risk-accepted item counts as covered — conscious risk acceptance is a legitimate floor disposition. But coverage measures honesty, not safety: a portfolio '100% covered' entirely via catastrophic risk acceptances is technically honest and substantively alarming. The workbook therefore reports risk-accepted as its own category (performed/equivalent vs. risk-accepted) so a high coverage number is never misread as a safe portfolio. Do not conflate the two questions.
... A19: • Read the three together: weighted % for trend, hard-gate count for safety exposure (target zero), risk-accepted share for how much 'coverage' is acceptance rather than performance.

Sheet Coverage
A1: Program: | B1: [Program]
A3: Floor ID | B3: Cluster | C3: Clause | D3: Requirement (paraphrased) | E3: Barrier | F3: Severity (pre-anchored) | G3: Weight | H3: Disposition | I3: Weighted total | J3: Weighted covered | K3: Top-band open?
A4: F01 | B4: 1. Hazard ID & Critical-Item Recognition | C4: 3.2.1(2)(b) | D4: Identify as a CI any item whose failure could cause serious injury, loss of life, or loss of primary system capability | E4: B1 | F4: Catastrophic (1) | G4: 3 | H4: Open | I4: =G4 -> 3 | J4: =IF(H4="Open",0,G4) -> 0 | K4: =IF(AND(OR(LEFT(F4,12)="Catastrophic",LEFT(F4,6)="Severe"),H4="Open"),1,0) -> 1
A5: F02 | B5: 1. Hazard ID & Critical-Item Recognition | C5: 3.3.1.2(1) | D5: Classify every engineering change as Major (Class I) or Minor (Class II) | E5: B2 | F5: Catastrophic (1) | G5: 3 | H5: Open | I5: =G5 -> 3 | J5: =IF(H5="Open",0,G5) -> 0 | K5: =IF(AND(OR(LEFT(F5,12)="Catastrophic",LEFT(F5,6)="Severe"),H5="Open"),1,0) -> 1
A6: F03 | B6: 1. Hazard ID & Critical-Item Recognition | C6: 3.3.1.2(2)(e)(6)(a) | D6: Treat changes affecting safety as Major (Class I) | E6: B2 | F6: Catastrophic (1) | G6: 3 | H6: Open | I6: =G6 -> 3 | J6: =IF(H6="Open",0,G6) -> 0 | K6: =IF(AND(OR(LEFT(F6,12)="Catastrophic",LEFT(F6,6)="Severe"),H6="Open"),1,0) -> 1
A7: F04 | B7: 1. Hazard ID & Critical-Item Recognition | C7: 3.3(3) | D7: Support a joint Acquirer/Supplier Configuration Control Board | E7: B2 | F7: Catastrophic (1) | G7: 3 | H7: Open | I7: =G7 -> 3 | J7: =IF(H7="Open",0,G7) -> 0 | K7: =IF(AND(OR(LEFT(F7,12)="Catastrophic",LEFT(F7,6)="Severe"),H7="Open"),1,0) -> 1
A8: F05 | B8: 1. Hazard ID & Critical-Item Recognition | C8: 3.3.1.8.1(1) | D8: Obtain Acquirer concurrence on Minor (Class II) classification | E8: B2 | F8: Catastrophic (1) | G8: 3 | H8: Open | I8: =G8 -> 3 | J8: =IF(H8="Open",0,G8) -> 0 | K8: =IF(AND(OR(LEFT(F8,12)="Catastrophic",LEFT(F8,6)="Severe"),H8="Open"),1,0) -> 1
A9: F06 | B9: 2. Change Discipline & Impact Assessment | C9: 3.3(1) | D9: Apply configuration control to each CI, its components, and its documentation | E9: B3 | F9: Catastrophic (1) | G9: 3 | H9: Open | I9: =G9 -> 3 | J9: =IF(H9="Open",0,G9) -> 0 | K9: =IF(AND(OR(LEFT(F9,12)="Catastrophic",LEFT(F9,6)="Severe"),H9="Open"),1,0) -> 1
A10: F07 | B10: 2. Change Discipline & Impact Assessment | C10: 3.3(2)(c) | D10: Document, evaluate, disposition, record in CSA, and report changes and variances | E10: B3 | F10: Catastrophic (1) | G10: 3 | H10: Open | I10: =G10 -> 3 | J10: =IF(H10="Open",0,G10) -> 0 | K10: =IF(AND(OR(LEFT(F10,12)="Catastrophic",LEFT(F10,6)="Severe"),H10="Open"),1,0) -> 1
A11: F08 | B11: 2. Change Discipline & Impact Assessment | C11: 3.3(2)(e) | D11: Incorporate approved changes into all product configuration information and implement them | E11: B3 | F11: Catastrophic (1) | G11: 3 | H11: Open | I11: =G11 -> 3 | J11: =IF(H11="Open",0,G11) -> 0 | K11: =IF(AND(OR(LEFT(F11,12)="Catastrophic",LEFT(F11,6)="Severe"),H11="Open"),1,0) -> 1
A12: F09 | B12: 2. Change Discipline & Impact Assessment | C12: 3.3(2)(f) | D12: Verify approved changes were incorporated | E12: B3 | F12: Catastrophic (1) | G12: 3 | H12: Open | I12: =G12 -> 3 | J12: =IF(H12="Open",0,G12) -> 0 | K12: =IF(AND(OR(LEFT(F12,12)="Catastrophic",LEFT(F12,6)="Severe"),H12="Open"),1,0) -> 1
A13: F10 | B13: 2. Change Discipline & Impact Assessment | C13: 3.3.1(1) | D13: Use an ECP to document baseline changes and submit to the change approval authority | E13: B2, B3 | F13: Catastrophic (1) | G13: 3 | H13: Open | I13: =G13 -> 3 | J13: =IF(H13="Open",0,G13) -> 0 | K13: =IF(AND(OR(LEFT(F13,12)="Catastrophic",LEFT(F13,6)="Severe"),H13="Open"),1,0) -> 1
A14: F11 | B14: 2. Change Discipline & Impact Assessment | C14: 3.3.1.1(1)(a) | D14: Define the need for each change | E14: B3 | F14: Catastrophic (1) | G14: 3 | H14: Open | I14: =G14 -> 3 | J14: =IF(H14="Open",0,G14) -> 0 | K14: =IF(AND(OR(LEFT(F14,12)="Catastrophic",LEFT(F14,6)="Severe"),H14="Open"),1,0) -> 1
A15: F12 | B15: 2. Change Discipline & Impact Assessment | C15: 3.3.1.1(1)(e) | D15: Incorporate the approved ECP into the configuration documentation | E15: B3 | F15: Catastrophic (1) | G15: 3 | H15: Open | I15: =G15 -> 3 | J15: =IF(H15="Open",0,G15) -> 0 | K15: =IF(AND(OR(LEFT(F15,12)="Catastrophic",LEFT(F15,6)="Severe"),H15="Open"),1,0) -> 1
... A47: F44 | B47: 4. Supply Chain, Interfaces & Verification | C47: 3.5.2.1(1)(c) | D47: Provide a requirements-to-test traceability matrix (each requirement maps to a test step) | E47: B16 | F47: Catastrophic (1) | G47: 3 | H47: Open | I47: =G47 -> 3 | J47: =IF(H47="Open",0,G47) -> 0 | K47: =IF(AND(OR(LEFT(F47,12)="Catastrophic",LEFT(F47,6)="Severe"),H47="Open"),1,0) -> 1

Sheet Dashboard
A1: CM Floor Coverage — Program Dashboard
A2: Read all three panels together. Weighted % = trend. Hard gate = safety exposure (target 0). Risk-accepted share = how much coverage is acceptance vs. performance.
A4: Panel 1 — Severity-weighted coverage (trend / comparison)
A5: Weighted total (all floor items) | B5: =SUM(Coverage!$I$4:$I$47) -> 127
A6: Weighted covered (dispositioned) | B6: =SUM(Coverage!$J$4:$J$47) -> 0
A7: Severity-weighted coverage % | B7: =IF(SUM(Coverage!$I$4:$I$47)=0,"",SUM(Coverage!$J$4:$J$47)/SUM(Coverage!$I$4:$I$47)) -> 0
A9: Panel 2 — Top-band hard gate (safety exposure — target 0)
A10: Catastrophic + Severe items OPEN (count) | B10: =SUM(Coverage!$K$4:$K$47) -> 44
A11: GATE STATUS | B11: =IF(SUM(Coverage!$K$4:$K$47)=0,"PASS — no top-band gaps","FAIL — open top-band barrier(s)") -> FAIL — open top-band barrier(s)
A13: Panel 3 — Coverage composition (honesty vs. safety)
A14: Items Performed | B14: =COUNTIF(Coverage!$H$4:$H$47,"Performed") -> 0
A15: Items Equivalent control | B15: =COUNTIF(Coverage!$H$4:$H$47,"Equivalent control") -> 0
A16: Items Risk-accepted | B16: =COUNTIF(Coverage!$H$4:$H$47,"Risk-accepted") -> 0
A17: Items Open | B17: =COUNTIF(Coverage!$H$4:$H$47,"Open") -> 44
A18: Risk-accepted share of covered (weighted) | B18: =IF(SUM(Coverage!$J$4:$J$47)=0,"",SUMIFS(Coverage!$G$4:$G$47,Coverage!$H$4:$H$47,"Risk-accepted")/SUM(Coverage!$J$4:$J$47))
A19: Catastrophic items risk-accepted (count) | B19: =SUMPRODUCT((LEFT(Coverage!$F$4:$F$47,12)="Catastrophic")*(Coverage!$H$4:$H$47="Risk-accepted")) -> 0
A21: Note: a high Panel-1 % with a nonzero Panel-2 count is a FAIL, not a pass — the gate overrides the average. A high % driven by Panel-3 risk-acceptance is honest coverage but not a safe portfolio; escalate catastrophic risk-acceptances regardless of the coverage number.

Sheet Portfolio Roll-up
A1: Portfolio Roll-up — Guidance
A3: Rolling multiple programs up
A4: Maintain one Coverage sheet (or one workbook) per program, then aggregate: sum weighted totals and weighted covered across programs for the portfolio weighted % ; SUM the top-band open counts across programs for the portfolio hard gate (never average it) ; sum the catastrophic-risk-accepted counts.
A5: Report the portfolio the same three ways: weighted % for the trend line, a single integer for top-band open items across all programs (target zero), and the count of programs with any top-band gap (the per-program failure count, which is often more actionable than the item count).
A6: As an operationalization metric
A7: This coverage metric is designed to retire as it saturates: when every active program reaches weighted 100% with a zero hard gate, the pillar is operationalized and the metric stops being interesting. Until then, the trend line and the shrinking hard-gate count ARE the operationalization progress bar. A flat hard-gate count over quarters means the sweep has stalled — that is the signal to escalate, not to re-weight.
A8: What NOT to do
A9: • Do not average the hard-gate count into the weighted % to produce a single 'maturity number.' The composite hides which programs carry open top-band barriers, and that is the entire actionable content.
A10: • Do not re-rate severities per program to improve a number. Severities are pre-anchored at the register; per-program re-rating reintroduces the lowballing incentive the pre-anchoring removed.
A11: • Do not read coverage as safety. Coverage says gaps were consciously dispositioned; the risk-accepted composition and the catastrophic-acceptance count say whether that disposition is safe.

Sheet Lists
A1: Disposition | B1: Severity (org scale)
A2: Performed | B2: Catastrophic (1)
A3: Equivalent control | B3: Severe (2)
A4: Risk-accepted
A5: Open
