Workbook

Sheet README
A1: Phase 1 TDR Workbook - EIA-649-1A Compliance Review
A3: Scope statement (put this verbatim in the TDR charter)
A4: The program has no recorded tailoring of EIA-649-1A, so the full standard applies. Phase 1 assesses a defined subset and asserts no compliance position on any requirement outside that subset. The residual is live exposure, is listed on the 'Residual Scope' sheet, and carries a named owner and a dated pass schedule.
A5: Phase 1 is sequenced to remediation capacity, not to calendar convenience.
A7: What is in Phase 1
A8: Block A. The 44 CM floor items (F01 to F44), carried from the CM Floor Register with barrier, hazard, pre-anchored severity, and role mapping intact.
A9: Block B. Section 3 general requirements 3.(1) and 3.(3). 3.(2) and 3.(4) are already floor items F40 and F41.
A10: Block C. The whole of 3.1 Planning and Management, 17 sub-requirements. 3.1.1 and 3.1(1)(e) are the root-cause clauses for the health and staffing findings the rest of the review will surface.
A11: Block D. A slice of 3.2 Configuration Identification, 38 sub-requirements, including unit marking and serialization.
A12: Block E. A slice of 3.4 CSA, 11 sub-requirements. 3.4.1(3)(f) is the as-designed to as-built reconciliation record itself.
A13: Block F. A slice of 3.3, 21 sub-requirements covering change classification criteria and ECP impact-assessment content. 3.3.1.3(1) makes the DD 1692 information set normative through the standard, not through the CDRL.
A15: Two independent scores, deliberately not combined
... A40: Worked example row (format reference, do not copy the values)
A42: Item ID | B42: Clause | C42: Process Ref | D42: Tool | E42: Accountable Owner | F42: Named Executor(s) | G42: Exec Count | H42: Executor Function | I42: Cred Met? | J42: Staffing Rung | K42: Health Rung | L42: Size | M42: Conforming | N42: Disposition
A43: P1-013 | B43: 3.3.1.1(1)(f) | C43: XXX-CM-PROC-003 R.E | D43: PLM release module | E43: J. Okafor (CM Mgr) | F43: A. Rivera | G43: 1 | H43: Change Board Admin | I43: Yes | J43: Single point (computed) | K43: Deployed | L43: 12 | M43: 8 | N43: Gap - remediate
A45: Read the example: the process document exists and the tool is configured, so the item clears Documented and Deployed. The sample shows 8 of 12 conforming, so the health rung stays at Deployed. Separately, one named executor with no backup computes to Single point, and that person sits in Change Board Admin rather than Engineering Release where the register designs the work. Two findings, one row, and neither is visible without the other column.

Sheet Phase 1 Register
A1: Phase 1 Technical Design Review Register - EIA-649-1A
A2: Program: [enter] | Contract / SOW ref: [enter] | TDR Rev / Date: [enter] | Tailoring status: [confirm against SOW and CDRL Block 16 before assessment begins]
A3: Gray columns A-R are sourced. Do not edit. Yellow columns are TDR entries. Salmon columns W-Z are the execution-capacity block. Blue columns are formulas. Columns L to N carry the DESIGNED allocation from the enterprise register; columns W to Z capture the ACTUAL allocation. The delta between them is the finding.
A4: Item ID | B4: Block | C4: TDR Group | D4: EIA-649-1A Clause | E4: Requirement (paraphrased) | F4: Floor ID | G4: Floor Cluster | H4: Barrier(s) | I4: SM-0001 Hazard | J4: Pre-Anchored Severity | K4: Register Inclusion | L4: Designed Owner Tier | M4: Designed Owner Code | N4: Min Credential (designed) | O4: Support Code(s) | P4: Phase 1 Inclusion Basis | Q4: Tailorable? | R4: Associated DID / Std | S4: Process / Command Media Ref | T4: Tool / System | U4: Training / Competency Ref | V4: Accountable Owner (name) | W4: Named Executor(s) - who actually performs the work | X4: Executor Count | Y4: Primary Executor Function | Z4: Credential Minimum Met? | AA4: Staffing Rung | AB4: Staffing Score | AC4: Health Rung | AD4: Rung Score | AE4: Evidence Type | AF4: Evidence Reference | AG4: Sample Population | AH4: Sample Size | AI4: Sample Period | AJ4: Records Conforming | AK4: Conformance % | AL4: Disposition | AM4: Finding / RFA Ref | AN4: Validation Flag | AO4: Assessor (name / date) | AP4: Independent Reviewer (name / date) | AQ4: Notes
A5: P1-001 | B5: A. CM Floor (44 items) | C5: 2. Configuration Identification | D5: 3.2.1(2)(b) | E5: Identify as a CI any item whose failure could cause serious injury, loss of life, or loss of primary system capability | F5: F01 | G5: 1. Hazard ID & Critical-Item Recognition | H5: B1 | I5: §6.2.1 Hazard identification | J5: Catastrophic (1) | K5: Clean | L5: Tier 3 | M5: 2E | N5: B.S.E. | O5: 2I | P5: CM floor. Obligated through the SMS pathway regardless of flow-down. | Q5: No | R5: DI-SESS-82007 | AA5: =IF(X5="","",IF(X5=0,"Unassigned",IF(X5=1,"Single point",IF(Z5="Yes","Staffed and credentialed","Staffed, credential gap")))) | AB5: =IFERROR(INDEX(Lists!$H$3:$H$6,MATCH(AA5,Lists!$G$3:$G$6,0)),"") | AD5: =IFERROR(INDEX(Lists!$B$3:$B$7,MATCH(AC5,Lists!$A$3:$A$7,0)),"") | AK5: =IF(OR(AH5="",AH5=0),"",AJ5/AH5) | AN5: =IF(AL5="","Not assessed",IF(AND(Q5="No",AL5="Gap - recommend tailoring"),"INVALID: floor item is not tailorable",IF(OR(X5="",X5=0),"NO NAMED EXECUTOR",IF(AND(N(AD5)>=3,AH5=""),"Operating claimed with no sample",IF(AND(N(AD5)>=3,X5=1),"Operating rests on one individual",IF(AND(N(AD5)>=3,Z5<>"Yes"),"Operating claimed below designed credential",IF(AND(Q5="No",N(AD5)<3),"FLOOR GATE: below Operating",IF(AND(N(AD5)>=3,AH5<>"",AJ5=""),"Sample size with no conforming count","OK")))))))) -> Not assessed
A6: P1-002 | B6: A. CM Floor (44 items) | C6: 3. Change and Variance Management | D6: 3.3.1.2(1) | E6: Classify every engineering change as Major (Class I) or Minor (Class II) | F6: F02 | G6: 1. Hazard ID & Critical-Item Recognition | H6: B2 | I6: §6.2.2 Risk-acceptance authority | J6: Catastrophic (1) | K6: Clean | L6: Tier 3 | M6: 2E | N6: B.S.E. | O6: 2I | P6: CM floor. Obligated through the SMS pathway regardless of flow-down. | Q6: No | AA6: =IF(X6="","",IF(X6=0,"Unassigned",IF(X6=1,"Single point",IF(Z6="Yes","Staffed and credentialed","Staffed, credential gap")))) | AB6: =IFERROR(INDEX(Lists!$H$3:$H$6,MATCH(AA6,Lists!$G$3:$G$6,0)),"") | AD6: =IFERROR(INDEX(Lists!$B$3:$B$7,MATCH(AC6,Lists!$A$3:$A$7,0)),"") | AK6: =IF(OR(AH6="",AH6=0),"",AJ6/AH6) | AN6: =IF(AL6="","Not assessed",IF(AND(Q6="No",AL6="Gap - recommend tailoring"),"INVALID: floor item is not tailorable",IF(OR(X6="",X6=0),"NO NAMED EXECUTOR",IF(AND(N(AD6)>=3,AH6=""),"Operating claimed with no sample",IF(AND(N(AD6)>=3,X6=1),"Operating rests on one individual",IF(AND(N(AD6)>=3,Z6<>"Yes"),"Operating claimed below designed credential",IF(AND(Q6="No",N(AD6)<3),"FLOOR GATE: below Operating",IF(AND(N(AD6)>=3,AH6<>"",AJ6=""),"Sample size with no conforming count","OK")))))))) -> Not assessed
A7: P1-003 | B7: A. CM Floor (44 items) | C7: 3. Change and Variance Management | D7: 3.3.1.2(2)(e)(6)(a) | E7: Treat changes affecting safety as Major (Class I) | F7: F03 | G7: 1. Hazard ID & Critical-Item Recognition | H7: B2 | I7: §6.2.2 Risk-acceptance authority | J7: Catastrophic (1) | K7: Clean | L7: Tier 3 | M7: 2E | N7: B.S.E. | O7: 2I | P7: CM floor. Obligated through the SMS pathway regardless of flow-down. | Q7: No | AA7: =IF(X7="","",IF(X7=0,"Unassigned",IF(X7=1,"Single point",IF(Z7="Yes","Staffed and credentialed","Staffed, credential gap")))) | AB7: =IFERROR(INDEX(Lists!$H$3:$H$6,MATCH(AA7,Lists!$G$3:$G$6,0)),"") | AD7: =IFERROR(INDEX(Lists!$B$3:$B$7,MATCH(AC7,Lists!$A$3:$A$7,0)),"") | AK7: =IF(OR(AH7="",AH7=0),"",AJ7/AH7) | AN7: =IF(AL7="","Not assessed",IF(AND(Q7="No",AL7="Gap - recommend tailoring"),"INVALID: floor item is not tailorable",IF(OR(X7="",X7=0),"NO NAMED EXECUTOR",IF(AND(N(AD7)>=3,AH7=""),"Operating claimed with no sample",IF(AND(N(AD7)>=3,X7=1),"Operating rests on one individual",IF(AND(N(AD7)>=3,Z7<>"Yes"),"Operating claimed below designed credential",IF(AND(Q7="No",N(AD7)<3),"FLOOR GATE: below Operating",IF(AND(N(AD7)>=3,AH7<>"",AJ7=""),"Sample size with no conforming count","OK")))))))) -> Not assessed
A8: P1-004 | B8: A. CM Floor (44 items) | C8: 3. Change and Variance Management | D8: 3.3(3) | E8: Support a joint Acquirer/Supplier Configuration Control Board | F8: F04 | G8: 1. Hazard ID & Critical-Item Recognition | H8: B2 | I8: §6.2.2 Risk-acceptance authority | J8: Catastrophic (1) | K8: Judgment | L8: Tier 3 | M8: 2E | N8: B.S.E. | O8: 2A | P8: CM floor. Obligated through the SMS pathway regardless of flow-down. | Q8: No | AA8: =IF(X8="","",IF(X8=0,"Unassigned",IF(X8=1,"Single point",IF(Z8="Yes","Staffed and credentialed","Staffed, credential gap")))) | AB8: =IFERROR(INDEX(Lists!$H$3:$H$6,MATCH(AA8,Lists!$G$3:$G$6,0)),"") | AD8: =IFERROR(INDEX(Lists!$B$3:$B$7,MATCH(AC8,Lists!$A$3:$A$7,0)),"") | AK8: =IF(OR(AH8="",AH8=0),"",AJ8/AH8) | AN8: =IF(AL8="","Not assessed",IF(AND(Q8="No",AL8="Gap - recommend tailoring"),"INVALID: floor item is not tailorable",IF(OR(X8="",X8=0),"NO NAMED EXECUTOR",IF(AND(N(AD8)>=3,AH8=""),"Operating claimed with no sample",IF(AND(N(AD8)>=3,X8=1),"Operating rests on one individual",IF(AND(N(AD8)>=3,Z8<>"Yes"),"Operating claimed below designed credential",IF(AND(Q8="No",N(AD8)<3),"FLOOR GATE: below Operating",IF(AND(N(AD8)>=3,AH8<>"",AJ8=""),"Sample size with no conforming count","OK")))))))) -> Not assessed
A9: P1-005 | B9: A. CM Floor (44 items) | C9: 3. Change and Variance Management | D9: 3.3.1.8.1(1) | E9: Obtain Acquirer concurrence on Minor (Class II) classification | F9: F05 | G9: 1. Hazard ID & Critical-Item Recognition | H9: B2 | I9: §6.2.2 Risk-acceptance authority | J9: Catastrophic (1) | K9: Judgment | L9: Tier 3 | M9: 2E | N9: B.S.E. | O9: 2A | P9: CM floor. Obligated through the SMS pathway regardless of flow-down. | Q9: No | AA9: =IF(X9="","",IF(X9=0,"Unassigned",IF(X9=1,"Single point",IF(Z9="Yes","Staffed and credentialed","Staffed, credential gap")))) | AB9: =IFERROR(INDEX(Lists!$H$3:$H$6,MATCH(AA9,Lists!$G$3:$G$6,0)),"") | AD9: =IFERROR(INDEX(Lists!$B$3:$B$7,MATCH(AC9,Lists!$A$3:$A$7,0)),"") | AK9: =IF(OR(AH9="",AH9=0),"",AJ9/AH9) | AN9: =IF(AL9="","Not assessed",IF(AND(Q9="No",AL9="Gap - recommend tailoring"),"INVALID: floor item is not tailorable",IF(OR(X9="",X9=0),"NO NAMED EXECUTOR",IF(AND(N(AD9)>=3,AH9=""),"Operating claimed with no sample",IF(AND(N(AD9)>=3,X9=1),"Operating rests on one individual",IF(AND(N(AD9)>=3,Z9<>"Yes"),"Operating claimed below designed credential",IF(AND(Q9="No",N(AD9)<3),"FLOOR GATE: below Operating",IF(AND(N(AD9)>=3,AH9<>"",AJ9=""),"Sample size with no conforming count","OK")))))))) -> Not assessed
A10: P1-006 | B10: A. CM Floor (44 items) | C10: 3. Change and Variance Management | D10: 3.3(1) | E10: Apply configuration control to each CI, its components, and its documentation | F10: F06 | G10: 2. Change Discipline & Impact Assessment | H10: B3 | I10: §6.2.1 Work not per approved data | J10: Catastrophic (1) | K10: Clean | L10: Tier 3 | M10: 2E | N10: B.S.E. | O10: 2I | P10: CM floor. Obligated through the SMS pathway regardless of flow-down. | Q10: No | AA10: =IF(X10="","",IF(X10=0,"Unassigned",IF(X10=1,"Single point",IF(Z10="Yes","Staffed and credentialed","Staffed, credential gap")))) | AB10: =IFERROR(INDEX(Lists!$H$3:$H$6,MATCH(AA10,Lists!$G$3:$G$6,0)),"") | AD10: =IFERROR(INDEX(Lists!$B$3:$B$7,MATCH(AC10,Lists!$A$3:$A$7,0)),"") | AK10: =IF(OR(AH10="",AH10=0),"",AJ10/AH10) | AN10: =IF(AL10="","Not assessed",IF(AND(Q10="No",AL10="Gap - recommend tailoring"),"INVALID: floor item is not tailorable",IF(OR(X10="",X10=0),"NO NAMED EXECUTOR",IF(AND(N(AD10)>=3,AH10=""),"Operating claimed with no sample",IF(AND(N(AD10)>=3,X10=1),"Operating rests on one individual",IF(AND(N(AD10)>=3,Z10<>"Yes"),"Operating claimed below designed credential",IF(AND(Q10="No",N(AD10)<3),"FLOOR GATE: below Operating",IF(AND(N(AD10)>=3,AH10<>"",AJ10=""),"Sample size with no conforming count","OK")))))))) -> Not assessed
A11: P1-007 | B11: A. CM Floor (44 items) | C11: 3. Change and Variance Management | D11: 3.3(2)(c) | E11: Document, evaluate, disposition, record in CSA, and report changes and variances | F11: F07 | G11: 2. Change Discipline & Impact Assessment | H11: B3 | I11: §6.2.1 Work not per approved data | J11: Catastrophic (1) | K11: Clean | L11: Tier 3 | M11: 2E | N11: B.S.E. | O11: 2I; 2D | P11: CM floor. Obligated through the SMS pathway regardless of flow-down. | Q11: No | AA11: =IF(X11="","",IF(X11=0,"Unassigned",IF(X11=1,"Single point",IF(Z11="Yes","Staffed and credentialed","Staffed, credential gap")))) | AB11: =IFERROR(INDEX(Lists!$H$3:$H$6,MATCH(AA11,Lists!$G$3:$G$6,0)),"") | AD11: =IFERROR(INDEX(Lists!$B$3:$B$7,MATCH(AC11,Lists!$A$3:$A$7,0)),"") | AK11: =IF(OR(AH11="",AH11=0),"",AJ11/AH11) | AN11: =IF(AL11="","Not assessed",IF(AND(Q11="No",AL11="Gap - recommend tailoring"),"INVALID: floor item is not tailorable",IF(OR(X11="",X11=0),"NO NAMED EXECUTOR",IF(AND(N(AD11)>=3,AH11=""),"Operating claimed with no sample",IF(AND(N(AD11)>=3,X11=1),"Operating rests on one individual",IF(AND(N(AD11)>=3,Z11<>"Yes"),"Operating claimed below designed credential",IF(AND(Q11="No",N(AD11)<3),"FLOOR GATE: below Operating",IF(AND(N(AD11)>=3,AH11<>"",AJ11=""),"Sample size with no conforming count","OK")))))))) -> Not assessed
A12: P1-008 | B12: A. CM Floor (44 items) | C12: 3. Change and Variance Management | D12: 3.3(2)(e) | E12: Incorporate approved changes into all product configuration information and implement them | F12: F08 | G12: 2. Change Discipline & Impact Assessment | H12: B3 | I12: §6.2.1 Work not per approved data | J12: Catastrophic (1) | K12: Clean | L12: Tier 2 | M12: 2I | N12: B.S.E.T. | O12: 2E | P12: CM floor. Obligated through the SMS pathway regardless of flow-down. | Q12: No | AA12: =IF(X12="","",IF(X12=0,"Unassigned",IF(X12=1,"Single point",IF(Z12="Yes","Staffed and credentialed","Staffed, credential gap")))) | AB12: =IFERROR(INDEX(Lists!$H$3:$H$6,MATCH(AA12,Lists!$G$3:$G$6,0)),"") | AD12: =IFERROR(INDEX(Lists!$B$3:$B$7,MATCH(AC12,Lists!$A$3:$A$7,0)),"") | AK12: =IF(OR(AH12="",AH12=0),"",AJ12/AH12) | AN12: =IF(AL12="","Not assessed",IF(AND(Q12="No",AL12="Gap - recommend tailoring"),"INVALID: floor item is not tailorable",IF(OR(X12="",X12=0),"NO NAMED EXECUTOR",IF(AND(N(AD12)>=3,AH12=""),"Operating claimed with no sample",IF(AND(N(AD12)>=3,X12=1),"Operating rests on one individual",IF(AND(N(AD12)>=3,Z12<>"Yes"),"Operating claimed below designed credential",IF(AND(Q12="No",N(AD12)<3),"FLOOR GATE: below Operating",IF(AND(N(AD12)>=3,AH12<>"",AJ12=""),"Sample size with no conforming count","OK")))))))) -> Not assessed
A13: P1-009 | B13: A. CM Floor (44 items) | C13: 3. Change and Variance Management | D13: 3.3(2)(f) | E13: Verify approved changes were incorporated | F13: F09 | G13: 2. Change Discipline & Impact Assessment | H13: B3 | I13: §6.2.1 Work not per approved data | J13: Catastrophic (1) | K13: Clean | L13: Tier 2 | M13: 2I | N13: B.S.E.T. | O13: 2E | P13: CM floor. Obligated through the SMS pathway regardless of flow-down. | Q13: No | AA13: =IF(X13="","",IF(X13=0,"Unassigned",IF(X13=1,"Single point",IF(Z13="Yes","Staffed and credentialed","Staffed, credential gap")))) | AB13: =IFERROR(INDEX(Lists!$H$3:$H$6,MATCH(AA13,Lists!$G$3:$G$6,0)),"") | AD13: =IFERROR(INDEX(Lists!$B$3:$B$7,MATCH(AC13,Lists!$A$3:$A$7,0)),"") | AK13: =IF(OR(AH13="",AH13=0),"",AJ13/AH13) | AN13: =IF(AL13="","Not assessed",IF(AND(Q13="No",AL13="Gap - recommend tailoring"),"INVALID: floor item is not tailorable",IF(OR(X13="",X13=0),"NO NAMED EXECUTOR",IF(AND(N(AD13)>=3,AH13=""),"Operating claimed with no sample",IF(AND(N(AD13)>=3,X13=1),"Operating rests on one individual",IF(AND(N(AD13)>=3,Z13<>"Yes"),"Operating claimed below designed credential",IF(AND(Q13="No",N(AD13)<3),"FLOOR GATE: below Operating",IF(AND(N(AD13)>=3,AH13<>"",AJ13=""),"Sample size with no conforming count","OK")))))))) -> Not assessed
A14: P1-010 | B14: A. CM Floor (44 items) | C14: 3. Change and Variance Management | D14: 3.3.1(1) | E14: Use an ECP to document baseline changes and submit to the change approval authority | F14: F10 | G14: 2. Change Discipline & Impact Assessment | H14: B2, B3 | I14: §6.2.1 Work not per approved data | J14: Catastrophic (1) | K14: Clean | L14: Tier 2 | M14: 2I | N14: B.S.E.T. | O14: 2E | P14: CM floor. Obligated through the SMS pathway regardless of flow-down. | Q14: No | R14: DI-SESS-80639 | AA14: =IF(X14="","",IF(X14=0,"Unassigned",IF(X14=1,"Single point",IF(Z14="Yes","Staffed and credentialed","Staffed, credential gap")))) | AB14: =IFERROR(INDEX(Lists!$H$3:$H$6,MATCH(AA14,Lists!$G$3:$G$6,0)),"") | AD14: =IFERROR(INDEX(Lists!$B$3:$B$7,MATCH(AC14,Lists!$A$3:$A$7,0)),"") | AK14: =IF(OR(AH14="",AH14=0),"",AJ14/AH14) | AN14: =IF(AL14="","Not assessed",IF(AND(Q14="No",AL14="Gap - recommend tailoring"),"INVALID: floor item is not tailorable",IF(OR(X14="",X14=0),"NO NAMED EXECUTOR",IF(AND(N(AD14)>=3,AH14=""),"Operating claimed with no sample",IF(AND(N(AD14)>=3,X14=1),"Operating rests on one individual",IF(AND(N(AD14)>=3,Z14<>"Yes"),"Operating claimed below designed credential",IF(AND(Q14="No",N(AD14)<3),"FLOOR GATE: below Operating",IF(AND(N(AD14)>=3,AH14<>"",AJ14=""),"Sample size with no conforming count","OK")))))))) -> Not assessed
A15: P1-011 | B15: A. CM Floor (44 items) | C15: 3. Change and Variance Management | D15: 3.3.1.1(1)(a) | E15: Define the need for each change | F15: F11 | G15: 2. Change Discipline & Impact Assessment | H15: B3 | I15: §6.2.1 Work not per approved data | J15: Catastrophic (1) | K15: Judgment | L15: Tier 3 | M15: 2E | N15: B.S.E. | O15: 2I | P15: CM floor. Obligated through the SMS pathway regardless of flow-down. | Q15: No | AA15: =IF(X15="","",IF(X15=0,"Unassigned",IF(X15=1,"Single point",IF(Z15="Yes","Staffed and credentialed","Staffed, credential gap")))) | AB15: =IFERROR(INDEX(Lists!$H$3:$H$6,MATCH(AA15,Lists!$G$3:$G$6,0)),"") | AD15: =IFERROR(INDEX(Lists!$B$3:$B$7,MATCH(AC15,Lists!$A$3:$A$7,0)),"") | AK15: =IF(OR(AH15="",AH15=0),"",AJ15/AH15) | AN15: =IF(AL15="","Not assessed",IF(AND(Q15="No",AL15="Gap - recommend tailoring"),"INVALID: floor item is not tailorable",IF(OR(X15="",X15=0),"NO NAMED EXECUTOR",IF(AND(N(AD15)>=3,AH15=""),"Operating claimed with no sample",IF(AND(N(AD15)>=3,X15=1),"Operating rests on one individual",IF(AND(N(AD15)>=3,Z15<>"Yes"),"Operating claimed below designed credential",IF(AND(Q15="No",N(AD15)<3),"FLOOR GATE: below Operating",IF(AND(N(AD15)>=3,AH15<>"",AJ15=""),"Sample size with no conforming count","OK")))))))) -> Not assessed
A16: P1-012 | B16: A. CM Floor (44 items) | C16: 3. Change and Variance Management | D16: 3.3.1.1(1)(e) | E16: Incorporate the approved ECP into the configuration documentation | F16: F12 | G16: 2. Change Discipline & Impact Assessment | H16: B3 | I16: §6.2.1 Work not per approved data | J16: Catastrophic (1) | K16: Clean | L16: Tier 2 | M16: 2I | N16: B.S.E.T. | O16: 2E | P16: CM floor. Obligated through the SMS pathway regardless of flow-down. | Q16: No | AA16: =IF(X16="","",IF(X16=0,"Unassigned",IF(X16=1,"Single point",IF(Z16="Yes","Staffed and credentialed","Staffed, credential gap")))) | AB16: =IFERROR(INDEX(Lists!$H$3:$H$6,MATCH(AA16,Lists!$G$3:$G$6,0)),"") | AD16: =IFERROR(INDEX(Lists!$B$3:$B$7,MATCH(AC16,Lists!$A$3:$A$7,0)),"") | AK16: =IF(OR(AH16="",AH16=0),"",AJ16/AH16) | AN16: =IF(AL16="","Not assessed",IF(AND(Q16="No",AL16="Gap - recommend tailoring"),"INVALID: floor item is not tailorable",IF(OR(X16="",X16=0),"NO NAMED EXECUTOR",IF(AND(N(AD16)>=3,AH16=""),"Operating claimed with no sample",IF(AND(N(AD16)>=3,X16=1),"Operating rests on one individual",IF(AND(N(AD16)>=3,Z16<>"Yes"),"Operating claimed below designed credential",IF(AND(Q16="No",N(AD16)<3),"FLOOR GATE: below Operating",IF(AND(N(AD16)>=3,AH16<>"",AJ16=""),"Sample size with no conforming count","OK")))))))) -> Not assessed
A17: P1-013 | B17: A. CM Floor (44 items) | C17: 3. Change and Variance Management | D17: 3.3.1.1(1)(f) | E17: Implement and update documentation via a documented engineering release system | F17: F13 | G17: 2. Change Discipline & Impact Assessment | H17: B3 | I17: §6.2.1 Work not per approved data | J17: Catastrophic (1) | K17: Clean | L17: Tier 2 | M17: 2I | N17: B.S.E.T. | O17: 2E | P17: CM floor. Obligated through the SMS pathway regardless of flow-down. | Q17: No | R17: DI-SESS-80463 | AA17: =IF(X17="","",IF(X17=0,"Unassigned",IF(X17=1,"Single point",IF(Z17="Yes","Staffed and credentialed","Staffed, credential gap")))) | AB17: =IFERROR(INDEX(Lists!$H$3:$H$6,MATCH(AA17,Lists!$G$3:$G$6,0)),"") | AD17: =IFERROR(INDEX(Lists!$B$3:$B$7,MATCH(AC17,Lists!$A$3:$A$7,0)),"") | AK17: =IF(OR(AH17="",AH17=0),"",AJ17/AH17) | AN17: =IF(AL17="","Not assessed",IF(AND(Q17="No",AL17="Gap - recommend tailoring"),"INVALID: floor item is not tailorable",IF(OR(X17="",X17=0),"NO NAMED EXECUTOR",IF(AND(N(AD17)>=3,AH17=""),"Operating claimed with no sample",IF(AND(N(AD17)>=3,X17=1),"Operating rests on one individual",IF(AND(N(AD17)>=3,Z17<>"Yes"),"Operating claimed below designed credential",IF(AND(Q17="No",N(AD17)<3),"FLOOR GATE: below Operating",IF(AND(N(AD17)>=3,AH17<>"",AJ17=""),"Sample size with no conforming count","OK")))))))) -> Not assessed
A18: P1-014 | B18: A. CM Floor (44 items) | C18: 3. Change and Variance Management | D18: 3.3.1.1(1)(g) | E18: Record all changes in the CSA system | F18: F14 | G18: 2. Change Discipline & Impact Assessment | H18: B3 | I18: §6.2.1 Work not per approved data | J18: Catastrophic (1) | K18: Clean | L18: Tier 1 | M18: 2D | N18: A.A.S. | O18: 2I | P18: CM floor. Obligated through the SMS pathway regardless of flow-down. | Q18: No | R18: DI-SESS-81253 | AA18: =IF(X18="","",IF(X18=0,"Unassigned",IF(X18=1,"Single point",IF(Z18="Yes","Staffed and credentialed","Staffed, credential gap")))) | AB18: =IFERROR(INDEX(Lists!$H$3:$H$6,MATCH(AA18,Lists!$G$3:$G$6,0)),"") | AD18: =IFERROR(INDEX(Lists!$B$3:$B$7,MATCH(AC18,Lists!$A$3:$A$7,0)),"") | AK18: =IF(OR(AH18="",AH18=0),"",AJ18/AH18) | AN18: =IF(AL18="","Not assessed",IF(AND(Q18="No",AL18="Gap - recommend tailoring"),"INVALID: floor item is not tailorable",IF(OR(X18="",X18=0),"NO NAMED EXECUTOR",IF(AND(N(AD18)>=3,AH18=""),"Operating claimed with no sample",IF(AND(N(AD18)>=3,X18=1),"Operating rests on one individual",IF(AND(N(AD18)>=3,Z18<>"Yes"),"Operating claimed below designed credential",IF(AND(Q18="No",N(AD18)<3),"FLOOR GATE: below Operating",IF(AND(N(AD18)>=3,AH18<>"",AJ18=""),"Sample size with no conforming count","OK")))))))) -> Not assessed
A19: P1-015 | B19: A. CM Floor (44 items) | C19: 3. Change and Variance Management | D19: 3.3.1.1(1)(h) | E19: Verify the approved change was implemented correctly | F19: F15 | G19: 2. Change Discipline & Impact Assessment | H19: B3 | I19: §6.2.1 Work not per approved data | J19: Catastrophic (1) | K19: Clean | L19: Tier 3 | M19: 2E | N19: B.S.E. | O19: 2I | P19: CM floor. Obligated through the SMS pathway regardless of flow-down. | Q19: No | AA19: =IF(X19="","",IF(X19=0,"Unassigned",IF(X19=1,"Single point",IF(Z19="Yes","Staffed and credentialed","Staffed, credential gap")))) | AB19: =IFERROR(INDEX(Lists!$H$3:$H$6,MATCH(AA19,Lists!$G$3:$G$6,0)),"") | AD19: =IFERROR(INDEX(Lists!$B$3:$B$7,MATCH(AC19,Lists!$A$3:$A$7,0)),"") | AK19: =IF(OR(AH19="",AH19=0),"",AJ19/AH19) | AN19: =IF(AL19="","Not assessed",IF(AND(Q19="No",AL19="Gap - recommend tailoring"),"INVALID: floor item is not tailorable",IF(OR(X19="",X19=0),"NO NAMED EXECUTOR",IF(AND(N(AD19)>=3,AH19=""),"Operating claimed with no sample",IF(AND(N(AD19)>=3,X19=1),"Operating rests on one individual",IF(AND(N(AD19)>=3,Z19<>"Yes"),"Operating claimed below designed credential",IF(AND(Q19="No",N(AD19)<3),"FLOOR GATE: below Operating",IF(AND(N(AD19)>=3,AH19<>"",AJ19=""),"Sample size with no conforming count","OK")))))))) -> Not assessed
A20: P1-016 | B20: A. CM Floor (44 items) | C20: 3. Change and Variance Management | D20: 3.3.1.4(1) | E20: Support each ECP with data to evaluate the change and its full impacts | F20: F16 | G20: 2. Change Discipline & Impact Assessment | H20: B4 | I20: §6.2.3 Management of change | J20: Catastrophic (1) | K20: Clean | L20: Tier 3 | M20: 2E | N20: B.S.E. | O20: 2I | P20: CM floor. Obligated through the SMS pathway regardless of flow-down. | Q20: No | R20: DI-SESS-80639 | AA20: =IF(X20="","",IF(X20=0,"Unassigned",IF(X20=1,"Single point",IF(Z20="Yes","Staffed and credentialed","Staffed, credential gap")))) | AB20: =IFERROR(INDEX(Lists!$H$3:$H$6,MATCH(AA20,Lists!$G$3:$G$6,0)),"") | AD20: =IFERROR(INDEX(Lists!$B$3:$B$7,MATCH(AC20,Lists!$A$3:$A$7,0)),"") | AK20: =IF(OR(AH20="",AH20=0),"",AJ20/AH20) | AN20: =IF(AL20="","Not assessed",IF(AND(Q20="No",AL20="Gap - recommend tailoring"),"INVALID: floor item is not tailorable",IF(OR(X20="",X20=0),"NO NAMED EXECUTOR",IF(AND(N(AD20)>=3,AH20=""),"Operating claimed with no sample",IF(AND(N(AD20)>=3,X20=1),"Operating rests on one individual",IF(AND(N(AD20)>=3,Z20<>"Yes"),"Operating claimed below designed credential",IF(AND(Q20="No",N(AD20)<3),"FLOOR GATE: below Operating",IF(AND(N(AD20)>=3,AH20<>"",AJ20=""),"Sample size with no conforming count","OK")))))))) -> Not assessed
A21: P1-017 | B21: A. CM Floor (44 items) | C21: 3. Change and Variance Management | D21: 3.3.1.4(3) | E21: Include a summary of testing validating new concepts or technology | F21: F17 | G21: 2. Change Discipline & Impact Assessment | H21: B4 | I21: §6.2.3 Management of change | J21: Catastrophic (1) | K21: Clean | L21: Tier 3 | M21: 2E | N21: B.S.E. | O21: 2I | P21: CM floor. Obligated through the SMS pathway regardless of flow-down. | Q21: No | R21: DI-SESS-80639 | AA21: =IF(X21="","",IF(X21=0,"Unassigned",IF(X21=1,"Single point",IF(Z21="Yes","Staffed and credentialed","Staffed, credential gap")))) | AB21: =IFERROR(INDEX(Lists!$H$3:$H$6,MATCH(AA21,Lists!$G$3:$G$6,0)),"") | AD21: =IFERROR(INDEX(Lists!$B$3:$B$7,MATCH(AC21,Lists!$A$3:$A$7,0)),"") | AK21: =IF(OR(AH21="",AH21=0),"",AJ21/AH21) | AN21: =IF(AL21="","Not assessed",IF(AND(Q21="No",AL21="Gap - recommend tailoring"),"INVALID: floor item is not tailorable",IF(OR(X21="",X21=0),"NO NAMED EXECUTOR",IF(AND(N(AD21)>=3,AH21=""),"Operating claimed with no sample",IF(AND(N(AD21)>=3,X21=1),"Operating rests on one individual",IF(AND(N(AD21)>=3,Z21<>"Yes"),"Operating claimed below designed credential",IF(AND(Q21="No",N(AD21)<3),"FLOOR GATE: below Operating",IF(AND(N(AD21)>=3,AH21<>"",AJ21=""),"Sample size with no conforming count","OK")))))))) -> Not assessed
A22: P1-018 | B22: A. CM Floor (44 items) | C22: 3. Change and Variance Management | D22: 3.3.2(1) | E22: Obtain Acquirer approval for any non-conforming item via a Request for Variance | F22: F18 | G22: 2. Change Discipline & Impact Assessment | H22: B5 | I22: §6.3.3 Continuous improvement | J22: Catastrophic (1) | K22: Clean | L22: Tier 3 | M22: 2E | N22: B.S.E. | O22: 2I; 2A | P22: CM floor. Obligated through the SMS pathway regardless of flow-down. | Q22: No | R22: DI-SESS-80640 | AA22: =IF(X22="","",IF(X22=0,"Unassigned",IF(X22=1,"Single point",IF(Z22="Yes","Staffed and credentialed","Staffed, credential gap")))) | AB22: =IFERROR(INDEX(Lists!$H$3:$H$6,MATCH(AA22,Lists!$G$3:$G$6,0)),"") | AD22: =IFERROR(INDEX(Lists!$B$3:$B$7,MATCH(AC22,Lists!$A$3:$A$7,0)),"") | AK22: =IF(OR(AH22="",AH22=0),"",AJ22/AH22) | AN22: =IF(AL22="","Not assessed",IF(AND(Q22="No",AL22="Gap - recommend tailoring"),"INVALID: floor item is not tailorable",IF(OR(X22="",X22=0),"NO NAMED EXECUTOR",IF(AND(N(AD22)>=3,AH22=""),"Operating claimed with no sample",IF(AND(N(AD22)>=3,X22=1),"Operating rests on one individual",IF(AND(N(AD22)>=3,Z22<>"Yes"),"Operating claimed below designed credential",IF(AND(Q22="No",N(AD22)<3),"FLOOR GATE: below Operating",IF(AND(N(AD22)>=3,AH22<>"",AJ22=""),"Sample size with no conforming count","OK")))))))) -> Not assessed
A23: P1-019 | B23: A. CM Floor (44 items) | C23: 3. Change and Variance Management | D23: 3.3.2(2) | E23: Submit an ECP when a variance is determined permanently acceptable (recurring-to-permanent) | F23: F19 | G23: 2. Change Discipline & Impact Assessment | H23: B5 | I23: §6.3.3 Continuous improvement | J23: Catastrophic (1) | K23: Clean (core) | L23: Tier 3 | M23: 2E | N23: B.S.E. | O23: 2I | P23: CM floor. Obligated through the SMS pathway regardless of flow-down. | Q23: No | R23: DI-SESS-80640 | AA23: =IF(X23="","",IF(X23=0,"Unassigned",IF(X23=1,"Single point",IF(Z23="Yes","Staffed and credentialed","Staffed, credential gap")))) | AB23: =IFERROR(INDEX(Lists!$H$3:$H$6,MATCH(AA23,Lists!$G$3:$G$6,0)),"") | AD23: =IFERROR(INDEX(Lists!$B$3:$B$7,MATCH(AC23,Lists!$A$3:$A$7,0)),"") | AK23: =IF(OR(AH23="",AH23=0),"",AJ23/AH23) | AN23: =IF(AL23="","Not assessed",IF(AND(Q23="No",AL23="Gap - recommend tailoring"),"INVALID: floor item is not tailorable",IF(OR(X23="",X23=0),"NO NAMED EXECUTOR",IF(AND(N(AD23)>=3,AH23=""),"Operating claimed with no sample",IF(AND(N(AD23)>=3,X23=1),"Operating rests on one individual",IF(AND(N(AD23)>=3,Z23<>"Yes"),"Operating claimed below designed credential",IF(AND(Q23="No",N(AD23)<3),"FLOOR GATE: below Operating",IF(AND(N(AD23)>=3,AH23<>"",AJ23=""),"Sample size with no conforming count","OK")))))))) -> Not assessed
A24: P1-020 | B24: A. CM Floor (44 items) | C24: 3. Change and Variance Management | D24: 3.3.1.1(1)(c) | E24: Prepare an ECP, NOR, and supporting technical data for the change | F24: F20 | G24: 2. Change Discipline & Impact Assessment | H24: B6 | I24: §6.2.1 Inaccurate/incomplete data | J24: Severe (2) | K24: Clean | L24: Tier 2 | M24: 2I | N24: B.S.E.T. | O24: 2E | P24: CM floor. Obligated through the SMS pathway regardless of flow-down. | Q24: No | R24: DI-SESS-80639; DI-SESS-80642 | AA24: =IF(X24="","",IF(X24=0,"Unassigned",IF(X24=1,"Single point",IF(Z24="Yes","Staffed and credentialed","Staffed, credential gap")))) | AB24: =IFERROR(INDEX(Lists!$H$3:$H$6,MATCH(AA24,Lists!$G$3:$G$6,0)),"") | AD24: =IFERROR(INDEX(Lists!$B$3:$B$7,MATCH(AC24,Lists!$A$3:$A$7,0)),"") | AK24: =IF(OR(AH24="",AH24=0),"",AJ24/AH24) | AN24: =IF(AL24="","Not assessed",IF(AND(Q24="No",AL24="Gap - recommend tailoring"),"INVALID: floor item is not tailorable",IF(OR(X24="",X24=0),"NO NAMED EXECUTOR",IF(AND(N(AD24)>=3,AH24=""),"Operating claimed with no sample",IF(AND(N(AD24)>=3,X24=1),"Operating rests on one individual",IF(AND(N(AD24)>=3,Z24<>"Yes"),"Operating claimed below designed credential",IF(AND(Q24="No",N(AD24)<3),"FLOOR GATE: below Operating",IF(AND(N(AD24)>=3,AH24<>"",AJ24=""),"Sample size with no conforming count","OK")))))))) -> Not assessed
A25: P1-021 | B25: A. CM Floor (44 items) | C25: 3. Change and Variance Management | D25: 3.3.4(1) | E25: Submit a NOR for each document affected by an ECP | F25: F21 | G25: 2. Change Discipline & Impact Assessment | H25: B6 | I25: §6.2.1 Inaccurate/incomplete data | J25: Severe (2) | K25: Clean | L25: Tier 2 | M25: 2I | N25: B.S.E.T. | O25: 2E | P25: CM floor. Obligated through the SMS pathway regardless of flow-down. | Q25: No | R25: DI-SESS-80642 | AA25: =IF(X25="","",IF(X25=0,"Unassigned",IF(X25=1,"Single point",IF(Z25="Yes","Staffed and credentialed","Staffed, credential gap")))) | AB25: =IFERROR(INDEX(Lists!$H$3:$H$6,MATCH(AA25,Lists!$G$3:$G$6,0)),"") | AD25: =IFERROR(INDEX(Lists!$B$3:$B$7,MATCH(AC25,Lists!$A$3:$A$7,0)),"") | AK25: =IF(OR(AH25="",AH25=0),"",AJ25/AH25) | AN25: =IF(AL25="","Not assessed",IF(AND(Q25="No",AL25="Gap - recommend tailoring"),"INVALID: floor item is not tailorable",IF(OR(X25="",X25=0),"NO NAMED EXECUTOR",IF(AND(N(AD25)>=3,AH25=""),"Operating claimed with no sample",IF(AND(N(AD25)>=3,X25=1),"Operating rests on one individual",IF(AND(N(AD25)>=3,Z25<>"Yes"),"Operating claimed below designed credential",IF(AND(Q25="No",N(AD25)<3),"FLOOR GATE: below Operating",IF(AND(N(AD25)>=3,AH25<>"",AJ25=""),"Sample size with no conforming count","OK")))))))) -> Not assessed
A26: P1-022 | B26: A. CM Floor (44 items) | C26: 3. Change and Variance Management | D26: 3.3.4(2) | E26: Provide all information needed to disposition each NOR | F26: F22 | G26: 2. Change Discipline & Impact Assessment | H26: B6 | I26: §6.2.1 Inaccurate/incomplete data | J26: Severe (2) | K26: Clean | L26: Tier 2 | M26: 2I | N26: B.S.E.T. | O26: 2E | P26: CM floor. Obligated through the SMS pathway regardless of flow-down. | Q26: No | R26: DI-SESS-80642 | AA26: =IF(X26="","",IF(X26=0,"Unassigned",IF(X26=1,"Single point",IF(Z26="Yes","Staffed and credentialed","Staffed, credential gap")))) | AB26: =IFERROR(INDEX(Lists!$H$3:$H$6,MATCH(AA26,Lists!$G$3:$G$6,0)),"") | AD26: =IFERROR(INDEX(Lists!$B$3:$B$7,MATCH(AC26,Lists!$A$3:$A$7,0)),"") | AK26: =IF(OR(AH26="",AH26=0),"",AJ26/AH26) | AN26: =IF(AL26="","Not assessed",IF(AND(Q26="No",AL26="Gap - recommend tailoring"),"INVALID: floor item is not tailorable",IF(OR(X26="",X26=0),"NO NAMED EXECUTOR",IF(AND(N(AD26)>=3,AH26=""),"Operating claimed with no sample",IF(AND(N(AD26)>=3,X26=1),"Operating rests on one individual",IF(AND(N(AD26)>=3,Z26<>"Yes"),"Operating claimed below designed credential",IF(AND(Q26="No",N(AD26)<3),"FLOOR GATE: below Operating",IF(AND(N(AD26)>=3,AH26<>"",AJ26=""),"Sample size with no conforming count","OK")))))))) -> Not assessed
A27: P1-023 | B27: A. CM Floor (44 items) | C27: 3. Change and Variance Management | D27: 3.2.3.3(1) | E27: Create a new revision of approved documentation after change approval, with before/after traceability | F27: F23 | G27: 2. Change Discipline & Impact Assessment | H27: B7 | I27: §6.2.1 Inaccurate/incomplete data | J27: Severe (2) | K27: Clean | L27: Tier 2 | M27: 2I | N27: B.S.E.T. | O27: 2E | P27: CM floor. Obligated through the SMS pathway regardless of flow-down. | Q27: No | AA27: =IF(X27="","",IF(X27=0,"Unassigned",IF(X27=1,"Single point",IF(Z27="Yes","Staffed and credentialed","Staffed, credential gap")))) | AB27: =IFERROR(INDEX(Lists!$H$3:$H$6,MATCH(AA27,Lists!$G$3:$G$6,0)),"") | AD27: =IFERROR(INDEX(Lists!$B$3:$B$7,MATCH(AC27,Lists!$A$3:$A$7,0)),"") | AK27: =IF(OR(AH27="",AH27=0),"",AJ27/AH27) | AN27: =IF(AL27="","Not assessed",IF(AND(Q27="No",AL27="Gap - recommend tailoring"),"INVALID: floor item is not tailorable",IF(OR(X27="",X27=0),"NO NAMED EXECUTOR",IF(AND(N(AD27)>=3,AH27=""),"Operating claimed with no sample",IF(AND(N(AD27)>=3,X27=1),"Operating rests on one individual",IF(AND(N(AD27)>=3,Z27<>"Yes"),"Operating claimed below designed credential",IF(AND(Q27="No",N(AD27)<3),"FLOOR GATE: below Operating",IF(AND(N(AD27)>=3,AH27<>"",AJ27=""),"Sample size with no conforming count","OK")))))))) -> Not assessed
A28: P1-024 | B28: A. CM Floor (44 items) | C28: 4. CSA and Verification | D28: 3.4(1) | E28: Maintain CSA legitimacy by storing valid data | F28: F24 | G28: 3. As-Designed to As-Built Reconciliation | H28: B8 | I28: §6.2.1 Inaccurate manufacturing/maintenance data | J28: Catastrophic (1) | K28: Clean | L28: Tier 2 | M28: 2I | N28: B.S.E.T. | O28: 2D | P28: CM floor. Obligated through the SMS pathway regardless of flow-down. | Q28: No | R28: DI-SESS-81253 | AA28: =IF(X28="","",IF(X28=0,"Unassigned",IF(X28=1,"Single point",IF(Z28="Yes","Staffed and credentialed","Staffed, credential gap")))) | AB28: =IFERROR(INDEX(Lists!$H$3:$H$6,MATCH(AA28,Lists!$G$3:$G$6,0)),"") | AD28: =IFERROR(INDEX(Lists!$B$3:$B$7,MATCH(AC28,Lists!$A$3:$A$7,0)),"") | AK28: =IF(OR(AH28="",AH28=0),"",AJ28/AH28) | AN28: =IF(AL28="","Not assessed",IF(AND(Q28="No",AL28="Gap - recommend tailoring"),"INVALID: floor item is not tailorable",IF(OR(X28="",X28=0),"NO NAMED EXECUTOR",IF(AND(N(AD28)>=3,AH28=""),"Operating claimed with no sample",IF(AND(N(AD28)>=3,X28=1),"Operating rests on one individual",IF(AND(N(AD28)>=3,Z28<>"Yes"),"Operating claimed below designed credential",IF(AND(Q28="No",N(AD28)<3),"FLOOR GATE: below Operating",IF(AND(N(AD28)>=3,AH28<>"",AJ28=""),"Sample size with no conforming count","OK")))))))) -> Not assessed
A29: P1-025 | B29: A. CM Floor (44 items) | C29: 4. CSA and Verification | D29: 3.4.1(2) | E29: Capture, store, and maintain product configuration information | F29: F25 | G29: 3. As-Designed to As-Built Reconciliation | H29: B8 | I29: §6.2.1 Inaccurate manufacturing/maintenance data | J29: Catastrophic (1) | K29: Clean | L29: Tier 2 | M29: 2I | N29: B.S.E.T. | O29: 2D | P29: CM floor. Obligated through the SMS pathway regardless of flow-down. | Q29: No | R29: DI-SESS-81253 | AA29: =IF(X29="","",IF(X29=0,"Unassigned",IF(X29=1,"Single point",IF(Z29="Yes","Staffed and credentialed","Staffed, credential gap")))) | AB29: =IFERROR(INDEX(Lists!$H$3:$H$6,MATCH(AA29,Lists!$G$3:$G$6,0)),"") | AD29: =IFERROR(INDEX(Lists!$B$3:$B$7,MATCH(AC29,Lists!$A$3:$A$7,0)),"") | AK29: =IF(OR(AH29="",AH29=0),"",AJ29/AH29) | AN29: =IF(AL29="","Not assessed",IF(AND(Q29="No",AL29="Gap - recommend tailoring"),"INVALID: floor item is not tailorable",IF(OR(X29="",X29=0),"NO NAMED EXECUTOR",IF(AND(N(AD29)>=3,AH29=""),"Operating claimed with no sample",IF(AND(N(AD29)>=3,X29=1),"Operating rests on one individual",IF(AND(N(AD29)>=3,Z29<>"Yes"),"Operating claimed below designed credential",IF(AND(Q29="No",N(AD29)<3),"FLOOR GATE: below Operating",IF(AND(N(AD29)>=3,AH29<>"",AJ29=""),"Sample size with no conforming count","OK")))))))) -> Not assessed
A30: P1-026 | B30: A. CM Floor (44 items) | C30: 4. CSA and Verification | D30: 3.4.1(3)(a) | E30: Capture and maintain currently approved configuration information by each CI's identification number | F30: F26 | G30: 3. As-Designed to As-Built Reconciliation | H30: B8, B11 | I30: §6.2.1 / §6.3.2 | J30: Catastrophic (1) | K30: Clean | L30: Tier 2 | M30: 2I | N30: B.S.E.T. | O30: 2D | P30: CM floor. Obligated through the SMS pathway regardless of flow-down. | Q30: No | R30: DI-SESS-81253 | AA30: =IF(X30="","",IF(X30=0,"Unassigned",IF(X30=1,"Single point",IF(Z30="Yes","Staffed and credentialed","Staffed, credential gap")))) | AB30: =IFERROR(INDEX(Lists!$H$3:$H$6,MATCH(AA30,Lists!$G$3:$G$6,0)),"") | AD30: =IFERROR(INDEX(Lists!$B$3:$B$7,MATCH(AC30,Lists!$A$3:$A$7,0)),"") | AK30: =IF(OR(AH30="",AH30=0),"",AJ30/AH30) | AN30: =IF(AL30="","Not assessed",IF(AND(Q30="No",AL30="Gap - recommend tailoring"),"INVALID: floor item is not tailorable",IF(OR(X30="",X30=0),"NO NAMED EXECUTOR",IF(AND(N(AD30)>=3,AH30=""),"Operating claimed with no sample",IF(AND(N(AD30)>=3,X30=1),"Operating rests on one individual",IF(AND(N(AD30)>=3,Z30<>"Yes"),"Operating claimed below designed credential",IF(AND(Q30="No",N(AD30)<3),"FLOOR GATE: below Operating",IF(AND(N(AD30)>=3,AH30<>"",AJ30=""),"Sample size with no conforming count","OK")))))))) -> Not assessed
A31: P1-027 | B31: A. CM Floor (44 items) | C31: 4. CSA and Verification | D31: 3.4.1(3)(c) | E31: Store and manage all product configuration information | F31: F27 | G31: 3. As-Designed to As-Built Reconciliation | H31: B8 | I31: §6.2.1 Inaccurate manufacturing/maintenance data | J31: Catastrophic (1) | K31: Judgment | L31: Tier 2 | M31: 2I | N31: B.S.E.T. | O31: 2E | P31: CM floor. Obligated through the SMS pathway regardless of flow-down. | Q31: No | R31: DI-SESS-81253 | AA31: =IF(X31="","",IF(X31=0,"Unassigned",IF(X31=1,"Single point",IF(Z31="Yes","Staffed and credentialed","Staffed, credential gap")))) | AB31: =IFERROR(INDEX(Lists!$H$3:$H$6,MATCH(AA31,Lists!$G$3:$G$6,0)),"") | AD31: =IFERROR(INDEX(Lists!$B$3:$B$7,MATCH(AC31,Lists!$A$3:$A$7,0)),"") | AK31: =IF(OR(AH31="",AH31=0),"",AJ31/AH31) | AN31: =IF(AL31="","Not assessed",IF(AND(Q31="No",AL31="Gap - recommend tailoring"),"INVALID: floor item is not tailorable",IF(OR(X31="",X31=0),"NO NAMED EXECUTOR",IF(AND(N(AD31)>=3,AH31=""),"Operating claimed with no sample",IF(AND(N(AD31)>=3,X31=1),"Operating rests on one individual",IF(AND(N(AD31)>=3,Z31<>"Yes"),"Operating claimed below designed credential",IF(AND(Q31="No",N(AD31)<3),"FLOOR GATE: below Operating",IF(AND(N(AD31)>=3,AH31<>"",AJ31=""),"Sample size with no conforming count","OK")))))))) -> Not assessed
A32: P1-028 | B32: A. CM Floor (44 items) | C32: 4. CSA and Verification | D32: 3.4.1(4)(c) | E32: Secure, safeguard, and retrieve recorded configuration information | F32: F28 | G32: 3. As-Designed to As-Built Reconciliation | H32: B8 | I32: §6.2.1 Inaccurate manufacturing/maintenance data | J32: Catastrophic (1) | K32: Judgment | L32: Tier 2 | M32: 2I | N32: B.S.E.T. | O32: 2D | P32: CM floor. Obligated through the SMS pathway regardless of flow-down. | Q32: No | R32: DI-SESS-81253 | AA32: =IF(X32="","",IF(X32=0,"Unassigned",IF(X32=1,"Single point",IF(Z32="Yes","Staffed and credentialed","Staffed, credential gap")))) | AB32: =IFERROR(INDEX(Lists!$H$3:$H$6,MATCH(AA32,Lists!$G$3:$G$6,0)),"") | AD32: =IFERROR(INDEX(Lists!$B$3:$B$7,MATCH(AC32,Lists!$A$3:$A$7,0)),"") | AK32: =IF(OR(AH32="",AH32=0),"",AJ32/AH32) | AN32: =IF(AL32="","Not assessed",IF(AND(Q32="No",AL32="Gap - recommend tailoring"),"INVALID: floor item is not tailorable",IF(OR(X32="",X32=0),"NO NAMED EXECUTOR",IF(AND(N(AD32)>=3,AH32=""),"Operating claimed with no sample",IF(AND(N(AD32)>=3,X32=1),"Operating rests on one individual",IF(AND(N(AD32)>=3,Z32<>"Yes"),"Operating claimed below designed credential",IF(AND(Q32="No",N(AD32)<3),"FLOOR GATE: below Operating",IF(AND(N(AD32)>=3,AH32<>"",AJ32=""),"Sample size with no conforming count","OK")))))))) -> Not assessed
A33: P1-029 | B33: A. CM Floor (44 items) | C33: 4. CSA and Verification | D33: 3.5.3(1) | E33: Conduct the PCA to verify product configuration documentation is consistent with the validated CI | F33: F29 | G33: 3. As-Designed to As-Built Reconciliation | H33: B9 | I33: §6.2.1 Non-conformance / FOD | J33: Catastrophic (1) | K33: Clean | L33: Tier 3 | M33: 2E | N33: B.S.E. | O33: 2I | P33: CM floor. Obligated through the SMS pathway regardless of flow-down. | Q33: No | R33: DI-SESS-81646; DI-SESS-81022 | AA33: =IF(X33="","",IF(X33=0,"Unassigned",IF(X33=1,"Single point",IF(Z33="Yes","Staffed and credentialed","Staffed, credential gap")))) | AB33: =IFERROR(INDEX(Lists!$H$3:$H$6,MATCH(AA33,Lists!$G$3:$G$6,0)),"") | AD33: =IFERROR(INDEX(Lists!$B$3:$B$7,MATCH(AC33,Lists!$A$3:$A$7,0)),"") | AK33: =IF(OR(AH33="",AH33=0),"",AJ33/AH33) | AN33: =IF(AL33="","Not assessed",IF(AND(Q33="No",AL33="Gap - recommend tailoring"),"INVALID: floor item is not tailorable",IF(OR(X33="",X33=0),"NO NAMED EXECUTOR",IF(AND(N(AD33)>=3,AH33=""),"Operating claimed with no sample",IF(AND(N(AD33)>=3,X33=1),"Operating rests on one individual",IF(AND(N(AD33)>=3,Z33<>"Yes"),"Operating claimed below designed credential",IF(AND(Q33="No",N(AD33)<3),"FLOOR GATE: below Operating",IF(AND(N(AD33)>=3,AH33<>"",AJ33=""),"Sample size with no conforming count","OK")))))))) -> Not assessed
A34: P1-030 | B34: A. CM Floor (44 items) | C34: 4. CSA and Verification | D34: 3.5.3(2) | E34: Confirm the CI against the PPSL and verify proper parts are installed | F34: F30 | G34: 3. As-Designed to As-Built Reconciliation | H34: B9 | I34: §6.2.1 Non-conformance / FOD | J34: Catastrophic (1) | K34: Clean | L34: Tier 3 | M34: 2E | N34: B.S.E. | O34: 2I | P34: CM floor. Obligated through the SMS pathway regardless of flow-down. | Q34: No | AA34: =IF(X34="","",IF(X34=0,"Unassigned",IF(X34=1,"Single point",IF(Z34="Yes","Staffed and credentialed","Staffed, credential gap")))) | AB34: =IFERROR(INDEX(Lists!$H$3:$H$6,MATCH(AA34,Lists!$G$3:$G$6,0)),"") | AD34: =IFERROR(INDEX(Lists!$B$3:$B$7,MATCH(AC34,Lists!$A$3:$A$7,0)),"") | AK34: =IF(OR(AH34="",AH34=0),"",AJ34/AH34) | AN34: =IF(AL34="","Not assessed",IF(AND(Q34="No",AL34="Gap - recommend tailoring"),"INVALID: floor item is not tailorable",IF(OR(X34="",X34=0),"NO NAMED EXECUTOR",IF(AND(N(AD34)>=3,AH34=""),"Operating claimed with no sample",IF(AND(N(AD34)>=3,X34=1),"Operating rests on one individual",IF(AND(N(AD34)>=3,Z34<>"Yes"),"Operating claimed below designed credential",IF(AND(Q34="No",N(AD34)<3),"FLOOR GATE: below Operating",IF(AND(N(AD34)>=3,AH34<>"",AJ34=""),"Sample size with no conforming count","OK")))))))) -> Not assessed
A35: P1-031 | B35: A. CM Floor (44 items) | C35: 4. CSA and Verification | D35: 3.5.3(4) | E35: Document each PCA non-compliance and provide it to the Acquirer | F35: F31 | G35: 3. As-Designed to As-Built Reconciliation | H35: B9 | I35: §6.2.1 Non-conformance / FOD | J35: Catastrophic (1) | K35: Clean | L35: Tier 3 | M35: 2E | N35: B.S.E. | O35: 2I; 2A | P35: CM floor. Obligated through the SMS pathway regardless of flow-down. | Q35: No | R35: DI-SESS-81022 | AA35: =IF(X35="","",IF(X35=0,"Unassigned",IF(X35=1,"Single point",IF(Z35="Yes","Staffed and credentialed","Staffed, credential gap")))) | AB35: =IFERROR(INDEX(Lists!$H$3:$H$6,MATCH(AA35,Lists!$G$3:$G$6,0)),"") | AD35: =IFERROR(INDEX(Lists!$B$3:$B$7,MATCH(AC35,Lists!$A$3:$A$7,0)),"") | AK35: =IF(OR(AH35="",AH35=0),"",AJ35/AH35) | AN35: =IF(AL35="","Not assessed",IF(AND(Q35="No",AL35="Gap - recommend tailoring"),"INVALID: floor item is not tailorable",IF(OR(X35="",X35=0),"NO NAMED EXECUTOR",IF(AND(N(AD35)>=3,AH35=""),"Operating claimed with no sample",IF(AND(N(AD35)>=3,X35=1),"Operating rests on one individual",IF(AND(N(AD35)>=3,Z35<>"Yes"),"Operating claimed below designed credential",IF(AND(Q35="No",N(AD35)<3),"FLOOR GATE: below Operating",IF(AND(N(AD35)>=3,AH35<>"",AJ35=""),"Sample size with no conforming count","OK")))))))) -> Not assessed
A36: P1-032 | B36: A. CM Floor (44 items) | C36: 4. CSA and Verification | D36: 3.4.1(3)(b) | E36: Capture and maintain all historical configuration information with traceability from contract award to present | F36: F32 | G36: 3. As-Designed to As-Built Reconciliation | H36: B10 | I36: §6.3.1 Continued airworthiness data | J36: Catastrophic (1) | K36: Clean | L36: Tier 2 | M36: 2I | N36: B.S.E.T. | O36: 2D | P36: CM floor. Obligated through the SMS pathway regardless of flow-down. | Q36: No | R36: DI-SESS-81253 | AA36: =IF(X36="","",IF(X36=0,"Unassigned",IF(X36=1,"Single point",IF(Z36="Yes","Staffed and credentialed","Staffed, credential gap")))) | AB36: =IFERROR(INDEX(Lists!$H$3:$H$6,MATCH(AA36,Lists!$G$3:$G$6,0)),"") | AD36: =IFERROR(INDEX(Lists!$B$3:$B$7,MATCH(AC36,Lists!$A$3:$A$7,0)),"") | AK36: =IF(OR(AH36="",AH36=0),"",AJ36/AH36) | AN36: =IF(AL36="","Not assessed",IF(AND(Q36="No",AL36="Gap - recommend tailoring"),"INVALID: floor item is not tailorable",IF(OR(X36="",X36=0),"NO NAMED EXECUTOR",IF(AND(N(AD36)>=3,AH36=""),"Operating claimed with no sample",IF(AND(N(AD36)>=3,X36=1),"Operating rests on one individual",IF(AND(N(AD36)>=3,Z36<>"Yes"),"Operating claimed below designed credential",IF(AND(Q36="No",N(AD36)<3),"FLOOR GATE: below Operating",IF(AND(N(AD36)>=3,AH36<>"",AJ36=""),"Sample size with no conforming count","OK")))))))) -> Not assessed
A37: P1-033 | B37: A. CM Floor (44 items) | C37: 4. CSA and Verification | D37: 3.4.1(6) | E37: Document the incorporation of all retrofit changes to units identified for retrofit | F37: F33 | G37: 3. As-Designed to As-Built Reconciliation | H37: B11 | I37: §6.3.2 MoC effectiveness | J37: Catastrophic (1) | K37: Clean | L37: Tier 2 | M37: 2I | N37: B.S.E.T. | O37: 2D | P37: CM floor. Obligated through the SMS pathway regardless of flow-down. | Q37: No | R37: DI-SESS-81245 | AA37: =IF(X37="","",IF(X37=0,"Unassigned",IF(X37=1,"Single point",IF(Z37="Yes","Staffed and credentialed","Staffed, credential gap")))) | AB37: =IFERROR(INDEX(Lists!$H$3:$H$6,MATCH(AA37,Lists!$G$3:$G$6,0)),"") | AD37: =IFERROR(INDEX(Lists!$B$3:$B$7,MATCH(AC37,Lists!$A$3:$A$7,0)),"") | AK37: =IF(OR(AH37="",AH37=0),"",AJ37/AH37) | AN37: =IF(AL37="","Not assessed",IF(AND(Q37="No",AL37="Gap - recommend tailoring"),"INVALID: floor item is not tailorable",IF(OR(X37="",X37=0),"NO NAMED EXECUTOR",IF(AND(N(AD37)>=3,AH37=""),"Operating claimed with no sample",IF(AND(N(AD37)>=3,X37=1),"Operating rests on one individual",IF(AND(N(AD37)>=3,Z37<>"Yes"),"Operating claimed below designed credential",IF(AND(Q37="No",N(AD37)<3),"FLOOR GATE: below Operating",IF(AND(N(AD37)>=3,AH37<>"",AJ37=""),"Sample size with no conforming count","OK")))))))) -> Not assessed
A38: P1-034 | B38: A. CM Floor (44 items) | C38: 4. CSA and Verification | D38: 3.5.3.1(1)(b) | E38: Identify differences between the production CI and the development CI used for FCA | F38: F34 | G38: 3. As-Designed to As-Built Reconciliation | H38: B12 | I38: §6.2.1 Quality escapes | J38: Severe (2) | K38: Clean | L38: Tier 3 | M38: 2E | N38: B.S.E. | O38: 2I | P38: CM floor. Obligated through the SMS pathway regardless of flow-down. | Q38: No | AA38: =IF(X38="","",IF(X38=0,"Unassigned",IF(X38=1,"Single point",IF(Z38="Yes","Staffed and credentialed","Staffed, credential gap")))) | AB38: =IFERROR(INDEX(Lists!$H$3:$H$6,MATCH(AA38,Lists!$G$3:$G$6,0)),"") | AD38: =IFERROR(INDEX(Lists!$B$3:$B$7,MATCH(AC38,Lists!$A$3:$A$7,0)),"") | AK38: =IF(OR(AH38="",AH38=0),"",AJ38/AH38) | AN38: =IF(AL38="","Not assessed",IF(AND(Q38="No",AL38="Gap - recommend tailoring"),"INVALID: floor item is not tailorable",IF(OR(X38="",X38=0),"NO NAMED EXECUTOR",IF(AND(N(AD38)>=3,AH38=""),"Operating claimed with no sample",IF(AND(N(AD38)>=3,X38=1),"Operating rests on one individual",IF(AND(N(AD38)>=3,Z38<>"Yes"),"Operating claimed below designed credential",IF(AND(Q38="No",N(AD38)<3),"FLOOR GATE: below Operating",IF(AND(N(AD38)>=3,AH38<>"",AJ38=""),"Sample size with no conforming count","OK")))))))) -> Not assessed
A39: P1-035 | B39: A. CM Floor (44 items) | C39: 2. Configuration Identification | D39: 3.2.5.1(1) | E39: Identify internal and external interface requirements | F39: F35 | G39: 4. Supply Chain, Interfaces & Verification | H39: B13 | I39: §7.3.2 Interface management | J39: Catastrophic (1) | K39: Clean | L39: Tier 3 | M39: 2E | N39: B.S.E. | O39: 2I | P39: CM floor. Obligated through the SMS pathway regardless of flow-down. | Q39: No | R39: DI-SESS-81248 | AA39: =IF(X39="","",IF(X39=0,"Unassigned",IF(X39=1,"Single point",IF(Z39="Yes","Staffed and credentialed","Staffed, credential gap")))) | AB39: =IFERROR(INDEX(Lists!$H$3:$H$6,MATCH(AA39,Lists!$G$3:$G$6,0)),"") | AD39: =IFERROR(INDEX(Lists!$B$3:$B$7,MATCH(AC39,Lists!$A$3:$A$7,0)),"") | AK39: =IF(OR(AH39="",AH39=0),"",AJ39/AH39) | AN39: =IF(AL39="","Not assessed",IF(AND(Q39="No",AL39="Gap - recommend tailoring"),"INVALID: floor item is not tailorable",IF(OR(X39="",X39=0),"NO NAMED EXECUTOR",IF(AND(N(AD39)>=3,AH39=""),"Operating claimed with no sample",IF(AND(N(AD39)>=3,X39=1),"Operating rests on one individual",IF(AND(N(AD39)>=3,Z39<>"Yes"),"Operating claimed below designed credential",IF(AND(Q39="No",N(AD39)<3),"FLOOR GATE: below Operating",IF(AND(N(AD39)>=3,AH39<>"",AJ39=""),"Sample size with no conforming count","OK")))))))) -> Not assessed
A40: P1-036 | B40: A. CM Floor (44 items) | C40: 2. Configuration Identification | D40: 3.2.5.1(2) | E40: Incorporate interface information into the FCD/ACD/PCD | F40: F36 | G40: 4. Supply Chain, Interfaces & Verification | H40: B13 | I40: §7.3.2 Interface management | J40: Catastrophic (1) | K40: Clean | L40: Tier 2 | M40: 2I | N40: B.S.E.T. | O40: 2E | P40: CM floor. Obligated through the SMS pathway regardless of flow-down. | Q40: No | R40: DI-SESS-81248 | AA40: =IF(X40="","",IF(X40=0,"Unassigned",IF(X40=1,"Single point",IF(Z40="Yes","Staffed and credentialed","Staffed, credential gap")))) | AB40: =IFERROR(INDEX(Lists!$H$3:$H$6,MATCH(AA40,Lists!$G$3:$G$6,0)),"") | AD40: =IFERROR(INDEX(Lists!$B$3:$B$7,MATCH(AC40,Lists!$A$3:$A$7,0)),"") | AK40: =IF(OR(AH40="",AH40=0),"",AJ40/AH40) | AN40: =IF(AL40="","Not assessed",IF(AND(Q40="No",AL40="Gap - recommend tailoring"),"INVALID: floor item is not tailorable",IF(OR(X40="",X40=0),"NO NAMED EXECUTOR",IF(AND(N(AD40)>=3,AH40=""),"Operating claimed with no sample",IF(AND(N(AD40)>=3,X40=1),"Operating rests on one individual",IF(AND(N(AD40)>=3,Z40<>"Yes"),"Operating claimed below designed credential",IF(AND(Q40="No",N(AD40)<3),"FLOOR GATE: below Operating",IF(AND(N(AD40)>=3,AH40<>"",AJ40=""),"Sample size with no conforming count","OK")))))))) -> Not assessed
A41: P1-037 | B41: A. CM Floor (44 items) | C41: 2. Configuration Identification | D41: 3.2.5.1(3) | E41: Maintain configuration control of baselined interface requirements | F41: F37 | G41: 4. Supply Chain, Interfaces & Verification | H41: B13 | I41: §7.3.2 Interface management | J41: Catastrophic (1) | K41: Clean | L41: Tier 3 | M41: 2E | N41: B.S.E. | O41: 2I | P41: CM floor. Obligated through the SMS pathway regardless of flow-down. | Q41: No | R41: DI-SESS-81248 | AA41: =IF(X41="","",IF(X41=0,"Unassigned",IF(X41=1,"Single point",IF(Z41="Yes","Staffed and credentialed","Staffed, credential gap")))) | AB41: =IFERROR(INDEX(Lists!$H$3:$H$6,MATCH(AA41,Lists!$G$3:$G$6,0)),"") | AD41: =IFERROR(INDEX(Lists!$B$3:$B$7,MATCH(AC41,Lists!$A$3:$A$7,0)),"") | AK41: =IF(OR(AH41="",AH41=0),"",AJ41/AH41) | AN41: =IF(AL41="","Not assessed",IF(AND(Q41="No",AL41="Gap - recommend tailoring"),"INVALID: floor item is not tailorable",IF(OR(X41="",X41=0),"NO NAMED EXECUTOR",IF(AND(N(AD41)>=3,AH41=""),"Operating claimed with no sample",IF(AND(N(AD41)>=3,X41=1),"Operating rests on one individual",IF(AND(N(AD41)>=3,Z41<>"Yes"),"Operating claimed below designed credential",IF(AND(Q41="No",N(AD41)<3),"FLOOR GATE: below Operating",IF(AND(N(AD41)>=3,AH41<>"",AJ41=""),"Sample size with no conforming count","OK")))))))) -> Not assessed
A42: P1-038 | B42: A. CM Floor (44 items) | C42: 2. Configuration Identification | D42: 3.2.5.2(1) | E42: Provide a representative to the Acquirer's ICWG where one exists | F42: F38 | G42: 4. Supply Chain, Interfaces & Verification | H42: B13 | I42: §7.3.2 Interface management | J42: Catastrophic (1) | K42: Conditional | L42: Tier 3 | M42: 2E | N42: B.S.E. | O42: 2A | P42: CM floor. Obligated through the SMS pathway regardless of flow-down. | Q42: No | AA42: =IF(X42="","",IF(X42=0,"Unassigned",IF(X42=1,"Single point",IF(Z42="Yes","Staffed and credentialed","Staffed, credential gap")))) | AB42: =IFERROR(INDEX(Lists!$H$3:$H$6,MATCH(AA42,Lists!$G$3:$G$6,0)),"") | AD42: =IFERROR(INDEX(Lists!$B$3:$B$7,MATCH(AC42,Lists!$A$3:$A$7,0)),"") | AK42: =IF(OR(AH42="",AH42=0),"",AJ42/AH42) | AN42: =IF(AL42="","Not assessed",IF(AND(Q42="No",AL42="Gap - recommend tailoring"),"INVALID: floor item is not tailorable",IF(OR(X42="",X42=0),"NO NAMED EXECUTOR",IF(AND(N(AD42)>=3,AH42=""),"Operating claimed with no sample",IF(AND(N(AD42)>=3,X42=1),"Operating rests on one individual",IF(AND(N(AD42)>=3,Z42<>"Yes"),"Operating claimed below designed credential",IF(AND(Q42="No",N(AD42)<3),"FLOOR GATE: below Operating",IF(AND(N(AD42)>=3,AH42<>"",AJ42=""),"Sample size with no conforming count","OK")))))))) -> Not assessed
A43: P1-039 | B43: A. CM Floor (44 items) | C43: 4. CSA and Verification | D43: 3.4.1(3)(j) | E43: Record and report sub-tier supplier data with traceability to the next higher assembly | F43: F39 | G43: 4. Supply Chain, Interfaces & Verification | H43: B14 | I43: §6.2.1 Subcontractor disclosures | J43: Catastrophic (1) | K43: Clean | L43: Tier 2 | M43: 2I | N43: B.S.E.T. | O43: 2D | P43: CM floor. Obligated through the SMS pathway regardless of flow-down. | Q43: No | R43: DI-SESS-81253 | AA43: =IF(X43="","",IF(X43=0,"Unassigned",IF(X43=1,"Single point",IF(Z43="Yes","Staffed and credentialed","Staffed, credential gap")))) | AB43: =IFERROR(INDEX(Lists!$H$3:$H$6,MATCH(AA43,Lists!$G$3:$G$6,0)),"") | AD43: =IFERROR(INDEX(Lists!$B$3:$B$7,MATCH(AC43,Lists!$A$3:$A$7,0)),"") | AK43: =IF(OR(AH43="",AH43=0),"",AJ43/AH43) | AN43: =IF(AL43="","Not assessed",IF(AND(Q43="No",AL43="Gap - recommend tailoring"),"INVALID: floor item is not tailorable",IF(OR(X43="",X43=0),"NO NAMED EXECUTOR",IF(AND(N(AD43)>=3,AH43=""),"Operating claimed with no sample",IF(AND(N(AD43)>=3,X43=1),"Operating rests on one individual",IF(AND(N(AD43)>=3,Z43<>"Yes"),"Operating claimed below designed credential",IF(AND(Q43="No",N(AD43)<3),"FLOOR GATE: below Operating",IF(AND(N(AD43)>=3,AH43<>"",AJ43=""),"Sample size with no conforming count","OK")))))))) -> Not assessed
A44: P1-040 | B44: A. CM Floor (44 items) | C44: 1. Management and Planning | D44: 3.(2) | E44: Require sub-suppliers to comply with or suitably tailor the same CM requirements imposed on the Supplier | F44: F40 | G44: 4. Supply Chain, Interfaces & Verification | H44: B15 | I44: §6.2.1 + §7 Supply-chain | J44: Catastrophic (1) | K44: Clean | L44: Tier 3 | M44: 2E | N44: B.S.E. | O44: 2A | P44: CM floor. Obligated through the SMS pathway regardless of flow-down. | Q44: No | AA44: =IF(X44="","",IF(X44=0,"Unassigned",IF(X44=1,"Single point",IF(Z44="Yes","Staffed and credentialed","Staffed, credential gap")))) | AB44: =IFERROR(INDEX(Lists!$H$3:$H$6,MATCH(AA44,Lists!$G$3:$G$6,0)),"") | AD44: =IFERROR(INDEX(Lists!$B$3:$B$7,MATCH(AC44,Lists!$A$3:$A$7,0)),"") | AK44: =IF(OR(AH44="",AH44=0),"",AJ44/AH44) | AN44: =IF(AL44="","Not assessed",IF(AND(Q44="No",AL44="Gap - recommend tailoring"),"INVALID: floor item is not tailorable",IF(OR(X44="",X44=0),"NO NAMED EXECUTOR",IF(AND(N(AD44)>=3,AH44=""),"Operating claimed with no sample",IF(AND(N(AD44)>=3,X44=1),"Operating rests on one individual",IF(AND(N(AD44)>=3,Z44<>"Yes"),"Operating claimed below designed credential",IF(AND(Q44="No",N(AD44)<3),"FLOOR GATE: below Operating",IF(AND(N(AD44)>=3,AH44<>"",AJ44=""),"Sample size with no conforming count","OK")))))))) -> Not assessed
A45: P1-041 | B45: A. CM Floor (44 items) | C45: 1. Management and Planning | D45: 3.(4) | E45: Support Acquirer audits of Supplier and sub-supplier CM | F45: F41 | G45: 4. Supply Chain, Interfaces & Verification | H45: B15 | I45: §7 Interfaces | J45: Catastrophic (1) | K45: Judgment | L45: Tier 4 | M45: 2A | N45: Advanced / SME | O45: 2E | P45: CM floor. Obligated through the SMS pathway regardless of flow-down. | Q45: No | AA45: =IF(X45="","",IF(X45=0,"Unassigned",IF(X45=1,"Single point",IF(Z45="Yes","Staffed and credentialed","Staffed, credential gap")))) | AB45: =IFERROR(INDEX(Lists!$H$3:$H$6,MATCH(AA45,Lists!$G$3:$G$6,0)),"") | AD45: =IFERROR(INDEX(Lists!$B$3:$B$7,MATCH(AC45,Lists!$A$3:$A$7,0)),"") | AK45: =IF(OR(AH45="",AH45=0),"",AJ45/AH45) | AN45: =IF(AL45="","Not assessed",IF(AND(Q45="No",AL45="Gap - recommend tailoring"),"INVALID: floor item is not tailorable",IF(OR(X45="",X45=0),"NO NAMED EXECUTOR",IF(AND(N(AD45)>=3,AH45=""),"Operating claimed with no sample",IF(AND(N(AD45)>=3,X45=1),"Operating rests on one individual",IF(AND(N(AD45)>=3,Z45<>"Yes"),"Operating claimed below designed credential",IF(AND(Q45="No",N(AD45)<3),"FLOOR GATE: below Operating",IF(AND(N(AD45)>=3,AH45<>"",AJ45=""),"Sample size with no conforming count","OK")))))))) -> Not assessed
A46: P1-042 | B46: A. CM Floor (44 items) | C46: 4. CSA and Verification | D46: 3.5.2(2) | E46: Conduct the FCA to verify the CI meets performance requirements per approved FCD/ACD | F46: F42 | G46: 4. Supply Chain, Interfaces & Verification | H46: B16 | I46: §6.3.1 Validate risk controls | J46: Catastrophic (1) | K46: Clean | L46: Tier 3 | M46: 2E | N46: B.S.E. | O46: 2I | P46: CM floor. Obligated through the SMS pathway regardless of flow-down. | Q46: No | R46: DI-SESS-81646; DI-SESS-81022 | AA46: =IF(X46="","",IF(X46=0,"Unassigned",IF(X46=1,"Single point",IF(Z46="Yes","Staffed and credentialed","Staffed, credential gap")))) | AB46: =IFERROR(INDEX(Lists!$H$3:$H$6,MATCH(AA46,Lists!$G$3:$G$6,0)),"") | AD46: =IFERROR(INDEX(Lists!$B$3:$B$7,MATCH(AC46,Lists!$A$3:$A$7,0)),"") | AK46: =IF(OR(AH46="",AH46=0),"",AJ46/AH46) | AN46: =IF(AL46="","Not assessed",IF(AND(Q46="No",AL46="Gap - recommend tailoring"),"INVALID: floor item is not tailorable",IF(OR(X46="",X46=0),"NO NAMED EXECUTOR",IF(AND(N(AD46)>=3,AH46=""),"Operating claimed with no sample",IF(AND(N(AD46)>=3,X46=1),"Operating rests on one individual",IF(AND(N(AD46)>=3,Z46<>"Yes"),"Operating claimed below designed credential",IF(AND(Q46="No",N(AD46)<3),"FLOOR GATE: below Operating",IF(AND(N(AD46)>=3,AH46<>"",AJ46=""),"Sample size with no conforming count","OK")))))))) -> Not assessed
A47: P1-043 | B47: A. CM Floor (44 items) | C47: 4. CSA and Verification | D47: 3.5.2(3) | E47: Document each FCA non-compliance and provide it to the Acquirer | F47: F43 | G47: 4. Supply Chain, Interfaces & Verification | H47: B16 | I47: §6.3.1 Validate risk controls | J47: Catastrophic (1) | K47: Clean | L47: Tier 3 | M47: 2E | N47: B.S.E. | O47: 2I; 2A | P47: CM floor. Obligated through the SMS pathway regardless of flow-down. | Q47: No | R47: DI-SESS-81022 | AA47: =IF(X47="","",IF(X47=0,"Unassigned",IF(X47=1,"Single point",IF(Z47="Yes","Staffed and credentialed","Staffed, credential gap")))) | AB47: =IFERROR(INDEX(Lists!$H$3:$H$6,MATCH(AA47,Lists!$G$3:$G$6,0)),"") | AD47: =IFERROR(INDEX(Lists!$B$3:$B$7,MATCH(AC47,Lists!$A$3:$A$7,0)),"") | AK47: =IF(OR(AH47="",AH47=0),"",AJ47/AH47) | AN47: =IF(AL47="","Not assessed",IF(AND(Q47="No",AL47="Gap - recommend tailoring"),"INVALID: floor item is not tailorable",IF(OR(X47="",X47=0),"NO NAMED EXECUTOR",IF(AND(N(AD47)>=3,AH47=""),"Operating claimed with no sample",IF(AND(N(AD47)>=3,X47=1),"Operating rests on one individual",IF(AND(N(AD47)>=3,Z47<>"Yes"),"Operating claimed below designed credential",IF(AND(Q47="No",N(AD47)<3),"FLOOR GATE: below Operating",IF(AND(N(AD47)>=3,AH47<>"",AJ47=""),"Sample size with no conforming count","OK")))))))) -> Not assessed
A48: P1-044 | B48: A. CM Floor (44 items) | C48: 4. CSA and Verification | D48: 3.5.2.1(1)(c) | E48: Provide a requirements-to-test traceability matrix (each requirement maps to a test step) | F48: F44 | G48: 4. Supply Chain, Interfaces & Verification | H48: B16 | I48: §6.3.1 Validate risk controls | J48: Catastrophic (1) | K48: Clean | L48: Tier 3 | M48: 2E | N48: B.S.E. | O48: 2I | P48: CM floor. Obligated through the SMS pathway regardless of flow-down. | Q48: No | AA48: =IF(X48="","",IF(X48=0,"Unassigned",IF(X48=1,"Single point",IF(Z48="Yes","Staffed and credentialed","Staffed, credential gap")))) | AB48: =IFERROR(INDEX(Lists!$H$3:$H$6,MATCH(AA48,Lists!$G$3:$G$6,0)),"") | AD48: =IFERROR(INDEX(Lists!$B$3:$B$7,MATCH(AC48,Lists!$A$3:$A$7,0)),"") | AK48: =IF(OR(AH48="",AH48=0),"",AJ48/AH48) | AN48: =IF(AL48="","Not assessed",IF(AND(Q48="No",AL48="Gap - recommend tailoring"),"INVALID: floor item is not tailorable",IF(OR(X48="",X48=0),"NO NAMED EXECUTOR",IF(AND(N(AD48)>=3,AH48=""),"Operating claimed with no sample",IF(AND(N(AD48)>=3,X48=1),"Operating rests on one individual",IF(AND(N(AD48)>=3,Z48<>"Yes"),"Operating claimed below designed credential",IF(AND(Q48="No",N(AD48)<3),"FLOOR GATE: below Operating",IF(AND(N(AD48)>=3,AH48<>"",AJ48=""),"Sample size with no conforming count","OK")))))))) -> Not assessed
A49: P1-045 | B49: B. Section 3 general | C49: 1. Management and Planning | D49: 3.(1) | E49: Comply with the CM requirements of this standard as tailored in the contract | J49: Not floor-anchored | K49: N/A | P49: Applicability anchor. The untailored condition is established or refuted here. | Q49: Yes | AA49: =IF(X49="","",IF(X49=0,"Unassigned",IF(X49=1,"Single point",IF(Z49="Yes","Staffed and credentialed","Staffed, credential gap")))) | AB49: =IFERROR(INDEX(Lists!$H$3:$H$6,MATCH(AA49,Lists!$G$3:$G$6,0)),"") | AD49: =IFERROR(INDEX(Lists!$B$3:$B$7,MATCH(AC49,Lists!$A$3:$A$7,0)),"") | AK49: =IF(OR(AH49="",AH49=0),"",AJ49/AH49) | AN49: =IF(AL49="","Not assessed",IF(AND(Q49="No",AL49="Gap - recommend tailoring"),"INVALID: floor item is not tailorable",IF(OR(X49="",X49=0),"NO NAMED EXECUTOR",IF(AND(N(AD49)>=3,AH49=""),"Operating claimed with no sample",IF(AND(N(AD49)>=3,X49=1),"Operating rests on one individual",IF(AND(N(AD49)>=3,Z49<>"Yes"),"Operating claimed below designed credential",IF(AND(Q49="No",N(AD49)<3),"FLOOR GATE: below Operating",IF(AND(N(AD49)>=3,AH49<>"",AJ49=""),"Sample size with no conforming count","OK")))))))) -> Not assessed
A50: P1-046 | B50: B. Section 3 general | C50: 1. Management and Planning | D50: 3.(3) | E50: Establish and execute a CM process that controls all configuration documentation representing or comprising the configuration item | J50: Not floor-anchored | K50: N/A | P50: Root cause of expected health findings | Q50: Yes | AA50: =IF(X50="","",IF(X50=0,"Unassigned",IF(X50=1,"Single point",IF(Z50="Yes","Staffed and credentialed","Staffed, credential gap")))) | AB50: =IFERROR(INDEX(Lists!$H$3:$H$6,MATCH(AA50,Lists!$G$3:$G$6,0)),"") | AD50: =IFERROR(INDEX(Lists!$B$3:$B$7,MATCH(AC50,Lists!$A$3:$A$7,0)),"") | AK50: =IF(OR(AH50="",AH50=0),"",AJ50/AH50) | AN50: =IF(AL50="","Not assessed",IF(AND(Q50="No",AL50="Gap - recommend tailoring"),"INVALID: floor item is not tailorable",IF(OR(X50="",X50=0),"NO NAMED EXECUTOR",IF(AND(N(AD50)>=3,AH50=""),"Operating claimed with no sample",IF(AND(N(AD50)>=3,X50=1),"Operating rests on one individual",IF(AND(N(AD50)>=3,Z50<>"Yes"),"Operating claimed below designed credential",IF(AND(Q50="No",N(AD50)<3),"FLOOR GATE: below Operating",IF(AND(N(AD50)>=3,AH50<>"",AJ50=""),"Sample size with no conforming count","OK")))))))) -> Not assessed
A51: P1-047 | B51: C. 3.1 Planning and Management | C51: 1. Management and Planning | D51: 3.1(1)(a) | E51: CM planning defines the objectives of the CM program and of each applicable CM element | J51: Not floor-anchored | K51: N/A | P51: Root cause of expected health findings | Q51: Yes | R51: DI-SESS-80858; DI-MISC-80508 | AA51: =IF(X51="","",IF(X51=0,"Unassigned",IF(X51=1,"Single point",IF(Z51="Yes","Staffed and credentialed","Staffed, credential gap")))) | AB51: =IFERROR(INDEX(Lists!$H$3:$H$6,MATCH(AA51,Lists!$G$3:$G$6,0)),"") | AD51: =IFERROR(INDEX(Lists!$B$3:$B$7,MATCH(AC51,Lists!$A$3:$A$7,0)),"") | AK51: =IF(OR(AH51="",AH51=0),"",AJ51/AH51) | AN51: =IF(AL51="","Not assessed",IF(AND(Q51="No",AL51="Gap - recommend tailoring"),"INVALID: floor item is not tailorable",IF(OR(X51="",X51=0),"NO NAMED EXECUTOR",IF(AND(N(AD51)>=3,AH51=""),"Operating claimed with no sample",IF(AND(N(AD51)>=3,X51=1),"Operating rests on one individual",IF(AND(N(AD51)>=3,Z51<>"Yes"),"Operating claimed below designed credential",IF(AND(Q51="No",N(AD51)<3),"FLOOR GATE: below Operating",IF(AND(N(AD51)>=3,AH51<>"",AJ51=""),"Sample size with no conforming count","OK")))))))) -> Not assessed
A52: P1-048 | B52: C. 3.1 Planning and Management | C52: 1. Management and Planning | D52: 3.1(1)(b) | E52: CM planning defines the appropriate level of CM activity for each CM function across the product life cycle | J52: Not floor-anchored | K52: N/A | P52: Root cause of expected health findings | Q52: Yes | R52: DI-SESS-80858; DI-MISC-80508 | AA52: =IF(X52="","",IF(X52=0,"Unassigned",IF(X52=1,"Single point",IF(Z52="Yes","Staffed and credentialed","Staffed, credential gap")))) | AB52: =IFERROR(INDEX(Lists!$H$3:$H$6,MATCH(AA52,Lists!$G$3:$G$6,0)),"") | AD52: =IFERROR(INDEX(Lists!$B$3:$B$7,MATCH(AC52,Lists!$A$3:$A$7,0)),"") | AK52: =IF(OR(AH52="",AH52=0),"",AJ52/AH52) | AN52: =IF(AL52="","Not assessed",IF(AND(Q52="No",AL52="Gap - recommend tailoring"),"INVALID: floor item is not tailorable",IF(OR(X52="",X52=0),"NO NAMED EXECUTOR",IF(AND(N(AD52)>=3,AH52=""),"Operating claimed with no sample",IF(AND(N(AD52)>=3,X52=1),"Operating rests on one individual",IF(AND(N(AD52)>=3,Z52<>"Yes"),"Operating claimed below designed credential",IF(AND(Q52="No",N(AD52)<3),"FLOOR GATE: below Operating",IF(AND(N(AD52)>=3,AH52<>"",AJ52=""),"Sample size with no conforming count","OK")))))))) -> Not assessed
A53: P1-049 | B53: C. 3.1 Planning and Management | C53: 1. Management and Planning | D53: 3.1(1)(c) | E53: CM planning defines the CM organization and its organizational relationships | J53: Not floor-anchored | K53: N/A | P53: Root cause of expected health findings | Q53: Yes | R53: DI-SESS-80858; DI-MISC-80508 | AA53: =IF(X53="","",IF(X53=0,"Unassigned",IF(X53=1,"Single point",IF(Z53="Yes","Staffed and credentialed","Staffed, credential gap")))) | AB53: =IFERROR(INDEX(Lists!$H$3:$H$6,MATCH(AA53,Lists!$G$3:$G$6,0)),"") | AD53: =IFERROR(INDEX(Lists!$B$3:$B$7,MATCH(AC53,Lists!$A$3:$A$7,0)),"") | AK53: =IF(OR(AH53="",AH53=0),"",AJ53/AH53) | AN53: =IF(AL53="","Not assessed",IF(AND(Q53="No",AL53="Gap - recommend tailoring"),"INVALID: floor item is not tailorable",IF(OR(X53="",X53=0),"NO NAMED EXECUTOR",IF(AND(N(AD53)>=3,AH53=""),"Operating claimed with no sample",IF(AND(N(AD53)>=3,X53=1),"Operating rests on one individual",IF(AND(N(AD53)>=3,Z53<>"Yes"),"Operating claimed below designed credential",IF(AND(Q53="No",N(AD53)<3),"FLOOR GATE: below Operating",IF(AND(N(AD53)>=3,AH53<>"",AJ53=""),"Sample size with no conforming count","OK")))))))) -> Not assessed
A54: P1-050 | B54: C. 3.1 Planning and Management | C54: 1. Management and Planning | D54: 3.1(1)(d) | E54: CM planning defines the responsibilities and authority of CM professionals | J54: Not floor-anchored | K54: N/A | P54: Root cause of expected health findings | Q54: Yes | R54: DI-SESS-80858; DI-MISC-80508 | AA54: =IF(X54="","",IF(X54=0,"Unassigned",IF(X54=1,"Single point",IF(Z54="Yes","Staffed and credentialed","Staffed, credential gap")))) | AB54: =IFERROR(INDEX(Lists!$H$3:$H$6,MATCH(AA54,Lists!$G$3:$G$6,0)),"") | AD54: =IFERROR(INDEX(Lists!$B$3:$B$7,MATCH(AC54,Lists!$A$3:$A$7,0)),"") | AK54: =IF(OR(AH54="",AH54=0),"",AJ54/AH54) | AN54: =IF(AL54="","Not assessed",IF(AND(Q54="No",AL54="Gap - recommend tailoring"),"INVALID: floor item is not tailorable",IF(OR(X54="",X54=0),"NO NAMED EXECUTOR",IF(AND(N(AD54)>=3,AH54=""),"Operating claimed with no sample",IF(AND(N(AD54)>=3,X54=1),"Operating rests on one individual",IF(AND(N(AD54)>=3,Z54<>"Yes"),"Operating claimed below designed credential",IF(AND(Q54="No",N(AD54)<3),"FLOOR GATE: below Operating",IF(AND(N(AD54)>=3,AH54<>"",AJ54=""),"Sample size with no conforming count","OK")))))))) -> Not assessed
A55: P1-051 | B55: C. 3.1 Planning and Management | C55: 1. Management and Planning | D55: 3.1(1)(e) | E55: CM planning defines the CM resources to be used, specifically tools, techniques, training, and methodologies | J55: Not floor-anchored | K55: N/A | P55: Root cause. This clause is the TDR's own analysis axis. | Q55: Yes | R55: DI-SESS-80858; DI-MISC-80508 | AA55: =IF(X55="","",IF(X55=0,"Unassigned",IF(X55=1,"Single point",IF(Z55="Yes","Staffed and credentialed","Staffed, credential gap")))) | AB55: =IFERROR(INDEX(Lists!$H$3:$H$6,MATCH(AA55,Lists!$G$3:$G$6,0)),"") | AD55: =IFERROR(INDEX(Lists!$B$3:$B$7,MATCH(AC55,Lists!$A$3:$A$7,0)),"") | AK55: =IF(OR(AH55="",AH55=0),"",AJ55/AH55) | AN55: =IF(AL55="","Not assessed",IF(AND(Q55="No",AL55="Gap - recommend tailoring"),"INVALID: floor item is not tailorable",IF(OR(X55="",X55=0),"NO NAMED EXECUTOR",IF(AND(N(AD55)>=3,AH55=""),"Operating claimed with no sample",IF(AND(N(AD55)>=3,X55=1),"Operating rests on one individual",IF(AND(N(AD55)>=3,Z55<>"Yes"),"Operating claimed below designed credential",IF(AND(Q55="No",N(AD55)<3),"FLOOR GATE: below Operating",IF(AND(N(AD55)>=3,AH55<>"",AJ55=""),"Sample size with no conforming count","OK")))))))) -> Not assessed
A56: P1-052 | B56: C. 3.1 Planning and Management | C56: 1. Management and Planning | D56: 3.1(1)(f) | E56: CM planning defines coordination activities with internal and external agencies | J56: Not floor-anchored | K56: N/A | P56: Root cause of expected health findings | Q56: Yes | R56: DI-SESS-80858; DI-MISC-80508 | AA56: =IF(X56="","",IF(X56=0,"Unassigned",IF(X56=1,"Single point",IF(Z56="Yes","Staffed and credentialed","Staffed, credential gap")))) | AB56: =IFERROR(INDEX(Lists!$H$3:$H$6,MATCH(AA56,Lists!$G$3:$G$6,0)),"") | AD56: =IFERROR(INDEX(Lists!$B$3:$B$7,MATCH(AC56,Lists!$A$3:$A$7,0)),"") | AK56: =IF(OR(AH56="",AH56=0),"",AJ56/AH56) | AN56: =IF(AL56="","Not assessed",IF(AND(Q56="No",AL56="Gap - recommend tailoring"),"INVALID: floor item is not tailorable",IF(OR(X56="",X56=0),"NO NAMED EXECUTOR",IF(AND(N(AD56)>=3,AH56=""),"Operating claimed with no sample",IF(AND(N(AD56)>=3,X56=1),"Operating rests on one individual",IF(AND(N(AD56)>=3,Z56<>"Yes"),"Operating claimed below designed credential",IF(AND(Q56="No",N(AD56)<3),"FLOOR GATE: below Operating",IF(AND(N(AD56)>=3,AH56<>"",AJ56=""),"Sample size with no conforming count","OK")))))))) -> Not assessed
A57: P1-053 | B57: C. 3.1 Planning and Management | C57: 1. Management and Planning | D57: 3.1(1)(g) | E57: CM planning defines the functions, responsibility, and authority of CCBs | J57: Not floor-anchored | K57: N/A | P57: Upstream enabler of F02 to F05 and F10 | Q57: Yes | R57: DI-SESS-80858; DI-MISC-80508 | AA57: =IF(X57="","",IF(X57=0,"Unassigned",IF(X57=1,"Single point",IF(Z57="Yes","Staffed and credentialed","Staffed, credential gap")))) | AB57: =IFERROR(INDEX(Lists!$H$3:$H$6,MATCH(AA57,Lists!$G$3:$G$6,0)),"") | AD57: =IFERROR(INDEX(Lists!$B$3:$B$7,MATCH(AC57,Lists!$A$3:$A$7,0)),"") | AK57: =IF(OR(AH57="",AH57=0),"",AJ57/AH57) | AN57: =IF(AL57="","Not assessed",IF(AND(Q57="No",AL57="Gap - recommend tailoring"),"INVALID: floor item is not tailorable",IF(OR(X57="",X57=0),"NO NAMED EXECUTOR",IF(AND(N(AD57)>=3,AH57=""),"Operating claimed with no sample",IF(AND(N(AD57)>=3,X57=1),"Operating rests on one individual",IF(AND(N(AD57)>=3,Z57<>"Yes"),"Operating claimed below designed credential",IF(AND(Q57="No",N(AD57)<3),"FLOOR GATE: below Operating",IF(AND(N(AD57)>=3,AH57<>"",AJ57=""),"Sample size with no conforming count","OK")))))))) -> Not assessed
A58: P1-054 | B58: C. 3.1 Planning and Management | C58: 1. Management and Planning | D58: 3.1(1)(h) | E58: CM planning defines a release process for product configuration documentation | J58: Not floor-anchored | K58: N/A | P58: Upstream enabler of F13 | Q58: Yes | R58: DI-SESS-80858; DI-MISC-80508 | AA58: =IF(X58="","",IF(X58=0,"Unassigned",IF(X58=1,"Single point",IF(Z58="Yes","Staffed and credentialed","Staffed, credential gap")))) | AB58: =IFERROR(INDEX(Lists!$H$3:$H$6,MATCH(AA58,Lists!$G$3:$G$6,0)),"") | AD58: =IFERROR(INDEX(Lists!$B$3:$B$7,MATCH(AC58,Lists!$A$3:$A$7,0)),"") | AK58: =IF(OR(AH58="",AH58=0),"",AJ58/AH58) | AN58: =IF(AL58="","Not assessed",IF(AND(Q58="No",AL58="Gap - recommend tailoring"),"INVALID: floor item is not tailorable",IF(OR(X58="",X58=0),"NO NAMED EXECUTOR",IF(AND(N(AD58)>=3,AH58=""),"Operating claimed with no sample",IF(AND(N(AD58)>=3,X58=1),"Operating rests on one individual",IF(AND(N(AD58)>=3,Z58<>"Yes"),"Operating claimed below designed credential",IF(AND(Q58="No",N(AD58)<3),"FLOOR GATE: below Operating",IF(AND(N(AD58)>=3,AH58<>"",AJ58=""),"Sample size with no conforming count","OK")))))))) -> Not assessed
A59: P1-055 | B59: C. 3.1 Planning and Management | C59: 1. Management and Planning | D59: 3.1(1)(i) | E59: CM planning defines methods for determining sub-supplier CM process effectiveness and the actions taken when those processes are ineffective | J59: Not floor-anchored | K59: N/A | P59: Upstream enabler of F39 to F41 | Q59: Yes | R59: DI-SESS-80858; DI-MISC-80508 | AA59: =IF(X59="","",IF(X59=0,"Unassigned",IF(X59=1,"Single point",IF(Z59="Yes","Staffed and credentialed","Staffed, credential gap")))) | AB59: =IFERROR(INDEX(Lists!$H$3:$H$6,MATCH(AA59,Lists!$G$3:$G$6,0)),"") | AD59: =IFERROR(INDEX(Lists!$B$3:$B$7,MATCH(AC59,Lists!$A$3:$A$7,0)),"") | AK59: =IF(OR(AH59="",AH59=0),"",AJ59/AH59) | AN59: =IF(AL59="","Not assessed",IF(AND(Q59="No",AL59="Gap - recommend tailoring"),"INVALID: floor item is not tailorable",IF(OR(X59="",X59=0),"NO NAMED EXECUTOR",IF(AND(N(AD59)>=3,AH59=""),"Operating claimed with no sample",IF(AND(N(AD59)>=3,X59=1),"Operating rests on one individual",IF(AND(N(AD59)>=3,Z59<>"Yes"),"Operating claimed below designed credential",IF(AND(Q59="No",N(AD59)<3),"FLOOR GATE: below Operating",IF(AND(N(AD59)>=3,AH59<>"",AJ59=""),"Sample size with no conforming count","OK")))))))) -> Not assessed
A60: P1-056 | B60: C. 3.1 Planning and Management | C60: 1. Management and Planning | D60: 3.1(1)(j) | E60: CM planning defines CSA activities for creating, editing, reviewing, approving, releasing, publishing, and distributing configuration and change documentation | J60: Not floor-anchored | K60: N/A | P60: Upstream enabler of F24 to F28 | Q60: Yes | R60: DI-SESS-80858; DI-MISC-80508 | AA60: =IF(X60="","",IF(X60=0,"Unassigned",IF(X60=1,"Single point",IF(Z60="Yes","Staffed and credentialed","Staffed, credential gap")))) | AB60: =IFERROR(INDEX(Lists!$H$3:$H$6,MATCH(AA60,Lists!$G$3:$G$6,0)),"") | AD60: =IFERROR(INDEX(Lists!$B$3:$B$7,MATCH(AC60,Lists!$A$3:$A$7,0)),"") | AK60: =IF(OR(AH60="",AH60=0),"",AJ60/AH60) | AN60: =IF(AL60="","Not assessed",IF(AND(Q60="No",AL60="Gap - recommend tailoring"),"INVALID: floor item is not tailorable",IF(OR(X60="",X60=0),"NO NAMED EXECUTOR",IF(AND(N(AD60)>=3,AH60=""),"Operating claimed with no sample",IF(AND(N(AD60)>=3,X60=1),"Operating rests on one individual",IF(AND(N(AD60)>=3,Z60<>"Yes"),"Operating claimed below designed credential",IF(AND(Q60="No",N(AD60)<3),"FLOOR GATE: below Operating",IF(AND(N(AD60)>=3,AH60<>"",AJ60=""),"Sample size with no conforming count","OK")))))))) -> Not assessed
A61: P1-057 | B61: C. 3.1 Planning and Management | C61: 1. Management and Planning | D61: 3.1(1)(k) | E61: CM planning defines the identification and labeling structure for configuration items | J61: Not floor-anchored | K61: N/A | P61: Upstream enabler of F01 and F26 | Q61: Yes | R61: DI-SESS-80858; DI-MISC-80508 | AA61: =IF(X61="","",IF(X61=0,"Unassigned",IF(X61=1,"Single point",IF(Z61="Yes","Staffed and credentialed","Staffed, credential gap")))) | AB61: =IFERROR(INDEX(Lists!$H$3:$H$6,MATCH(AA61,Lists!$G$3:$G$6,0)),"") | AD61: =IFERROR(INDEX(Lists!$B$3:$B$7,MATCH(AC61,Lists!$A$3:$A$7,0)),"") | AK61: =IF(OR(AH61="",AH61=0),"",AJ61/AH61) | AN61: =IF(AL61="","Not assessed",IF(AND(Q61="No",AL61="Gap - recommend tailoring"),"INVALID: floor item is not tailorable",IF(OR(X61="",X61=0),"NO NAMED EXECUTOR",IF(AND(N(AD61)>=3,AH61=""),"Operating claimed with no sample",IF(AND(N(AD61)>=3,X61=1),"Operating rests on one individual",IF(AND(N(AD61)>=3,Z61<>"Yes"),"Operating claimed below designed credential",IF(AND(Q61="No",N(AD61)<3),"FLOOR GATE: below Operating",IF(AND(N(AD61)>=3,AH61<>"",AJ61=""),"Sample size with no conforming count","OK")))))))) -> Not assessed
A62: P1-058 | B62: C. 3.1 Planning and Management | C62: 1. Management and Planning | D62: 3.1.1(1) | E62: Include in the CMP a methodology for generating, measuring, and reporting CM performance data | J62: Not floor-anchored | K62: N/A | P62: Root cause. Requires the organization to already know what this TDR will discover. | Q62: Yes | AA62: =IF(X62="","",IF(X62=0,"Unassigned",IF(X62=1,"Single point",IF(Z62="Yes","Staffed and credentialed","Staffed, credential gap")))) | AB62: =IFERROR(INDEX(Lists!$H$3:$H$6,MATCH(AA62,Lists!$G$3:$G$6,0)),"") | AD62: =IFERROR(INDEX(Lists!$B$3:$B$7,MATCH(AC62,Lists!$A$3:$A$7,0)),"") | AK62: =IF(OR(AH62="",AH62=0),"",AJ62/AH62) | AN62: =IF(AL62="","Not assessed",IF(AND(Q62="No",AL62="Gap - recommend tailoring"),"INVALID: floor item is not tailorable",IF(OR(X62="",X62=0),"NO NAMED EXECUTOR",IF(AND(N(AD62)>=3,AH62=""),"Operating claimed with no sample",IF(AND(N(AD62)>=3,X62=1),"Operating rests on one individual",IF(AND(N(AD62)>=3,Z62<>"Yes"),"Operating claimed below designed credential",IF(AND(Q62="No",N(AD62)<3),"FLOOR GATE: below Operating",IF(AND(N(AD62)>=3,AH62<>"",AJ62=""),"Sample size with no conforming count","OK")))))))) -> Not assessed
A63: P1-059 | B63: C. 3.1 Planning and Management | C63: 1. Management and Planning | D63: 3.1.1(2) | E63: Make CM performance data available to the Acquirer | J63: Not floor-anchored | K63: N/A | P63: Root cause of expected health findings | Q63: Yes | AA63: =IF(X63="","",IF(X63=0,"Unassigned",IF(X63=1,"Single point",IF(Z63="Yes","Staffed and credentialed","Staffed, credential gap")))) | AB63: =IFERROR(INDEX(Lists!$H$3:$H$6,MATCH(AA63,Lists!$G$3:$G$6,0)),"") | AD63: =IFERROR(INDEX(Lists!$B$3:$B$7,MATCH(AC63,Lists!$A$3:$A$7,0)),"") | AK63: =IF(OR(AH63="",AH63=0),"",AJ63/AH63) | AN63: =IF(AL63="","Not assessed",IF(AND(Q63="No",AL63="Gap - recommend tailoring"),"INVALID: floor item is not tailorable",IF(OR(X63="",X63=0),"NO NAMED EXECUTOR",IF(AND(N(AD63)>=3,AH63=""),"Operating claimed with no sample",IF(AND(N(AD63)>=3,X63=1),"Operating rests on one individual",IF(AND(N(AD63)>=3,Z63<>"Yes"),"Operating claimed below designed credential",IF(AND(Q63="No",N(AD63)<3),"FLOOR GATE: below Operating",IF(AND(N(AD63)>=3,AH63<>"",AJ63=""),"Sample size with no conforming count","OK")))))))) -> Not assessed
A64: P1-060 | B64: C. 3.1 Planning and Management | C64: 1. Management and Planning | D64: 3.1.2(1) | E64: Submit the CM Plan to the Acquirer for review and approval, covering the processes, methods, and procedures used for the assigned CIs over the contract life, and including sub-tier supplier CM performance | J64: Not floor-anchored | K64: N/A | P64: Root cause. The CMP is the controlling document where no tailoring exists. | Q64: Yes | R64: DI-SESS-80858 | AA64: =IF(X64="","",IF(X64=0,"Unassigned",IF(X64=1,"Single point",IF(Z64="Yes","Staffed and credentialed","Staffed, credential gap")))) | AB64: =IFERROR(INDEX(Lists!$H$3:$H$6,MATCH(AA64,Lists!$G$3:$G$6,0)),"") | AD64: =IFERROR(INDEX(Lists!$B$3:$B$7,MATCH(AC64,Lists!$A$3:$A$7,0)),"") | AK64: =IF(OR(AH64="",AH64=0),"",AJ64/AH64) | AN64: =IF(AL64="","Not assessed",IF(AND(Q64="No",AL64="Gap - recommend tailoring"),"INVALID: floor item is not tailorable",IF(OR(X64="",X64=0),"NO NAMED EXECUTOR",IF(AND(N(AD64)>=3,AH64=""),"Operating claimed with no sample",IF(AND(N(AD64)>=3,X64=1),"Operating rests on one individual",IF(AND(N(AD64)>=3,Z64<>"Yes"),"Operating claimed below designed credential",IF(AND(Q64="No",N(AD64)<3),"FLOOR GATE: below Operating",IF(AND(N(AD64)>=3,AH64<>"",AJ64=""),"Sample size with no conforming count","OK")))))))) -> Not assessed
A65: P1-061 | B65: C. 3.1 Planning and Management | C65: 1. Management and Planning | D65: 3.1.3(1) | E65: Provide configuration documentation to support each technical review | J65: Not floor-anchored | K65: N/A | P65: Upstream enabler of baseline establishment | Q65: Yes | AA65: =IF(X65="","",IF(X65=0,"Unassigned",IF(X65=1,"Single point",IF(Z65="Yes","Staffed and credentialed","Staffed, credential gap")))) | AB65: =IFERROR(INDEX(Lists!$H$3:$H$6,MATCH(AA65,Lists!$G$3:$G$6,0)),"") | AD65: =IFERROR(INDEX(Lists!$B$3:$B$7,MATCH(AC65,Lists!$A$3:$A$7,0)),"") | AK65: =IF(OR(AH65="",AH65=0),"",AJ65/AH65) | AN65: =IF(AL65="","Not assessed",IF(AND(Q65="No",AL65="Gap - recommend tailoring"),"INVALID: floor item is not tailorable",IF(OR(X65="",X65=0),"NO NAMED EXECUTOR",IF(AND(N(AD65)>=3,AH65=""),"Operating claimed with no sample",IF(AND(N(AD65)>=3,X65=1),"Operating rests on one individual",IF(AND(N(AD65)>=3,Z65<>"Yes"),"Operating claimed below designed credential",IF(AND(Q65="No",N(AD65)<3),"FLOOR GATE: below Operating",IF(AND(N(AD65)>=3,AH65<>"",AJ65=""),"Sample size with no conforming count","OK")))))))) -> Not assessed
A66: P1-062 | B66: C. 3.1 Planning and Management | C66: 1. Management and Planning | D66: 3.1.4(1) | E66: Address contractually specified product configuration documentation requirements in the CMP, including data handling, processing, storage, retention, integrity, transfer, releasability, security, and maintenance documentation | J66: Not floor-anchored | K66: N/A | P66: Upstream enabler of F27 and F28 | Q66: Yes | AA66: =IF(X66="","",IF(X66=0,"Unassigned",IF(X66=1,"Single point",IF(Z66="Yes","Staffed and credentialed","Staffed, credential gap")))) | AB66: =IFERROR(INDEX(Lists!$H$3:$H$6,MATCH(AA66,Lists!$G$3:$G$6,0)),"") | AD66: =IFERROR(INDEX(Lists!$B$3:$B$7,MATCH(AC66,Lists!$A$3:$A$7,0)),"") | AK66: =IF(OR(AH66="",AH66=0),"",AJ66/AH66) | AN66: =IF(AL66="","Not assessed",IF(AND(Q66="No",AL66="Gap - recommend tailoring"),"INVALID: floor item is not tailorable",IF(OR(X66="",X66=0),"NO NAMED EXECUTOR",IF(AND(N(AD66)>=3,AH66=""),"Operating claimed with no sample",IF(AND(N(AD66)>=3,X66=1),"Operating rests on one individual",IF(AND(N(AD66)>=3,Z66<>"Yes"),"Operating claimed below designed credential",IF(AND(Q66="No",N(AD66)<3),"FLOOR GATE: below Operating",IF(AND(N(AD66)>=3,AH66<>"",AJ66=""),"Sample size with no conforming count","OK")))))))) -> Not assessed
A67: P1-063 | B67: C. 3.1 Planning and Management | C67: 1. Management and Planning | D67: 3.1.4(2) | E67: Inform the Acquirer of any requirements imposed on the Acquirer to maintain the security and integrity of shared data | J67: Not floor-anchored | K67: N/A | P67: Shares an evidence pull with a floor item | Q67: Yes | AA67: =IF(X67="","",IF(X67=0,"Unassigned",IF(X67=1,"Single point",IF(Z67="Yes","Staffed and credentialed","Staffed, credential gap")))) | AB67: =IFERROR(INDEX(Lists!$H$3:$H$6,MATCH(AA67,Lists!$G$3:$G$6,0)),"") | AD67: =IFERROR(INDEX(Lists!$B$3:$B$7,MATCH(AC67,Lists!$A$3:$A$7,0)),"") | AK67: =IF(OR(AH67="",AH67=0),"",AJ67/AH67) | AN67: =IF(AL67="","Not assessed",IF(AND(Q67="No",AL67="Gap - recommend tailoring"),"INVALID: floor item is not tailorable",IF(OR(X67="",X67=0),"NO NAMED EXECUTOR",IF(AND(N(AD67)>=3,AH67=""),"Operating claimed with no sample",IF(AND(N(AD67)>=3,X67=1),"Operating rests on one individual",IF(AND(N(AD67)>=3,Z67<>"Yes"),"Operating claimed below designed credential",IF(AND(Q67="No",N(AD67)<3),"FLOOR GATE: below Operating",IF(AND(N(AD67)>=3,AH67<>"",AJ67=""),"Sample size with no conforming count","OK")))))))) -> Not assessed
A68: P1-064 | B68: D. 3.2 Configuration Identification slice | C68: 2. Configuration Identification | D68: 3.2(1) | E68: Use a documented process for configuration identification | J68: Not floor-anchored | K68: N/A | P68: Root cause of expected health findings | Q68: Yes | AA68: =IF(X68="","",IF(X68=0,"Unassigned",IF(X68=1,"Single point",IF(Z68="Yes","Staffed and credentialed","Staffed, credential gap")))) | AB68: =IFERROR(INDEX(Lists!$H$3:$H$6,MATCH(AA68,Lists!$G$3:$G$6,0)),"") | AD68: =IFERROR(INDEX(Lists!$B$3:$B$7,MATCH(AC68,Lists!$A$3:$A$7,0)),"") | AK68: =IF(OR(AH68="",AH68=0),"",AJ68/AH68) | AN68: =IF(AL68="","Not assessed",IF(AND(Q68="No",AL68="Gap - recommend tailoring"),"INVALID: floor item is not tailorable",IF(OR(X68="",X68=0),"NO NAMED EXECUTOR",IF(AND(N(AD68)>=3,AH68=""),"Operating claimed with no sample",IF(AND(N(AD68)>=3,X68=1),"Operating rests on one individual",IF(AND(N(AD68)>=3,Z68<>"Yes"),"Operating claimed below designed credential",IF(AND(Q68="No",N(AD68)<3),"FLOOR GATE: below Operating",IF(AND(N(AD68)>=3,AH68<>"",AJ68=""),"Sample size with no conforming count","OK")))))))) -> Not assessed
A69: P1-065 | B69: D. 3.2 Configuration Identification slice | C69: 2. Configuration Identification | D69: 3.2(2)(a) | E69: Apply the 3.2.1 criteria to select configuration items | J69: Not floor-anchored | K69: N/A | P69: Upstream enabler of F01 | Q69: Yes | AA69: =IF(X69="","",IF(X69=0,"Unassigned",IF(X69=1,"Single point",IF(Z69="Yes","Staffed and credentialed","Staffed, credential gap")))) | AB69: =IFERROR(INDEX(Lists!$H$3:$H$6,MATCH(AA69,Lists!$G$3:$G$6,0)),"") | AD69: =IFERROR(INDEX(Lists!$B$3:$B$7,MATCH(AC69,Lists!$A$3:$A$7,0)),"") | AK69: =IF(OR(AH69="",AH69=0),"",AJ69/AH69) | AN69: =IF(AL69="","Not assessed",IF(AND(Q69="No",AL69="Gap - recommend tailoring"),"INVALID: floor item is not tailorable",IF(OR(X69="",X69=0),"NO NAMED EXECUTOR",IF(AND(N(AD69)>=3,AH69=""),"Operating claimed with no sample",IF(AND(N(AD69)>=3,X69=1),"Operating rests on one individual",IF(AND(N(AD69)>=3,Z69<>"Yes"),"Operating claimed below designed credential",IF(AND(Q69="No",N(AD69)<3),"FLOOR GATE: below Operating",IF(AND(N(AD69)>=3,AH69<>"",AJ69=""),"Sample size with no conforming count","OK")))))))) -> Not assessed
A70: P1-066 | B70: D. 3.2 Configuration Identification slice | C70: 2. Configuration Identification | D70: 3.2(2)(b) | E70: Establish a configuration item structure and hierarchy | J70: Not floor-anchored | K70: N/A | P70: Upstream enabler of F26 and F39 | Q70: Yes | AA70: =IF(X70="","",IF(X70=0,"Unassigned",IF(X70=1,"Single point",IF(Z70="Yes","Staffed and credentialed","Staffed, credential gap")))) | AB70: =IFERROR(INDEX(Lists!$H$3:$H$6,MATCH(AA70,Lists!$G$3:$G$6,0)),"") | AD70: =IFERROR(INDEX(Lists!$B$3:$B$7,MATCH(AC70,Lists!$A$3:$A$7,0)),"") | AK70: =IF(OR(AH70="",AH70=0),"",AJ70/AH70) | AN70: =IF(AL70="","Not assessed",IF(AND(Q70="No",AL70="Gap - recommend tailoring"),"INVALID: floor item is not tailorable",IF(OR(X70="",X70=0),"NO NAMED EXECUTOR",IF(AND(N(AD70)>=3,AH70=""),"Operating claimed with no sample",IF(AND(N(AD70)>=3,X70=1),"Operating rests on one individual",IF(AND(N(AD70)>=3,Z70<>"Yes"),"Operating claimed below designed credential",IF(AND(Q70="No",N(AD70)<3),"FLOOR GATE: below Operating",IF(AND(N(AD70)>=3,AH70<>"",AJ70=""),"Sample size with no conforming count","OK")))))))) -> Not assessed
A71: P1-067 | B71: D. 3.2 Configuration Identification slice | C71: 2. Configuration Identification | D71: 3.2(2)(c) | E71: Select the configuration documentation used to define the configuration baselines for each CI | J71: Not floor-anchored | K71: N/A | P71: Upstream enabler of F25 and F36 | Q71: Yes | AA71: =IF(X71="","",IF(X71=0,"Unassigned",IF(X71=1,"Single point",IF(Z71="Yes","Staffed and credentialed","Staffed, credential gap")))) | AB71: =IFERROR(INDEX(Lists!$H$3:$H$6,MATCH(AA71,Lists!$G$3:$G$6,0)),"") | AD71: =IFERROR(INDEX(Lists!$B$3:$B$7,MATCH(AC71,Lists!$A$3:$A$7,0)),"") | AK71: =IF(OR(AH71="",AH71=0),"",AJ71/AH71) | AN71: =IF(AL71="","Not assessed",IF(AND(Q71="No",AL71="Gap - recommend tailoring"),"INVALID: floor item is not tailorable",IF(OR(X71="",X71=0),"NO NAMED EXECUTOR",IF(AND(N(AD71)>=3,AH71=""),"Operating claimed with no sample",IF(AND(N(AD71)>=3,X71=1),"Operating rests on one individual",IF(AND(N(AD71)>=3,Z71<>"Yes"),"Operating claimed below designed credential",IF(AND(Q71="No",N(AD71)<3),"FLOOR GATE: below Operating",IF(AND(N(AD71)>=3,AH71<>"",AJ71=""),"Sample size with no conforming count","OK")))))))) -> Not assessed
A72: P1-068 | B72: D. 3.2 Configuration Identification slice | C72: 2. Configuration Identification | D72: 3.2(2)(d) | E72: Identify and control interfaces | J72: Not floor-anchored | K72: N/A | P72: Shares an evidence pull with a floor item | Q72: Yes | R72: DI-SESS-81248 | AA72: =IF(X72="","",IF(X72=0,"Unassigned",IF(X72=1,"Single point",IF(Z72="Yes","Staffed and credentialed","Staffed, credential gap")))) | AB72: =IFERROR(INDEX(Lists!$H$3:$H$6,MATCH(AA72,Lists!$G$3:$G$6,0)),"") | AD72: =IFERROR(INDEX(Lists!$B$3:$B$7,MATCH(AC72,Lists!$A$3:$A$7,0)),"") | AK72: =IF(OR(AH72="",AH72=0),"",AJ72/AH72) | AN72: =IF(AL72="","Not assessed",IF(AND(Q72="No",AL72="Gap - recommend tailoring"),"INVALID: floor item is not tailorable",IF(OR(X72="",X72=0),"NO NAMED EXECUTOR",IF(AND(N(AD72)>=3,AH72=""),"Operating claimed with no sample",IF(AND(N(AD72)>=3,X72=1),"Operating rests on one individual",IF(AND(N(AD72)>=3,Z72<>"Yes"),"Operating claimed below designed credential",IF(AND(Q72="No",N(AD72)<3),"FLOOR GATE: below Operating",IF(AND(N(AD72)>=3,AH72<>"",AJ72=""),"Sample size with no conforming count","OK")))))))) -> Not assessed
A73: P1-069 | B73: D. 3.2 Configuration Identification slice | C73: 2. Configuration Identification | D73: 3.2(2)(e) | E73: Assign enterprise, product, unit, group, and document identifiers to CIs, their component parts, and associated configuration documentation | J73: Not floor-anchored | K73: N/A | P73: Upstream enabler of F26 | Q73: Yes | AA73: =IF(X73="","",IF(X73=0,"Unassigned",IF(X73=1,"Single point",IF(Z73="Yes","Staffed and credentialed","Staffed, credential gap")))) | AB73: =IFERROR(INDEX(Lists!$H$3:$H$6,MATCH(AA73,Lists!$G$3:$G$6,0)),"") | AD73: =IFERROR(INDEX(Lists!$B$3:$B$7,MATCH(AC73,Lists!$A$3:$A$7,0)),"") | AK73: =IF(OR(AH73="",AH73=0),"",AJ73/AH73) | AN73: =IF(AL73="","Not assessed",IF(AND(Q73="No",AL73="Gap - recommend tailoring"),"INVALID: floor item is not tailorable",IF(OR(X73="",X73=0),"NO NAMED EXECUTOR",IF(AND(N(AD73)>=3,AH73=""),"Operating claimed with no sample",IF(AND(N(AD73)>=3,X73=1),"Operating rests on one individual",IF(AND(N(AD73)>=3,Z73<>"Yes"),"Operating claimed below designed credential",IF(AND(Q73="No",N(AD73)<3),"FLOOR GATE: below Operating",IF(AND(N(AD73)>=3,AH73<>"",AJ73=""),"Sample size with no conforming count","OK")))))))) -> Not assessed
A74: P1-070 | B74: D. 3.2 Configuration Identification slice | C74: 2. Configuration Identification | D74: 3.2(2)(f) | E74: Change the part or identifying number when an item is modified to a non-interchangeable configuration, while retaining the original unit identifier for traceability | J74: Not floor-anchored | K74: N/A | P74: Upstream enabler of F30 and F33 | Q74: Yes | AA74: =IF(X74="","",IF(X74=0,"Unassigned",IF(X74=1,"Single point",IF(Z74="Yes","Staffed and credentialed","Staffed, credential gap")))) | AB74: =IFERROR(INDEX(Lists!$H$3:$H$6,MATCH(AA74,Lists!$G$3:$G$6,0)),"") | AD74: =IFERROR(INDEX(Lists!$B$3:$B$7,MATCH(AC74,Lists!$A$3:$A$7,0)),"") | AK74: =IF(OR(AH74="",AH74=0),"",AJ74/AH74) | AN74: =IF(AL74="","Not assessed",IF(AND(Q74="No",AL74="Gap - recommend tailoring"),"INVALID: floor item is not tailorable",IF(OR(X74="",X74=0),"NO NAMED EXECUTOR",IF(AND(N(AD74)>=3,AH74=""),"Operating claimed with no sample",IF(AND(N(AD74)>=3,X74=1),"Operating rests on one individual",IF(AND(N(AD74)>=3,Z74<>"Yes"),"Operating claimed below designed credential",IF(AND(Q74="No",N(AD74)<3),"FLOOR GATE: below Operating",IF(AND(N(AD74)>=3,AH74<>"",AJ74=""),"Sample size with no conforming count","OK")))))))) -> Not assessed
A75: P1-071 | B75: D. 3.2 Configuration Identification slice | C75: 2. Configuration Identification | D75: 3.2(2)(g) | E75: Include and affix the design activity CAGE code across CIs, subordinate parts and assemblies, configuration documentation, software media, and products | J75: Not floor-anchored | K75: N/A | P75: Upstream enabler of a floor item | Q75: Yes | AA75: =IF(X75="","",IF(X75=0,"Unassigned",IF(X75=1,"Single point",IF(Z75="Yes","Staffed and credentialed","Staffed, credential gap")))) | AB75: =IFERROR(INDEX(Lists!$H$3:$H$6,MATCH(AA75,Lists!$G$3:$G$6,0)),"") | AD75: =IFERROR(INDEX(Lists!$B$3:$B$7,MATCH(AC75,Lists!$A$3:$A$7,0)),"") | AK75: =IF(OR(AH75="",AH75=0),"",AJ75/AH75) | AN75: =IF(AL75="","Not assessed",IF(AND(Q75="No",AL75="Gap - recommend tailoring"),"INVALID: floor item is not tailorable",IF(OR(X75="",X75=0),"NO NAMED EXECUTOR",IF(AND(N(AD75)>=3,AH75=""),"Operating claimed with no sample",IF(AND(N(AD75)>=3,X75=1),"Operating rests on one individual",IF(AND(N(AD75)>=3,Z75<>"Yes"),"Operating claimed below designed credential",IF(AND(Q75="No",N(AD75)<3),"FLOOR GATE: below Operating",IF(AND(N(AD75)>=3,AH75<>"",AJ75=""),"Sample size with no conforming count","OK")))))))) -> Not assessed
A76: P1-072 | B76: D. 3.2 Configuration Identification slice | C76: 2. Configuration Identification | D76: 3.2(2)(h) | E76: Place each item of configuration documentation and software specification under configuration control | J76: Not floor-anchored | K76: N/A | P76: Upstream enabler of F06 | Q76: Yes | AA76: =IF(X76="","",IF(X76=0,"Unassigned",IF(X76=1,"Single point",IF(Z76="Yes","Staffed and credentialed","Staffed, credential gap")))) | AB76: =IFERROR(INDEX(Lists!$H$3:$H$6,MATCH(AA76,Lists!$G$3:$G$6,0)),"") | AD76: =IFERROR(INDEX(Lists!$B$3:$B$7,MATCH(AC76,Lists!$A$3:$A$7,0)),"") | AK76: =IF(OR(AH76="",AH76=0),"",AJ76/AH76) | AN76: =IF(AL76="","Not assessed",IF(AND(Q76="No",AL76="Gap - recommend tailoring"),"INVALID: floor item is not tailorable",IF(OR(X76="",X76=0),"NO NAMED EXECUTOR",IF(AND(N(AD76)>=3,AH76=""),"Operating claimed with no sample",IF(AND(N(AD76)>=3,X76=1),"Operating rests on one individual",IF(AND(N(AD76)>=3,Z76<>"Yes"),"Operating claimed below designed credential",IF(AND(Q76="No",N(AD76)<3),"FLOOR GATE: below Operating",IF(AND(N(AD76)>=3,AH76<>"",AJ76=""),"Sample size with no conforming count","OK")))))))) -> Not assessed
A77: P1-073 | B77: D. 3.2 Configuration Identification slice | C77: 2. Configuration Identification | D77: 3.2(2)(i) | E77: Establish and manage the functional, allocated, and product baselines at the appropriate points in the CI life cycle | J77: Not floor-anchored | K77: N/A | P77: Upstream enabler of F10, F36, F42 | Q77: Yes | R77: DI-SESS-81121 | AA77: =IF(X77="","",IF(X77=0,"Unassigned",IF(X77=1,"Single point",IF(Z77="Yes","Staffed and credentialed","Staffed, credential gap")))) | AB77: =IFERROR(INDEX(Lists!$H$3:$H$6,MATCH(AA77,Lists!$G$3:$G$6,0)),"") | AD77: =IFERROR(INDEX(Lists!$B$3:$B$7,MATCH(AC77,Lists!$A$3:$A$7,0)),"") | AK77: =IF(OR(AH77="",AH77=0),"",AJ77/AH77) | AN77: =IF(AL77="","Not assessed",IF(AND(Q77="No",AL77="Gap - recommend tailoring"),"INVALID: floor item is not tailorable",IF(OR(X77="",X77=0),"NO NAMED EXECUTOR",IF(AND(N(AD77)>=3,AH77=""),"Operating claimed with no sample",IF(AND(N(AD77)>=3,X77=1),"Operating rests on one individual",IF(AND(N(AD77)>=3,Z77<>"Yes"),"Operating claimed below designed credential",IF(AND(Q77="No",N(AD77)<3),"FLOOR GATE: below Operating",IF(AND(N(AD77)>=3,AH77<>"",AJ77=""),"Sample size with no conforming count","OK")))))))) -> Not assessed
A78: P1-074 | B78: D. 3.2 Configuration Identification slice | C78: 2. Configuration Identification | D78: 3.2(2)(j) | E78: Mark or label items and documentation with the identifiers that correlate the item, its configuration documentation, and associated data | J78: Not floor-anchored | K78: N/A | P78: Upstream enabler of F30 | Q78: Yes | AA78: =IF(X78="","",IF(X78=0,"Unassigned",IF(X78=1,"Single point",IF(Z78="Yes","Staffed and credentialed","Staffed, credential gap")))) | AB78: =IFERROR(INDEX(Lists!$H$3:$H$6,MATCH(AA78,Lists!$G$3:$G$6,0)),"") | AD78: =IFERROR(INDEX(Lists!$B$3:$B$7,MATCH(AC78,Lists!$A$3:$A$7,0)),"") | AK78: =IF(OR(AH78="",AH78=0),"",AJ78/AH78) | AN78: =IF(AL78="","Not assessed",IF(AND(Q78="No",AL78="Gap - recommend tailoring"),"INVALID: floor item is not tailorable",IF(OR(X78="",X78=0),"NO NAMED EXECUTOR",IF(AND(N(AD78)>=3,AH78=""),"Operating claimed with no sample",IF(AND(N(AD78)>=3,X78=1),"Operating rests on one individual",IF(AND(N(AD78)>=3,Z78<>"Yes"),"Operating claimed below designed credential",IF(AND(Q78="No",N(AD78)<3),"FLOOR GATE: below Operating",IF(AND(N(AD78)>=3,AH78<>"",AJ78=""),"Sample size with no conforming count","OK")))))))) -> Not assessed
A79: P1-075 | B79: D. 3.2 Configuration Identification slice | C79: 2. Configuration Identification | D79: 3.2(2)(k) | E79: Obtain Acquirer approval of the type designation and nomenclature for each CI the Acquirer designates for control, tracking, and logistics | J79: Not floor-anchored | K79: N/A | P79: Shares an evidence pull with F05 | Q79: Yes | R79: DI-SESS-81254; DI-SESS-81121 | AA79: =IF(X79="","",IF(X79=0,"Unassigned",IF(X79=1,"Single point",IF(Z79="Yes","Staffed and credentialed","Staffed, credential gap")))) | AB79: =IFERROR(INDEX(Lists!$H$3:$H$6,MATCH(AA79,Lists!$G$3:$G$6,0)),"") | AD79: =IFERROR(INDEX(Lists!$B$3:$B$7,MATCH(AC79,Lists!$A$3:$A$7,0)),"") | AK79: =IF(OR(AH79="",AH79=0),"",AJ79/AH79) | AN79: =IF(AL79="","Not assessed",IF(AND(Q79="No",AL79="Gap - recommend tailoring"),"INVALID: floor item is not tailorable",IF(OR(X79="",X79=0),"NO NAMED EXECUTOR",IF(AND(N(AD79)>=3,AH79=""),"Operating claimed with no sample",IF(AND(N(AD79)>=3,X79=1),"Operating rests on one individual",IF(AND(N(AD79)>=3,Z79<>"Yes"),"Operating claimed below designed credential",IF(AND(Q79="No",N(AD79)<3),"FLOOR GATE: below Operating",IF(AND(N(AD79)>=3,AH79<>"",AJ79=""),"Sample size with no conforming count","OK")))))))) -> Not assessed
A80: P1-076 | B80: D. 3.2 Configuration Identification slice | C80: 2. Configuration Identification | D80: 3.2.1(1) | E80: Select and submit potential configuration items for Acquirer review and selection concurrence | J80: Not floor-anchored | K80: N/A | P80: Upstream enabler of F01 | Q80: Yes | R80: DI-SESS-82007 | AA80: =IF(X80="","",IF(X80=0,"Unassigned",IF(X80=1,"Single point",IF(Z80="Yes","Staffed and credentialed","Staffed, credential gap")))) | AB80: =IFERROR(INDEX(Lists!$H$3:$H$6,MATCH(AA80,Lists!$G$3:$G$6,0)),"") | AD80: =IFERROR(INDEX(Lists!$B$3:$B$7,MATCH(AC80,Lists!$A$3:$A$7,0)),"") | AK80: =IF(OR(AH80="",AH80=0),"",AJ80/AH80) | AN80: =IF(AL80="","Not assessed",IF(AND(Q80="No",AL80="Gap - recommend tailoring"),"INVALID: floor item is not tailorable",IF(OR(X80="",X80=0),"NO NAMED EXECUTOR",IF(AND(N(AD80)>=3,AH80=""),"Operating claimed with no sample",IF(AND(N(AD80)>=3,X80=1),"Operating rests on one individual",IF(AND(N(AD80)>=3,Z80<>"Yes"),"Operating claimed below designed credential",IF(AND(Q80="No",N(AD80)<3),"FLOOR GATE: below Operating",IF(AND(N(AD80)>=3,AH80<>"",AJ80=""),"Sample size with no conforming count","OK")))))))) -> Not assessed
A81: P1-077 | B81: D. 3.2 Configuration Identification slice | C81: 2. Configuration Identification | D81: 3.2.1(2) | E81: Designate as a CI any item satisfying a system end use function that meets the stated selection criteria. Criterion (b) is floor item F01 and is assessed there. | J81: Not floor-anchored | K81: N/A | P81: Upstream enabler of F01 | Q81: Yes | R81: DI-SESS-82007 | AA81: =IF(X81="","",IF(X81=0,"Unassigned",IF(X81=1,"Single point",IF(Z81="Yes","Staffed and credentialed","Staffed, credential gap")))) | AB81: =IFERROR(INDEX(Lists!$H$3:$H$6,MATCH(AA81,Lists!$G$3:$G$6,0)),"") | AD81: =IFERROR(INDEX(Lists!$B$3:$B$7,MATCH(AC81,Lists!$A$3:$A$7,0)),"") | AK81: =IF(OR(AH81="",AH81=0),"",AJ81/AH81) | AN81: =IF(AL81="","Not assessed",IF(AND(Q81="No",AL81="Gap - recommend tailoring"),"INVALID: floor item is not tailorable",IF(OR(X81="",X81=0),"NO NAMED EXECUTOR",IF(AND(N(AD81)>=3,AH81=""),"Operating claimed with no sample",IF(AND(N(AD81)>=3,X81=1),"Operating rests on one individual",IF(AND(N(AD81)>=3,Z81<>"Yes"),"Operating claimed below designed credential",IF(AND(Q81="No",N(AD81)<3),"FLOOR GATE: below Operating",IF(AND(N(AD81)>=3,AH81<>"",AJ81=""),"Sample size with no conforming count","OK")))))))) -> Not assessed
A82: P1-078 | B82: D. 3.2 Configuration Identification slice | C82: 2. Configuration Identification | D82: 3.2.1(3)(a) | E82: Assign system product-unique identifiers to software development environment elements in the format specified in the CMP | J82: Not floor-anchored | K82: N/A | P82: Upstream enabler of F26 where software CIs exist | Q82: Yes | R82: DI-SESS-81011 | AA82: =IF(X82="","",IF(X82=0,"Unassigned",IF(X82=1,"Single point",IF(Z82="Yes","Staffed and credentialed","Staffed, credential gap")))) | AB82: =IFERROR(INDEX(Lists!$H$3:$H$6,MATCH(AA82,Lists!$G$3:$G$6,0)),"") | AD82: =IFERROR(INDEX(Lists!$B$3:$B$7,MATCH(AC82,Lists!$A$3:$A$7,0)),"") | AK82: =IF(OR(AH82="",AH82=0),"",AJ82/AH82) | AN82: =IF(AL82="","Not assessed",IF(AND(Q82="No",AL82="Gap - recommend tailoring"),"INVALID: floor item is not tailorable",IF(OR(X82="",X82=0),"NO NAMED EXECUTOR",IF(AND(N(AD82)>=3,AH82=""),"Operating claimed with no sample",IF(AND(N(AD82)>=3,X82=1),"Operating rests on one individual",IF(AND(N(AD82)>=3,Z82<>"Yes"),"Operating claimed below designed credential",IF(AND(Q82="No",N(AD82)<3),"FLOOR GATE: below Operating",IF(AND(N(AD82)>=3,AH82<>"",AJ82=""),"Sample size with no conforming count","OK")))))))) -> Not assessed
A83: P1-079 | B83: D. 3.2 Configuration Identification slice | C83: 2. Configuration Identification | D83: 3.2.1(3)(b) | E83: Provide a part number representing the device with embedded code where both are controlled through a single altered item drawing | J83: Not floor-anchored | K83: N/A | P83: Upstream enabler of a floor item | Q83: Yes | R83: DI-SESS-81011 | AA83: =IF(X83="","",IF(X83=0,"Unassigned",IF(X83=1,"Single point",IF(Z83="Yes","Staffed and credentialed","Staffed, credential gap")))) | AB83: =IFERROR(INDEX(Lists!$H$3:$H$6,MATCH(AA83,Lists!$G$3:$G$6,0)),"") | AD83: =IFERROR(INDEX(Lists!$B$3:$B$7,MATCH(AC83,Lists!$A$3:$A$7,0)),"") | AK83: =IF(OR(AH83="",AH83=0),"",AJ83/AH83) | AN83: =IF(AL83="","Not assessed",IF(AND(Q83="No",AL83="Gap - recommend tailoring"),"INVALID: floor item is not tailorable",IF(OR(X83="",X83=0),"NO NAMED EXECUTOR",IF(AND(N(AD83)>=3,AH83=""),"Operating claimed with no sample",IF(AND(N(AD83)>=3,X83=1),"Operating rests on one individual",IF(AND(N(AD83)>=3,Z83<>"Yes"),"Operating claimed below designed credential",IF(AND(Q83="No",N(AD83)<3),"FLOOR GATE: below Operating",IF(AND(N(AD83)>=3,AH83<>"",AJ83=""),"Sample size with no conforming count","OK")))))))) -> Not assessed
A84: P1-080 | B84: D. 3.2 Configuration Identification slice | C84: 2. Configuration Identification | D84: 3.2.1(3)(c) | E84: Mark the part number and the software medium separately with the supplier code and name identification | J84: Not floor-anchored | K84: N/A | P84: Upstream enabler of a floor item | Q84: Yes | R84: DI-SESS-81011 | AA84: =IF(X84="","",IF(X84=0,"Unassigned",IF(X84=1,"Single point",IF(Z84="Yes","Staffed and credentialed","Staffed, credential gap")))) | AB84: =IFERROR(INDEX(Lists!$H$3:$H$6,MATCH(AA84,Lists!$G$3:$G$6,0)),"") | AD84: =IFERROR(INDEX(Lists!$B$3:$B$7,MATCH(AC84,Lists!$A$3:$A$7,0)),"") | AK84: =IF(OR(AH84="",AH84=0),"",AJ84/AH84) | AN84: =IF(AL84="","Not assessed",IF(AND(Q84="No",AL84="Gap - recommend tailoring"),"INVALID: floor item is not tailorable",IF(OR(X84="",X84=0),"NO NAMED EXECUTOR",IF(AND(N(AD84)>=3,AH84=""),"Operating claimed with no sample",IF(AND(N(AD84)>=3,X84=1),"Operating rests on one individual",IF(AND(N(AD84)>=3,Z84<>"Yes"),"Operating claimed below designed credential",IF(AND(Q84="No",N(AD84)<3),"FLOOR GATE: below Operating",IF(AND(N(AD84)>=3,AH84<>"",AJ84=""),"Sample size with no conforming count","OK")))))))) -> Not assessed
A85: P1-081 | B85: D. 3.2 Configuration Identification slice | C85: 2. Configuration Identification | D85: 3.2.1(3)(d) | E85: Designate computer software as configuration items | J85: Not floor-anchored | K85: N/A | P85: Upstream enabler of F01 | Q85: Yes | R85: DI-SESS-81011 | AA85: =IF(X85="","",IF(X85=0,"Unassigned",IF(X85=1,"Single point",IF(Z85="Yes","Staffed and credentialed","Staffed, credential gap")))) | AB85: =IFERROR(INDEX(Lists!$H$3:$H$6,MATCH(AA85,Lists!$G$3:$G$6,0)),"") | AD85: =IFERROR(INDEX(Lists!$B$3:$B$7,MATCH(AC85,Lists!$A$3:$A$7,0)),"") | AK85: =IF(OR(AH85="",AH85=0),"",AJ85/AH85) | AN85: =IF(AL85="","Not assessed",IF(AND(Q85="No",AL85="Gap - recommend tailoring"),"INVALID: floor item is not tailorable",IF(OR(X85="",X85=0),"NO NAMED EXECUTOR",IF(AND(N(AD85)>=3,AH85=""),"Operating claimed with no sample",IF(AND(N(AD85)>=3,X85=1),"Operating rests on one individual",IF(AND(N(AD85)>=3,Z85<>"Yes"),"Operating claimed below designed credential",IF(AND(Q85="No",N(AD85)<3),"FLOOR GATE: below Operating",IF(AND(N(AD85)>=3,AH85<>"",AJ85=""),"Sample size with no conforming count","OK")))))))) -> Not assessed
A86: P1-082 | B86: D. 3.2 Configuration Identification slice | C86: 2. Configuration Identification | D86: 3.2.2(1) | E86: Use an engineering release process employing formal release records to authorize the use of new or revised configuration documentation | J86: Not floor-anchored | K86: N/A | P86: Upstream enabler of F13. The floor assumes this system exists but never assesses it. | Q86: Yes | R86: DI-SESS-80463 | AA86: =IF(X86="","",IF(X86=0,"Unassigned",IF(X86=1,"Single point",IF(Z86="Yes","Staffed and credentialed","Staffed, credential gap")))) | AB86: =IFERROR(INDEX(Lists!$H$3:$H$6,MATCH(AA86,Lists!$G$3:$G$6,0)),"") | AD86: =IFERROR(INDEX(Lists!$B$3:$B$7,MATCH(AC86,Lists!$A$3:$A$7,0)),"") | AK86: =IF(OR(AH86="",AH86=0),"",AJ86/AH86) | AN86: =IF(AL86="","Not assessed",IF(AND(Q86="No",AL86="Gap - recommend tailoring"),"INVALID: floor item is not tailorable",IF(OR(X86="",X86=0),"NO NAMED EXECUTOR",IF(AND(N(AD86)>=3,AH86=""),"Operating claimed with no sample",IF(AND(N(AD86)>=3,X86=1),"Operating rests on one individual",IF(AND(N(AD86)>=3,Z86<>"Yes"),"Operating claimed below designed credential",IF(AND(Q86="No",N(AD86)<3),"FLOOR GATE: below Operating",IF(AND(N(AD86)>=3,AH86<>"",AJ86=""),"Sample size with no conforming count","OK")))))))) -> Not assessed
A87: P1-083 | B87: D. 3.2 Configuration Identification slice | C87: 2. Configuration Identification | D87: 3.2.2(2) | E87: Use the engineering release system to issue initial and subsequent approved changes to product configuration documentation, including minor changes | J87: Not floor-anchored | K87: N/A | P87: Upstream enabler of F08, F12, F13 | Q87: Yes | R87: DI-SESS-80463 | AA87: =IF(X87="","",IF(X87=0,"Unassigned",IF(X87=1,"Single point",IF(Z87="Yes","Staffed and credentialed","Staffed, credential gap")))) | AB87: =IFERROR(INDEX(Lists!$H$3:$H$6,MATCH(AA87,Lists!$G$3:$G$6,0)),"") | AD87: =IFERROR(INDEX(Lists!$B$3:$B$7,MATCH(AC87,Lists!$A$3:$A$7,0)),"") | AK87: =IF(OR(AH87="",AH87=0),"",AJ87/AH87) | AN87: =IF(AL87="","Not assessed",IF(AND(Q87="No",AL87="Gap - recommend tailoring"),"INVALID: floor item is not tailorable",IF(OR(X87="",X87=0),"NO NAMED EXECUTOR",IF(AND(N(AD87)>=3,AH87=""),"Operating claimed with no sample",IF(AND(N(AD87)>=3,X87=1),"Operating rests on one individual",IF(AND(N(AD87)>=3,Z87<>"Yes"),"Operating claimed below designed credential",IF(AND(Q87="No",N(AD87)<3),"FLOOR GATE: below Operating",IF(AND(N(AD87)>=3,AH87<>"",AJ87=""),"Sample size with no conforming count","OK")))))))) -> Not assessed
A88: P1-084 | B88: D. 3.2 Configuration Identification slice | C88: 2. Configuration Identification | D88: 3.2.2(3) | E88: Use the engineering release process to authorize use of configuration documentation associated with an approved configuration | J88: Not floor-anchored | K88: N/A | P88: Upstream enabler of F13 | Q88: Yes | R88: DI-SESS-80463 | AA88: =IF(X88="","",IF(X88=0,"Unassigned",IF(X88=1,"Single point",IF(Z88="Yes","Staffed and credentialed","Staffed, credential gap")))) | AB88: =IFERROR(INDEX(Lists!$H$3:$H$6,MATCH(AA88,Lists!$G$3:$G$6,0)),"") | AD88: =IFERROR(INDEX(Lists!$B$3:$B$7,MATCH(AC88,Lists!$A$3:$A$7,0)),"") | AK88: =IF(OR(AH88="",AH88=0),"",AJ88/AH88) | AN88: =IF(AL88="","Not assessed",IF(AND(Q88="No",AL88="Gap - recommend tailoring"),"INVALID: floor item is not tailorable",IF(OR(X88="",X88=0),"NO NAMED EXECUTOR",IF(AND(N(AD88)>=3,AH88=""),"Operating claimed with no sample",IF(AND(N(AD88)>=3,X88=1),"Operating rests on one individual",IF(AND(N(AD88)>=3,Z88<>"Yes"),"Operating claimed below designed credential",IF(AND(Q88="No",N(AD88)<3),"FLOOR GATE: below Operating",IF(AND(N(AD88)>=3,AH88<>"",AJ88=""),"Sample size with no conforming count","OK")))))))) -> Not assessed
A89: P1-085 | B89: D. 3.2 Configuration Identification slice | C89: 2. Configuration Identification | D89: 3.2.2(4) | E89: Incorporate approved configuration documentation and the engineering release record into the CSA system | J89: Not floor-anchored | K89: N/A | P89: Upstream enabler of F14 and F24 | Q89: Yes | R89: DI-SESS-80463 | AA89: =IF(X89="","",IF(X89=0,"Unassigned",IF(X89=1,"Single point",IF(Z89="Yes","Staffed and credentialed","Staffed, credential gap")))) | AB89: =IFERROR(INDEX(Lists!$H$3:$H$6,MATCH(AA89,Lists!$G$3:$G$6,0)),"") | AD89: =IFERROR(INDEX(Lists!$B$3:$B$7,MATCH(AC89,Lists!$A$3:$A$7,0)),"") | AK89: =IF(OR(AH89="",AH89=0),"",AJ89/AH89) | AN89: =IF(AL89="","Not assessed",IF(AND(Q89="No",AL89="Gap - recommend tailoring"),"INVALID: floor item is not tailorable",IF(OR(X89="",X89=0),"NO NAMED EXECUTOR",IF(AND(N(AD89)>=3,AH89=""),"Operating claimed with no sample",IF(AND(N(AD89)>=3,X89=1),"Operating rests on one individual",IF(AND(N(AD89)>=3,Z89<>"Yes"),"Operating claimed below designed credential",IF(AND(Q89="No",N(AD89)<3),"FLOOR GATE: below Operating",IF(AND(N(AD89)>=3,AH89<>"",AJ89=""),"Sample size with no conforming count","OK")))))))) -> Not assessed
A90: P1-086 | B90: D. 3.2 Configuration Identification slice | C90: 2. Configuration Identification | D90: 3.2.3.1(1) | E90: Generate the configuration documentation required for the configuration baselines the Acquirer establishes | J90: Not floor-anchored | K90: N/A | P90: Upstream enabler of F36 and F42 | Q90: Yes | R90: MIL-STD-31000 | AA90: =IF(X90="","",IF(X90=0,"Unassigned",IF(X90=1,"Single point",IF(Z90="Yes","Staffed and credentialed","Staffed, credential gap")))) | AB90: =IFERROR(INDEX(Lists!$H$3:$H$6,MATCH(AA90,Lists!$G$3:$G$6,0)),"") | AD90: =IFERROR(INDEX(Lists!$B$3:$B$7,MATCH(AC90,Lists!$A$3:$A$7,0)),"") | AK90: =IF(OR(AH90="",AH90=0),"",AJ90/AH90) | AN90: =IF(AL90="","Not assessed",IF(AND(Q90="No",AL90="Gap - recommend tailoring"),"INVALID: floor item is not tailorable",IF(OR(X90="",X90=0),"NO NAMED EXECUTOR",IF(AND(N(AD90)>=3,AH90=""),"Operating claimed with no sample",IF(AND(N(AD90)>=3,X90=1),"Operating rests on one individual",IF(AND(N(AD90)>=3,Z90<>"Yes"),"Operating claimed below designed credential",IF(AND(Q90="No",N(AD90)<3),"FLOOR GATE: below Operating",IF(AND(N(AD90)>=3,AH90<>"",AJ90=""),"Sample size with no conforming count","OK")))))))) -> Not assessed
A91: P1-087 | B91: D. 3.2 Configuration Identification slice | C91: 2. Configuration Identification | D91: 3.2.3.1(2) | E91: Trace each succeeding baseline to its predecessors, including a detailed extension | J91: Not floor-anchored | K91: N/A | P91: Upstream enabler of F32 and F34 | Q91: Yes | AA91: =IF(X91="","",IF(X91=0,"Unassigned",IF(X91=1,"Single point",IF(Z91="Yes","Staffed and credentialed","Staffed, credential gap")))) | AB91: =IFERROR(INDEX(Lists!$H$3:$H$6,MATCH(AA91,Lists!$G$3:$G$6,0)),"") | AD91: =IFERROR(INDEX(Lists!$B$3:$B$7,MATCH(AC91,Lists!$A$3:$A$7,0)),"") | AK91: =IF(OR(AH91="",AH91=0),"",AJ91/AH91) | AN91: =IF(AL91="","Not assessed",IF(AND(Q91="No",AL91="Gap - recommend tailoring"),"INVALID: floor item is not tailorable",IF(OR(X91="",X91=0),"NO NAMED EXECUTOR",IF(AND(N(AD91)>=3,AH91=""),"Operating claimed with no sample",IF(AND(N(AD91)>=3,X91=1),"Operating rests on one individual",IF(AND(N(AD91)>=3,Z91<>"Yes"),"Operating claimed below designed credential",IF(AND(Q91="No",N(AD91)<3),"FLOOR GATE: below Operating",IF(AND(N(AD91)>=3,AH91<>"",AJ91=""),"Sample size with no conforming count","OK")))))))) -> Not assessed
A92: P1-088 | B92: D. 3.2 Configuration Identification slice | C92: 2. Configuration Identification | D92: 3.2.3.2(1) | E92: Document the functional baseline of the system through functional configuration documentation against the stated content set | J92: Not floor-anchored | K92: N/A | P92: Upstream enabler of F42 | Q92: Yes | AA92: =IF(X92="","",IF(X92=0,"Unassigned",IF(X92=1,"Single point",IF(Z92="Yes","Staffed and credentialed","Staffed, credential gap")))) | AB92: =IFERROR(INDEX(Lists!$H$3:$H$6,MATCH(AA92,Lists!$G$3:$G$6,0)),"") | AD92: =IFERROR(INDEX(Lists!$B$3:$B$7,MATCH(AC92,Lists!$A$3:$A$7,0)),"") | AK92: =IF(OR(AH92="",AH92=0),"",AJ92/AH92) | AN92: =IF(AL92="","Not assessed",IF(AND(Q92="No",AL92="Gap - recommend tailoring"),"INVALID: floor item is not tailorable",IF(OR(X92="",X92=0),"NO NAMED EXECUTOR",IF(AND(N(AD92)>=3,AH92=""),"Operating claimed with no sample",IF(AND(N(AD92)>=3,X92=1),"Operating rests on one individual",IF(AND(N(AD92)>=3,Z92<>"Yes"),"Operating claimed below designed credential",IF(AND(Q92="No",N(AD92)<3),"FLOOR GATE: below Operating",IF(AND(N(AD92)>=3,AH92<>"",AJ92=""),"Sample size with no conforming count","OK")))))))) -> Not assessed
A93: P1-089 | B93: D. 3.2 Configuration Identification slice | C93: 2. Configuration Identification | D93: 3.2.3.2.1(1) | E93: Document the allocated baseline of a CI through allocated configuration documentation against the stated content set | J93: Not floor-anchored | K93: N/A | P93: Upstream enabler of F36 and F42 | Q93: Yes | AA93: =IF(X93="","",IF(X93=0,"Unassigned",IF(X93=1,"Single point",IF(Z93="Yes","Staffed and credentialed","Staffed, credential gap")))) | AB93: =IFERROR(INDEX(Lists!$H$3:$H$6,MATCH(AA93,Lists!$G$3:$G$6,0)),"") | AD93: =IFERROR(INDEX(Lists!$B$3:$B$7,MATCH(AC93,Lists!$A$3:$A$7,0)),"") | AK93: =IF(OR(AH93="",AH93=0),"",AJ93/AH93) | AN93: =IF(AL93="","Not assessed",IF(AND(Q93="No",AL93="Gap - recommend tailoring"),"INVALID: floor item is not tailorable",IF(OR(X93="",X93=0),"NO NAMED EXECUTOR",IF(AND(N(AD93)>=3,AH93=""),"Operating claimed with no sample",IF(AND(N(AD93)>=3,X93=1),"Operating rests on one individual",IF(AND(N(AD93)>=3,Z93<>"Yes"),"Operating claimed below designed credential",IF(AND(Q93="No",N(AD93)<3),"FLOOR GATE: below Operating",IF(AND(N(AD93)>=3,AH93<>"",AJ93=""),"Sample size with no conforming count","OK")))))))) -> Not assessed
A94: P1-090 | B94: D. 3.2 Configuration Identification slice | C94: 2. Configuration Identification | D94: 3.2.3.2.2(1) | E94: Document the product baseline of a CI through product configuration documentation against the stated content set | J94: Not floor-anchored | K94: N/A | P94: Upstream enabler of F29 and F30 | Q94: Yes | AA94: =IF(X94="","",IF(X94=0,"Unassigned",IF(X94=1,"Single point",IF(Z94="Yes","Staffed and credentialed","Staffed, credential gap")))) | AB94: =IFERROR(INDEX(Lists!$H$3:$H$6,MATCH(AA94,Lists!$G$3:$G$6,0)),"") | AD94: =IFERROR(INDEX(Lists!$B$3:$B$7,MATCH(AC94,Lists!$A$3:$A$7,0)),"") | AK94: =IF(OR(AH94="",AH94=0),"",AJ94/AH94) | AN94: =IF(AL94="","Not assessed",IF(AND(Q94="No",AL94="Gap - recommend tailoring"),"INVALID: floor item is not tailorable",IF(OR(X94="",X94=0),"NO NAMED EXECUTOR",IF(AND(N(AD94)>=3,AH94=""),"Operating claimed with no sample",IF(AND(N(AD94)>=3,X94=1),"Operating rests on one individual",IF(AND(N(AD94)>=3,Z94<>"Yes"),"Operating claimed below designed credential",IF(AND(Q94="No",N(AD94)<3),"FLOOR GATE: below Operating",IF(AND(N(AD94)>=3,AH94<>"",AJ94=""),"Sample size with no conforming count","OK")))))))) -> Not assessed
A95: P1-091 | B95: D. 3.2 Configuration Identification slice | C95: 2. Configuration Identification | D95: 3.2.3.2.2(2) | E95: Document the product baseline of a privately developed CI, including the verification provisions required to accept deliveries | J95: Not floor-anchored | K95: N/A | P95: Upstream enabler of a floor item | Q95: Yes | AA95: =IF(X95="","",IF(X95=0,"Unassigned",IF(X95=1,"Single point",IF(Z95="Yes","Staffed and credentialed","Staffed, credential gap")))) | AB95: =IFERROR(INDEX(Lists!$H$3:$H$6,MATCH(AA95,Lists!$G$3:$G$6,0)),"") | AD95: =IFERROR(INDEX(Lists!$B$3:$B$7,MATCH(AC95,Lists!$A$3:$A$7,0)),"") | AK95: =IF(OR(AH95="",AH95=0),"",AJ95/AH95) | AN95: =IF(AL95="","Not assessed",IF(AND(Q95="No",AL95="Gap - recommend tailoring"),"INVALID: floor item is not tailorable",IF(OR(X95="",X95=0),"NO NAMED EXECUTOR",IF(AND(N(AD95)>=3,AH95=""),"Operating claimed with no sample",IF(AND(N(AD95)>=3,X95=1),"Operating rests on one individual",IF(AND(N(AD95)>=3,Z95<>"Yes"),"Operating claimed below designed credential",IF(AND(Q95="No",N(AD95)<3),"FLOOR GATE: below Operating",IF(AND(N(AD95)>=3,AH95<>"",AJ95=""),"Sample size with no conforming count","OK")))))))) -> Not assessed
A96: P1-092 | B96: D. 3.2 Configuration Identification slice | C96: 2. Configuration Identification | D96: 3.2.4(1) | E96: Uniquely identify each CI, and assign a unique product identifier to each CI and component | J96: Not floor-anchored | K96: N/A | P96: Upstream enabler of F26 | Q96: Yes | AA96: =IF(X96="","",IF(X96=0,"Unassigned",IF(X96=1,"Single point",IF(Z96="Yes","Staffed and credentialed","Staffed, credential gap")))) | AB96: =IFERROR(INDEX(Lists!$H$3:$H$6,MATCH(AA96,Lists!$G$3:$G$6,0)),"") | AD96: =IFERROR(INDEX(Lists!$B$3:$B$7,MATCH(AC96,Lists!$A$3:$A$7,0)),"") | AK96: =IF(OR(AH96="",AH96=0),"",AJ96/AH96) | AN96: =IF(AL96="","Not assessed",IF(AND(Q96="No",AL96="Gap - recommend tailoring"),"INVALID: floor item is not tailorable",IF(OR(X96="",X96=0),"NO NAMED EXECUTOR",IF(AND(N(AD96)>=3,AH96=""),"Operating claimed with no sample",IF(AND(N(AD96)>=3,X96=1),"Operating rests on one individual",IF(AND(N(AD96)>=3,Z96<>"Yes"),"Operating claimed below designed credential",IF(AND(Q96="No",N(AD96)<3),"FLOOR GATE: below Operating",IF(AND(N(AD96)>=3,AH96<>"",AJ96=""),"Sample size with no conforming count","OK")))))))) -> Not assessed
A97: P1-093 | B97: D. 3.2 Configuration Identification slice | C97: 2. Configuration Identification | D97: 3.2.4(2) | E97: Determine the types of configuration documentation required for each CI and component | J97: Not floor-anchored | K97: N/A | P97: Upstream enabler of F25 | Q97: Yes | AA97: =IF(X97="","",IF(X97=0,"Unassigned",IF(X97=1,"Single point",IF(Z97="Yes","Staffed and credentialed","Staffed, credential gap")))) | AB97: =IFERROR(INDEX(Lists!$H$3:$H$6,MATCH(AA97,Lists!$G$3:$G$6,0)),"") | AD97: =IFERROR(INDEX(Lists!$B$3:$B$7,MATCH(AC97,Lists!$A$3:$A$7,0)),"") | AK97: =IF(OR(AH97="",AH97=0),"",AJ97/AH97) | AN97: =IF(AL97="","Not assessed",IF(AND(Q97="No",AL97="Gap - recommend tailoring"),"INVALID: floor item is not tailorable",IF(OR(X97="",X97=0),"NO NAMED EXECUTOR",IF(AND(N(AD97)>=3,AH97=""),"Operating claimed with no sample",IF(AND(N(AD97)>=3,X97=1),"Operating rests on one individual",IF(AND(N(AD97)>=3,Z97<>"Yes"),"Operating claimed below designed credential",IF(AND(Q97="No",N(AD97)<3),"FLOOR GATE: below Operating",IF(AND(N(AD97)>=3,AH97<>"",AJ97=""),"Sample size with no conforming count","OK")))))))) -> Not assessed
A98: P1-094 | B98: D. 3.2 Configuration Identification slice | C98: 2. Configuration Identification | D98: 3.2.4(3) | E98: Assign unique and other identifiers to the CI and to the technical documentation comprising its configuration documentation | J98: Not floor-anchored | K98: N/A | P98: Upstream enabler of F26 | Q98: Yes | AA98: =IF(X98="","",IF(X98=0,"Unassigned",IF(X98=1,"Single point",IF(Z98="Yes","Staffed and credentialed","Staffed, credential gap")))) | AB98: =IFERROR(INDEX(Lists!$H$3:$H$6,MATCH(AA98,Lists!$G$3:$G$6,0)),"") | AD98: =IFERROR(INDEX(Lists!$B$3:$B$7,MATCH(AC98,Lists!$A$3:$A$7,0)),"") | AK98: =IF(OR(AH98="",AH98=0),"",AJ98/AH98) | AN98: =IF(AL98="","Not assessed",IF(AND(Q98="No",AL98="Gap - recommend tailoring"),"INVALID: floor item is not tailorable",IF(OR(X98="",X98=0),"NO NAMED EXECUTOR",IF(AND(N(AD98)>=3,AH98=""),"Operating claimed with no sample",IF(AND(N(AD98)>=3,X98=1),"Operating rests on one individual",IF(AND(N(AD98)>=3,Z98<>"Yes"),"Operating claimed below designed credential",IF(AND(Q98="No",N(AD98)<3),"FLOOR GATE: below Operating",IF(AND(N(AD98)>=3,AH98<>"",AJ98=""),"Sample size with no conforming count","OK")))))))) -> Not assessed
A99: P1-095 | B99: D. 3.2 Configuration Identification slice | C99: 2. Configuration Identification | D99: 3.2.4(4) | E99: Keep the design document identifier the same as, or traceable to, the part or identifying number | J99: Not floor-anchored | K99: N/A | P99: Upstream enabler of F30 | Q99: Yes | AA99: =IF(X99="","",IF(X99=0,"Unassigned",IF(X99=1,"Single point",IF(Z99="Yes","Staffed and credentialed","Staffed, credential gap")))) | AB99: =IFERROR(INDEX(Lists!$H$3:$H$6,MATCH(AA99,Lists!$G$3:$G$6,0)),"") | AD99: =IFERROR(INDEX(Lists!$B$3:$B$7,MATCH(AC99,Lists!$A$3:$A$7,0)),"") | AK99: =IF(OR(AH99="",AH99=0),"",AJ99/AH99) | AN99: =IF(AL99="","Not assessed",IF(AND(Q99="No",AL99="Gap - recommend tailoring"),"INVALID: floor item is not tailorable",IF(OR(X99="",X99=0),"NO NAMED EXECUTOR",IF(AND(N(AD99)>=3,AH99=""),"Operating claimed with no sample",IF(AND(N(AD99)>=3,X99=1),"Operating rests on one individual",IF(AND(N(AD99)>=3,Z99<>"Yes"),"Operating claimed below designed credential",IF(AND(Q99="No",N(AD99)<3),"FLOOR GATE: below Operating",IF(AND(N(AD99)>=3,AH99<>"",AJ99=""),"Sample size with no conforming count","OK")))))))) -> Not assessed
A100: P1-096 | B100: D. 3.2 Configuration Identification slice | C100: 2. Configuration Identification | D100: 3.2.5.1(4) | E100: Provide interface control documentation for the identified interfaces | J100: Not floor-anchored | K100: N/A | P100: Shares an evidence pull with F35 to F37 | Q100: Yes | R100: DI-SESS-81248 | AA100: =IF(X100="","",IF(X100=0,"Unassigned",IF(X100=1,"Single point",IF(Z100="Yes","Staffed and credentialed","Staffed, credential gap")))) | AB100: =IFERROR(INDEX(Lists!$H$3:$H$6,MATCH(AA100,Lists!$G$3:$G$6,0)),"") | AD100: =IFERROR(INDEX(Lists!$B$3:$B$7,MATCH(AC100,Lists!$A$3:$A$7,0)),"") | AK100: =IF(OR(AH100="",AH100=0),"",AJ100/AH100) | AN100: =IF(AL100="","Not assessed",IF(AND(Q100="No",AL100="Gap - recommend tailoring"),"INVALID: floor item is not tailorable",IF(OR(X100="",X100=0),"NO NAMED EXECUTOR",IF(AND(N(AD100)>=3,AH100=""),"Operating claimed with no sample",IF(AND(N(AD100)>=3,X100=1),"Operating rests on one individual",IF(AND(N(AD100)>=3,Z100<>"Yes"),"Operating claimed below designed credential",IF(AND(Q100="No",N(AD100)<3),"FLOOR GATE: below Operating",IF(AND(N(AD100)>=3,AH100<>"",AJ100=""),"Sample size with no conforming count","OK")))))))) -> Not assessed
...

Sheet Lists
A1: Validation lists and scoring
A2: Health Rung | B2: Score | D2: Disposition | F2: Evidence Type | G2: Staffing Rung | H2: Score | J2: Executor Function
A3: Not demonstrated | B3: 0 | D3: Demonstrated | F3: Process document | G3: Unassigned | H3: 0 | J3: Planning and Governance
A4: Documented | B4: 1 | D4: Gap - remediate | F4: Tool configuration | G4: Single point | H4: 1 | J4: Configuration Identification
A5: Deployed | B5: 2 | D5: Gap - recommend tailoring | F5: Training record | G5: Staffed, credential gap | H5: 2 | J5: Change Board Admin
A6: Operating | B6: 3 | D6: Gap - risk accept | F6: Record sample (transactional) | G6: Staffed and credentialed | H6: 3 | J6: Engineering Release
A7: Effective | B7: 4 | D7: Not assessed | F7: Metric or report output | J7: CSA / Data Management
F8: Audit or health check result | G8: Staffing rung is computed, not entered, so it cannot be graded generously. It derives from Executor Count and whether the named executor meets the designed Min Credential in column N. | J8: Configuration Audit and Verification
A9: Health score drives the floor gate. Operating (3) is the minimum passing rung. | D9: Gap - seek tailoring is available to non-floor items only. | F9: Interview only (insufficient alone) | J9: Supplier / Sub-tier CM
F10: None located | J10: Shared with Engineering
J11: Shared with Quality
J12: Unassigned

Sheet CM Team Roster
A1: CM Team Roster and Load
A2: Enter every individual who actually performs CM work on this program. Column F counts how many Phase 1 requirements name each person in the register's Named Executor(s) column, so spell names identically in both places. Column G flags concentration.
A3: Concentration thresholds are a starting assumption, not a standard: 25 or more requirements on one individual is High, 15 or more is Watch. Adjust to your organisation and record the basis.
A5: Name | B5: Role title | C5: CM function | D5: Credential held | E5: FTE on this program | F5: Requirements named on | G5: Load flag | H5: Backup named? | I5: Notes
A6: [example] A. Rivera | B6: CM Analyst II | C6: Change Board Admin | D6: B.S.E.T. | E6: 0.8 | F6: =IF($A6="","",SUMPRODUCT(--ISNUMBER(SEARCH($A6,'Phase 1 Register'!$W$5:$W$137)))) -> 0 | G6: =IF(F6="","",IF(F6>=25,"High concentration",IF(F6>=15,"Watch",""))) | H6: No | I6: Example row - delete before use
F7: =IF($A7="","",SUMPRODUCT(--ISNUMBER(SEARCH($A7,'Phase 1 Register'!$W$5:$W$137)))) | G7: =IF(F7="","",IF(F7>=25,"High concentration",IF(F7>=15,"Watch","")))
F8: =IF($A8="","",SUMPRODUCT(--ISNUMBER(SEARCH($A8,'Phase 1 Register'!$W$5:$W$137)))) | G8: =IF(F8="","",IF(F8>=25,"High concentration",IF(F8>=15,"Watch","")))
F9: =IF($A9="","",SUMPRODUCT(--ISNUMBER(SEARCH($A9,'Phase 1 Register'!$W$5:$W$137)))) | G9: =IF(F9="","",IF(F9>=25,"High concentration",IF(F9>=15,"Watch","")))
F10: =IF($A10="","",SUMPRODUCT(--ISNUMBER(SEARCH($A10,'Phase 1 Register'!$W$5:$W$137)))) | G10: =IF(F10="","",IF(F10>=25,"High concentration",IF(F10>=15,"Watch","")))
F11: =IF($A11="","",SUMPRODUCT(--ISNUMBER(SEARCH($A11,'Phase 1 Register'!$W$5:$W$137)))) | G11: =IF(F11="","",IF(F11>=25,"High concentration",IF(F11>=15,"Watch","")))
F12: =IF($A12="","",SUMPRODUCT(--ISNUMBER(SEARCH($A12,'Phase 1 Register'!$W$5:$W$137)))) | G12: =IF(F12="","",IF(F12>=25,"High concentration",IF(F12>=15,"Watch","")))
F13: =IF($A13="","",SUMPRODUCT(--ISNUMBER(SEARCH($A13,'Phase 1 Register'!$W$5:$W$137)))) | G13: =IF(F13="","",IF(F13>=25,"High concentration",IF(F13>=15,"Watch","")))
F14: =IF($A14="","",SUMPRODUCT(--ISNUMBER(SEARCH($A14,'Phase 1 Register'!$W$5:$W$137)))) | G14: =IF(F14="","",IF(F14>=25,"High concentration",IF(F14>=15,"Watch","")))
F15: =IF($A15="","",SUMPRODUCT(--ISNUMBER(SEARCH($A15,'Phase 1 Register'!$W$5:$W$137)))) | G15: =IF(F15="","",IF(F15>=25,"High concentration",IF(F15>=15,"Watch","")))
F16: =IF($A16="","",SUMPRODUCT(--ISNUMBER(SEARCH($A16,'Phase 1 Register'!$W$5:$W$137)))) | G16: =IF(F16="","",IF(F16>=25,"High concentration",IF(F16>=15,"Watch","")))
F17: =IF($A17="","",SUMPRODUCT(--ISNUMBER(SEARCH($A17,'Phase 1 Register'!$W$5:$W$137)))) | G17: =IF(F17="","",IF(F17>=25,"High concentration",IF(F17>=15,"Watch","")))
F18: =IF($A18="","",SUMPRODUCT(--ISNUMBER(SEARCH($A18,'Phase 1 Register'!$W$5:$W$137)))) | G18: =IF(F18="","",IF(F18>=25,"High concentration",IF(F18>=15,"Watch","")))
... F45: =IF($A45="","",SUMPRODUCT(--ISNUMBER(SEARCH($A45,'Phase 1 Register'!$W$5:$W$137)))) | G45: =IF(F45="","",IF(F45>=25,"High concentration",IF(F45>=15,"Watch","")))

Sheet Evidence Ladder
A1: Evidence Ladder and Staffing Ladder
A2: Two independent scores. The health rung asks whether the activity happens. The staffing rung asks whether anyone is assigned to make it happen. A requirement can be Operating on heroics with one unbacked individual, and that is a finding even though the records look clean.
A4: Rung | B4: Score | C4: The test | D4: Evidence that satisfies it | E4: Evidence that does not
A5: Not demonstrated | B5: 0 | C5: Nothing located, or the only support is an assertion in interview. | D5: None. | E5: Verbal confirmation. A person's recollection that the activity happens.
A6: Documented | B6: 1 | C6: A controlled process document, procedure, or CMP section states the requirement is performed. | D6: Command media reference with revision and date. | E6: A draft. An unreleased document. A slide deck describing intent.
A7: Deployed | B7: 2 | C7: A tool, workflow, or form exists and is configured to carry the activity, and the responsible role is named. | D7: Tool configuration, workflow definition, form template, named owner in an org record. | E7: A tool that is licensed but not configured. An owner role that is vacant.
A8: Operating | B8: 3 | C8: Records show the activity actually ran across the defined population and period, at the agreed sample size. | D8: Transactional record sample with population, period, size, and conforming count recorded on the register row. | E8: A single example record. A sample drawn only from one program or one month.
A9: Effective | B9: 4 | C9: The records show the control catching real problems, and each finding it raised has a traceable disposition. | D9: Check results including failures, with linked RFA or corrective action records showing closure or active status. | E9: A control that has run for two years and never found anything, with no explanation of why.
A11: Staffing ladder (computed, not entered)
A12: Rung | B12: Score | C12: Condition | D12: What it means | E12: Action
A13: Unassigned | B13: 0 | C13: Executor Count is blank or zero. | D13: No individual performs this requirement. It exists in the process document and nowhere else. | E13: Hard gate. Target is zero. Assign before any other remediation on that row.
A14: Single point | B14: 1 | C14: Executor Count is 1. | D14: One individual carries the requirement with no backup. Records may look clean until that person leaves. | E14: Finding on floor items. Name a backup or fold the work into a shared queue.
A15: Staffed, credential gap | B15: 2 | C15: Executor Count is 2 or more and Credential Minimum Met is not Yes. | D15: Enough people, but at least one does not hold the credential the register designs for the item. | E15: Training or reassignment. Compare against column N.
A16: Staffed and credentialed | B16: 3 | C16: Executor Count is 2 or more and Credential Minimum Met is Yes. | D16: Capacity and competence both present. | E16: None.
A18: How to fill the execution-capacity columns
A19: Accountable Owner and Named Executor(s) are different people and the distinction matters. The owner answers for the requirement; the executor performs it. A requirement with an owner and no executor is unstaffed.
A20: Name individuals, not roles or teams. 'CM' and 'the release team' both resolve to zero named executors. Spell names exactly as they appear on the CM Team Roster sheet.
A21: Primary Executor Function records where the named executor actually sits, not where the register says the work belongs. That mismatch is what surfaces concentration.
A22: Credential Minimum Met compares the executor's held credential against column N of the register, which carries the designed minimum. Unknown is a valid answer and scores the same as No.
A23: A requirement can carry a person who executes it only nominally. If the roster shows one individual named on 40 requirements at 0.5 FTE, the arithmetic is the finding, not the interview.
A25: Sampling rules
A26: Define the population before drawing the sample, and record it on the register row. 'All ECPs' is not a population; 'all ECPs dispositioned on [program] between [date] and [date]' is.
A27: Minimum sample is 10 records per requirement, or the full population where fewer than 10 exist. Record the actual size, not the target.
A28: Sample period is the trailing 12 months unless the requirement is event-driven, in which case use the last 3 occurrences.
A29: Draw across at least two programs where the requirement applies to more than one. A single-program sample cannot support an enterprise conclusion.
A30: The assessor selects the records. A sample supplied by the process owner is evidence of the best case, not of the population.
A32: Disposition doors
A33: Door | B33: When it applies | C33: Availability
A34: Demonstrated | B34: Rung is Operating or Effective, the evidence is on the row, and the requirement has a named executor. | C34: Any item.
A35: Gap - remediate | B35: The requirement applies and is not met. Build, fix, staff, or extend the control. | C35: Any item.
A36: Gap - recommend tailoring | B36: The requirement applies contractually but the activity has no value on this program. This TDR is internal, so the disposition is a recommendation to Programs and Contracts to pursue relief, not a closure. Track it to the recommendation, then reassess. | C36: Non-floor items only.
A37: Gap - risk accept | B37: The gap is known and consciously accepted at the SM-0001 authority for the pre-anchored severity. VP for Severe, CEO for Catastrophic. | C37: Floor items follow SM-0001 authority.
A38: Not assessed | B38: Carried into a later pass. Counts against residual exposure. | C38: Any item.

Sheet Dashboard
A1: Phase 1 TDR Dashboard
A2: Formula driven from 'Phase 1 Register'. Do not overwrite column B.
A4: Scope and completion
A5: Measure | B5: Value
A6: Phase 1 requirements in scope | B6: =COUNTA('Phase 1 Register'!$A$5:$A$137) -> 133
A7: Floor items (not tailorable) | B7: =COUNTIF('Phase 1 Register'!$Q$5:$Q$137,"No") -> 44
A8: Non-floor items added | B8: =COUNTIF('Phase 1 Register'!$Q$5:$Q$137,"Yes") -> 89
A9: Assessed (disposition entered) | B9: =COUNTA('Phase 1 Register'!$AL$5:$AL$137)-COUNTIF('Phase 1 Register'!$AL$5:$AL$137,"Not assessed") -> 0
A10: Not yet assessed | B10: =COUNTA('Phase 1 Register'!$A$5:$A$137)-COUNTA('Phase 1 Register'!$AL$5:$AL$137)+COUNTIF('Phase 1 Register'!$AL$5:$AL$137,"Not assessed") -> 133
A11: Completion % | B11: =IFERROR((COUNTA('Phase 1 Register'!$AL$5:$AL$137)-COUNTIF('Phase 1 Register'!$AL$5:$AL$137,"Not assessed"))/COUNTA('Phase 1 Register'!$A$5:$A$137),0) -> 0
A13: Execution capacity gates - target is zero
A14: Measure | B14: Value
A15: Requirements with NO named executor | B15: =COUNTA('Phase 1 Register'!$A$5:$A$137)-COUNTIF('Phase 1 Register'!$X$5:$X$137,">0") -> 133
A16: of which: floor items | B16: =COUNTIF('Phase 1 Register'!$Q$5:$Q$137,"No")-COUNTIFS('Phase 1 Register'!$Q$5:$Q$137,"No",'Phase 1 Register'!$X$5:$X$137,">0") -> 44
A17: Requirements resting on a single individual | B17: =COUNTIF('Phase 1 Register'!$X$5:$X$137,1) -> 0
A18: of which: floor items | B18: =COUNTIFS('Phase 1 Register'!$Q$5:$Q$137,"No",'Phase 1 Register'!$X$5:$X$137,1) -> 0
A19: Requirements below the designed credential | B19: =COUNTIFS('Phase 1 Register'!$X$5:$X$137,">0",'Phase 1 Register'!$Z$5:$Z$137,"<>Yes") -> 0
A20: Requirements graded Operating or better with no executor | B20: =COUNTIFS('Phase 1 Register'!$AD$5:$AD$137,">=3",'Phase 1 Register'!$X$5:$X$137,"") -> 0
A22: Compliance hard gates - target is zero
A23: Measure | B23: Value
A24: Floor items NOT at Operating or better (includes ungraded) | B24: =COUNTIF('Phase 1 Register'!$Q$5:$Q$137,"No")-COUNTIFS('Phase 1 Register'!$Q$5:$Q$137,"No",'Phase 1 Register'!$AD$5:$AD$137,">=3") -> 44
A25: of which: graded below Operating | B25: =COUNTIFS('Phase 1 Register'!$Q$5:$Q$137,"No",'Phase 1 Register'!$AD$5:$AD$137,"<3",'Phase 1 Register'!$AD$5:$AD$137,"<>") -> 0
A26: of which: not yet graded | B26: =COUNTIF('Phase 1 Register'!$Q$5:$Q$137,"No")-COUNTIFS('Phase 1 Register'!$Q$5:$Q$137,"No",'Phase 1 Register'!$AC$5:$AC$137,"<>") -> 44
A27: Invalid tailoring claims on floor items | B27: =COUNTIFS('Phase 1 Register'!$Q$5:$Q$137,"No",'Phase 1 Register'!$AL$5:$AL$137,"Gap - recommend tailoring") -> 0
A28: Rows flagged by validation | B28: =COUNTIFS('Phase 1 Register'!$AN$5:$AN$137,"<>OK",'Phase 1 Register'!$AN$5:$AN$137,"<>Not assessed") -> 0
A30: Staffing rung distribution
A31: Measure | B31: Value
A32: Staffed and credentialed | B32: =COUNTIF('Phase 1 Register'!$AA$5:$AA$137,"Staffed and credentialed") -> 0
A33: Staffed, credential gap | B33: =COUNTIF('Phase 1 Register'!$AA$5:$AA$137,"Staffed, credential gap") -> 0
A34: Single point | B34: =COUNTIF('Phase 1 Register'!$AA$5:$AA$137,"Single point") -> 0
A35: Unassigned | B35: =COUNTIF('Phase 1 Register'!$AA$5:$AA$137,"Unassigned") -> 0
A36: Not yet staffing-assessed | B36: =COUNTA('Phase 1 Register'!$A$5:$A$137)-COUNT('Phase 1 Register'!$X$5:$X$137) -> 133
A38: Health rung distribution
A39: Measure | B39: Value
A40: Effective | B40: =COUNTIF('Phase 1 Register'!$AC$5:$AC$137,"Effective") -> 0
A41: Operating | B41: =COUNTIF('Phase 1 Register'!$AC$5:$AC$137,"Operating") -> 0
A42: Deployed | B42: =COUNTIF('Phase 1 Register'!$AC$5:$AC$137,"Deployed") -> 0
A43: Documented | B43: =COUNTIF('Phase 1 Register'!$AC$5:$AC$137,"Documented") -> 0
A44: Not demonstrated | B44: =COUNTIF('Phase 1 Register'!$AC$5:$AC$137,"Not demonstrated") -> 0
A45: Not yet graded | B45: =COUNTBLANK('Phase 1 Register'!$AC$5:$AC$137) -> 133
A47: Disposition distribution
A48: Measure | B48: Value
A49: Demonstrated | B49: =COUNTIF('Phase 1 Register'!$AL$5:$AL$137,"Demonstrated") -> 0
A50: Gap - remediate | B50: =COUNTIF('Phase 1 Register'!$AL$5:$AL$137,"Gap - remediate") -> 0
A51: Gap - recommend tailoring | B51: =COUNTIF('Phase 1 Register'!$AL$5:$AL$137,"Gap - recommend tailoring") -> 0
A52: Gap - risk accept | B52: =COUNTIF('Phase 1 Register'!$AL$5:$AL$137,"Gap - risk accept") -> 0
A54: Floor severity exposure (pre-anchored, not re-rated)
A55: Measure | B55: Value
A56: Catastrophic floor items not at Operating or better | B56: =COUNTIF('Phase 1 Register'!$J$5:$J$137,"Catastrophic (1)")-COUNTIFS('Phase 1 Register'!$J$5:$J$137,"Catastrophic (1)",'Phase 1 Register'!$AD$5:$AD$137,">=3") -> 39
A57: Severe floor items not at Operating or better | B57: =COUNTIF('Phase 1 Register'!$J$5:$J$137,"Severe (2)")-COUNTIFS('Phase 1 Register'!$J$5:$J$137,"Severe (2)",'Phase 1 Register'!$AD$5:$AD$137,">=3") -> 5
A58: Catastrophic floor items with no named executor | B58: =COUNTIF('Phase 1 Register'!$J$5:$J$137,"Catastrophic (1)")-COUNTIFS('Phase 1 Register'!$J$5:$J$137,"Catastrophic (1)",'Phase 1 Register'!$X$5:$X$137,">0") -> 39
A60: Concentration by executor function
A61: This is the load-distribution view. If Change Board Admin and Engineering Release carry most of the register while Identification, Audit, and Supplier CM sit near zero, the organisation has staffed the transactions and not the discipline.
A62: Executor Function | B62: Requirements | C62: Floor requirements | D62: % of register
A63: Planning and Governance | B63: =COUNTIF('Phase 1 Register'!$Y$5:$Y$137,A63) -> 0 | C63: =COUNTIFS('Phase 1 Register'!$Y$5:$Y$137,A63,'Phase 1 Register'!$Q$5:$Q$137,"No") -> 0 | D63: =IFERROR(B63/COUNTA('Phase 1 Register'!$A$5:$A$137),0) -> 0
A64: Configuration Identification | B64: =COUNTIF('Phase 1 Register'!$Y$5:$Y$137,A64) -> 0 | C64: =COUNTIFS('Phase 1 Register'!$Y$5:$Y$137,A64,'Phase 1 Register'!$Q$5:$Q$137,"No") -> 0 | D64: =IFERROR(B64/COUNTA('Phase 1 Register'!$A$5:$A$137),0) -> 0
A65: Change Board Admin | B65: =COUNTIF('Phase 1 Register'!$Y$5:$Y$137,A65) -> 0 | C65: =COUNTIFS('Phase 1 Register'!$Y$5:$Y$137,A65,'Phase 1 Register'!$Q$5:$Q$137,"No") -> 0 | D65: =IFERROR(B65/COUNTA('Phase 1 Register'!$A$5:$A$137),0) -> 0
A66: Engineering Release | B66: =COUNTIF('Phase 1 Register'!$Y$5:$Y$137,A66) -> 0 | C66: =COUNTIFS('Phase 1 Register'!$Y$5:$Y$137,A66,'Phase 1 Register'!$Q$5:$Q$137,"No") -> 0 | D66: =IFERROR(B66/COUNTA('Phase 1 Register'!$A$5:$A$137),0) -> 0
A67: CSA / Data Management | B67: =COUNTIF('Phase 1 Register'!$Y$5:$Y$137,A67) -> 0 | C67: =COUNTIFS('Phase 1 Register'!$Y$5:$Y$137,A67,'Phase 1 Register'!$Q$5:$Q$137,"No") -> 0 | D67: =IFERROR(B67/COUNTA('Phase 1 Register'!$A$5:$A$137),0) -> 0
A68: Configuration Audit and Verification | B68: =COUNTIF('Phase 1 Register'!$Y$5:$Y$137,A68) -> 0 | C68: =COUNTIFS('Phase 1 Register'!$Y$5:$Y$137,A68,'Phase 1 Register'!$Q$5:$Q$137,"No") -> 0 | D68: =IFERROR(B68/COUNTA('Phase 1 Register'!$A$5:$A$137),0) -> 0
A69: Supplier / Sub-tier CM | B69: =COUNTIF('Phase 1 Register'!$Y$5:$Y$137,A69) -> 0 | C69: =COUNTIFS('Phase 1 Register'!$Y$5:$Y$137,A69,'Phase 1 Register'!$Q$5:$Q$137,"No") -> 0 | D69: =IFERROR(B69/COUNTA('Phase 1 Register'!$A$5:$A$137),0) -> 0
A70: Shared with Engineering | B70: =COUNTIF('Phase 1 Register'!$Y$5:$Y$137,A70) -> 0 | C70: =COUNTIFS('Phase 1 Register'!$Y$5:$Y$137,A70,'Phase 1 Register'!$Q$5:$Q$137,"No") -> 0 | D70: =IFERROR(B70/COUNTA('Phase 1 Register'!$A$5:$A$137),0) -> 0
A71: Shared with Quality | B71: =COUNTIF('Phase 1 Register'!$Y$5:$Y$137,A71) -> 0 | C71: =COUNTIFS('Phase 1 Register'!$Y$5:$Y$137,A71,'Phase 1 Register'!$Q$5:$Q$137,"No") -> 0 | D71: =IFERROR(B71/COUNTA('Phase 1 Register'!$A$5:$A$137),0) -> 0
A72: Unassigned | B72: =COUNTIF('Phase 1 Register'!$Y$5:$Y$137,A72) -> 0 | C72: =COUNTIFS('Phase 1 Register'!$Y$5:$Y$137,A72,'Phase 1 Register'!$Q$5:$Q$137,"No") -> 0 | D72: =IFERROR(B72/COUNTA('Phase 1 Register'!$A$5:$A$137),0) -> 0
A73: Not yet assigned a function | B73: =COUNTA('Phase 1 Register'!$A$5:$A$137)-COUNTA('Phase 1 Register'!$Y$5:$Y$137) -> 133
A75: By TDR group
A76: TDR Group | B76: In scope | C76: Assessed | D76: At Operating or better | E76: Unstaffed | F76: Gaps raised
A77: 1. Management and Planning | B77: =COUNTIF('Phase 1 Register'!$C$5:$C$137,A77) -> 21 | C77: =COUNTIFS('Phase 1 Register'!$C$5:$C$137,A77,'Phase 1 Register'!$AL$5:$AL$137,"<>") -> 0 | D77: =COUNTIFS('Phase 1 Register'!$C$5:$C$137,A77,'Phase 1 Register'!$AD$5:$AD$137,">=3") -> 0 | E77: =COUNTIF('Phase 1 Register'!$C$5:$C$137,A77)-COUNTIFS('Phase 1 Register'!$C$5:$C$137,A77,'Phase 1 Register'!$X$5:$X$137,">0") -> 21 | F77: =COUNTIFS('Phase 1 Register'!$C$5:$C$137,A77,'Phase 1 Register'!$AL$5:$AL$137,"Gap*") -> 0
A78: 2. Configuration Identification | B78: =COUNTIF('Phase 1 Register'!$C$5:$C$137,A78) -> 43 | C78: =COUNTIFS('Phase 1 Register'!$C$5:$C$137,A78,'Phase 1 Register'!$AL$5:$AL$137,"<>") -> 0 | D78: =COUNTIFS('Phase 1 Register'!$C$5:$C$137,A78,'Phase 1 Register'!$AD$5:$AD$137,">=3") -> 0 | E78: =COUNTIF('Phase 1 Register'!$C$5:$C$137,A78)-COUNTIFS('Phase 1 Register'!$C$5:$C$137,A78,'Phase 1 Register'!$X$5:$X$137,">0") -> 43 | F78: =COUNTIFS('Phase 1 Register'!$C$5:$C$137,A78,'Phase 1 Register'!$AL$5:$AL$137,"Gap*") -> 0
A79: 3. Change and Variance Management | B79: =COUNTIF('Phase 1 Register'!$C$5:$C$137,A79) -> 43 | C79: =COUNTIFS('Phase 1 Register'!$C$5:$C$137,A79,'Phase 1 Register'!$AL$5:$AL$137,"<>") -> 0 | D79: =COUNTIFS('Phase 1 Register'!$C$5:$C$137,A79,'Phase 1 Register'!$AD$5:$AD$137,">=3") -> 0 | E79: =COUNTIF('Phase 1 Register'!$C$5:$C$137,A79)-COUNTIFS('Phase 1 Register'!$C$5:$C$137,A79,'Phase 1 Register'!$X$5:$X$137,">0") -> 43 | F79: =COUNTIFS('Phase 1 Register'!$C$5:$C$137,A79,'Phase 1 Register'!$AL$5:$AL$137,"Gap*") -> 0
A80: 4. CSA and Verification | B80: =COUNTIF('Phase 1 Register'!$C$5:$C$137,A80) -> 26 | C80: =COUNTIFS('Phase 1 Register'!$C$5:$C$137,A80,'Phase 1 Register'!$AL$5:$AL$137,"<>") -> 0 | D80: =COUNTIFS('Phase 1 Register'!$C$5:$C$137,A80,'Phase 1 Register'!$AD$5:$AD$137,">=3") -> 0 | E80: =COUNTIF('Phase 1 Register'!$C$5:$C$137,A80)-COUNTIFS('Phase 1 Register'!$C$5:$C$137,A80,'Phase 1 Register'!$X$5:$X$137,">0") -> 26 | F80: =COUNTIFS('Phase 1 Register'!$C$5:$C$137,A80,'Phase 1 Register'!$AL$5:$AL$137,"Gap*") -> 0
A82: Reading rule
A83: Read the two gate blocks before any distribution. A high completion percentage with a nonzero floor gate is a fail. A requirement graded Operating with no named executor is not operating; it is a record of work someone did once. Execution capacity and compliance evidence are scored separately on purpose, because a process document can pass the second while failing the first. Phase 1 asserts no compliance position on anything outside its scope. See 'Residual Scope'.

Sheet Findings Log
A1: Findings Log
A2: Route every finding into the existing RFA mechanism. Do not maintain a parallel TDR tracker.
A4: Finding ID | B4: Item ID | C4: Clause | D4: TDR Group | E4: Finding type | F4: Finding statement | G4: Health rung | H4: Staffing rung | I4: Root cause (clause ref if upstream) | J4: Severity | K4: RFA Ref | L4: Owner | M4: Target date | N4: Status | O4: Closure evidence | P4: Verified by (name / date)
A5: TDR-0001 | B5: P1-013 | C5: 3.3.1.1(1)(f) | D5: 3. Change and Variance Management | E5: Execution capacity | F5: Release record creation is named to a single CM analyst at 0.8 FTE who is also named on 31 other Phase 1 requirements. No backup named. | G5: Deployed | H5: Single point | I5: 3.1(1)(e) CM resource planning does not allocate release staffing | J5: Catastrophic (1) | K5: RFA-0142 | L5: [name] | M5: 2026-11-30 | N5: Open
A7: Row 5 is an illustrative example. Delete it before use.

Sheet Residual Scope
A1: Residual Scope - what Phase 1 does not cover
A2: The program has no recorded tailoring, so the whole of EIA-649-1A applies. Everything below is live contractual exposure today, not future work. Name an owner for it and report it in every readout.
A4: Clause area | B4: Why deferred | C4: Suggested pass | D4: Owner | E4: Target date
A5: Requirement enumeration basis | B5: Enumeration is taken from the body text of EIA-649-1A, not from the Annex A tailoring worksheet. Annex A does not reconcile cleanly to the body (clause 3.3.1.8.1 appears as 3.3.2.8.1; the software block the body numbers 3.2(3) is placed differently; the DID table cites 3.2.2(5), 3.3.2(5), 3.2.5.1(4), and 3.4.1.5 inconsistently). Keep this basis stated in the charter so later passes count the same way. | C5: Standing decision
A6: 3.2.2(5) and 3.3.2(5) | B6: Referenced by the standard's DID table but not extracted during Phase 1 scoping. Probable Phase 1 gaps, not deferrals. | C6: Confirm now, add to Phase 1
A7: 3.2.5.2(2)(a) to (d) ICWG membership duties | B7: Conditional on an ICWG existing, same condition as F38. | C7: Pass 2
A8: 3.3(2)(a), (b), (d) | B8: Text not extracted during Phase 1 scoping. Confirm against the standard and add to Block F before assessment begins. | C8: Confirm now, add to Phase 1
A9: 3.3.1.2(3) and (4); 3.3.2.2(2) and (3) | B9: Text not extracted during Phase 1 scoping. Confirm against the standard. Likely belongs in Block F. | C9: Confirm now, add to Phase 1
A10: 3.4.1(4)(b) cyber security for CSA interoperation | B10: Security owner, not CM. Distinct evidence pull. | C10: Parallel workstream, security owner
A11: Lot and batch traceability as an operable control | B11: EIA-649-1A addresses lot and batch only obliquely, through 3.2(2)(e), 3.2(2)(f), and 3.2.4.1 marking. There is no dedicated lot or batch traceability shall. The operable requirement for this organisation more likely sits in AS9100, AS9145, or the contract quality clauses. Assess it against the right source. | C11: Separate scope decision needed
A12: 3.2.5 interface management residual beyond F35 to F38 and 3.2.5.1(4) | B12: Remainder of interface clauses not anchored to a barrier. | C12: Pass 2
A13: 3.3.1.5 ECP decisions; 3.3.1.6 change priorities; 3.3.1.7.x related engineering changes | B13: Procedural clauses with no floor dependency. | C13: Pass 3
A14: 3.3.2.1 recurring variances; 3.3.2.3 RFV decisions; 3.3.2.4 minor RFVs | B14: Variance procedure residual beyond the classification gate in Block F. | C14: Pass 3
A15: 3.3.3 Specification Change Notice | B15: Deliverable-bearing, no floor anchor. | C15: Pass 3
A16: 3.4 CSA residual beyond Block E | B16: Remaining CSA clauses not pulled into Phase 1. | C16: Pass 3
... A19: Software CM clauses where software CIs exist | B19: Applicability depends on whether the program has software CIs. Confirm first. | C19: Pass 2 if applicable
