Workbook

Sheet Instructions
A1: How to fill this workbook
A2: Two sheets take input. Nothing else. Each block below fits one slide.
A4: CHART 1 - Evidence Pulls sheet: one row per set of records
A5: A pull is a single body of evidence that answers one or more requirements. One pull of classified ECPs answers all 32 Major-change criteria. One pull of audit records answers most of 3.5.1. Expect 60 to 90 pulls for 274 requirements.
A6: Col | B6: Field | C6: What goes in it
A7: A | B7: Pull ID | C7: Short and stable, e.g. EP-ECP-CLASS. This is the key the register points to.
A8: B | B8: What it covers | C8: One line. Which records, and roughly which requirements.
A9: C | B9: Process / Command Media Ref | C9: Document number and revision.
A10: D | B10: Tool / System | C10: Where the activity is carried.
A11: E | B11: Training / Competency Ref | C11: Course or competency code. Blank means none exists, which is itself a finding.
A12: F | B12: Named Executor(s) | C12: Individual names, semicolons between them. Roles and team names do not count.
A13: G | B13: Executor Function | C13: Pick from the list. This drives the concentration table.
A14: H | B14: Evidence Reference | C14: Where the records are. Query name, report ID, folder.
A15: I | B15: Sample Basis | C15: Population and period. 'All ECPs' is not a basis. 'All ECPs classified on [pgm] 2025-08 to 2026-07' is.
A16: J | B16: Sample Size | C16: Actual number of records reviewed. Required when column R reads Full.
A17: K | B17: Records Conforming | C17: How many passed.
... A19: M | B19: Notes | C19: Optional.
A21: Split a pull whenever different records, different people, or a different tool answer the requirements.
A23: CHART 2 - Full Register sheet: two columns per requirement
A24: Col | B24: Field | C24: What goes in it
A25: J | B25: Evidence Pull ID | C25: REQUIRED. Which pull answers this requirement. Reuse the same ID across every requirement that pull covers.
A26: K | B26: Health Rung | C26: REQUIRED. Pick one of five. Definitions below. When torn between two, pick the lower.
A27: L | B27: Disposition Override | C27: Optional. Leave blank and the workbook sets Demonstrated at Operating or better, Gap - remediate below. Use only for a risk accept or a tailoring recommendation.
A28: M | B28: Finding / RFA Ref | C28: Optional. Fill when a finding is raised.
A29: N | B29: Notes | C29: Optional.
A31: The five health rungs
A32: Rung | B32: The test | C32: What does not satisfy it
A33: Not demonstrated | B33: Nothing located, or the only support is an assertion in interview. | C33: Someone's recollection that it happens.
A34: Documented | B34: A controlled process document or CMP section states the requirement is performed. | C34: A draft. An unreleased document. A slide deck.
A35: Deployed | B35: A tool or workflow exists and is configured, and a named individual performs it. | C35: A tool licensed but not configured. A vacant role.
A36: Operating | B36: Records show the activity ran across the sample basis. Full-depth rows need the sample. | C36: A single example record. One month, one program.
A37: Effective | B37: Records show the control catching real problems, each with a traceable disposition. | C37: A control that has never found anything, unexplained.
A39: Three rules that decide most arguments
A40: A claim with no records is Not demonstrated. Not Documented, not Deployed.
A41: A role with nobody in it is Unassigned. 'CM' and 'the release team' both count as zero executors.
A42: The 44 amber rows are MANDATORY FOR SAFETY. They are not tailorable, they are all Full depth, and no assessor may downgrade that status.

Sheet Full Register
A1: Full-Scope TDR Register - EIA-649-1A
A2: Program: [enter] | Contract / SOW ref: [enter] | TDR Rev / Date: [enter]
A3: YOU FILL TWO COLUMNS: J (Evidence Pull ID) and K (Health Rung). Columns L, M and N are optional. Everything else is either sourced or calculated. All process, tool, training, staffing and sample detail lives on the Evidence Pulls sheet.
A4: Column F is intentionally empty: EIA-649-1A is copyrighted SAE material under a no-reproduction licence, so requirement text is not transcribed here. The clause reference in columns C and E is the authoritative pointer. Amber rows are MANDATORY FOR SAFETY.
A5: Item ID | B5: Section | C5: Clause | D5: Clause Title | E5: Sub-Ref | F5: Requirement text (paste from your licensed copy) | G5: Mandatory for Safety? | H5: Depth | I5: TDR Group | J5: Evidence Pull ID | K5: Health Rung | L5: Disposition Override | M5: Finding / RFA Ref | N5: Notes | O5: Rung Score | P5: Executor Count | Q5: Executor Function | R5: Staffing Rung | S5: Disposition | T5: Validation Flag
A6: FS-001 | B6: 3. Configuration Management Requirements | C6: 3. | D6: Configuration Management Requirements | E6: (1) | H6: Screen | I6: 1. Management and Planning | O6: =IFERROR(INDEX(Lists!$B$3:$B$7,MATCH(K6,Lists!$A$3:$A$7,0)),"") | P6: =IFERROR(INDEX('Evidence Pulls'!$N$6:$N$125,MATCH($J6,'Evidence Pulls'!$A$6:$A$125,0)),"") | Q6: =IFERROR(INDEX('Evidence Pulls'!$G$6:$G$125,MATCH($J6,'Evidence Pulls'!$A$6:$A$125,0)),"") | R6: =IFERROR(INDEX('Evidence Pulls'!$O$6:$O$125,MATCH($J6,'Evidence Pulls'!$A$6:$A$125,0)),"") | S6: =IF(L6<>"",L6,IF(K6="","Not assessed",IF(N(O6)>=3,"Demonstrated","Gap - remediate"))) -> Not assessed | T6: =IF(J6="","No evidence pull assigned",IF(COUNTIF('Evidence Pulls'!$A$6:$A$125,J6)=0,"Pull ID not on Evidence Pulls sheet",IF(K6="","Not graded",IF(AND(G6="MANDATORY",L6="Gap - recommend tailoring"),"INVALID: safety-mandatory, not tailorable",IF(OR(P6="",P6=0),"NO NAMED EXECUTOR",IF(AND(H6="Full",N(O6)>=3,N(IFERROR(INDEX('Evidence Pulls'!$J$6:$J$125,MATCH($J6,'Evidence Pulls'!$A$6:$A$125,0)),""))=0),"Operating claimed with no sample",IF(AND(N(O6)>=3,P6=1),"Operating rests on one individual",IF(AND(G6="MANDATORY",N(O6)<3),"SAFETY GATE: below Operating","OK")))))))) -> No evidence pull assigned
A7: FS-002 | B7: 3. Configuration Management Requirements | C7: 3. | D7: Configuration Management Requirements | E7: (2) | G7: MANDATORY | H7: Full | I7: 1. Management and Planning | O7: =IFERROR(INDEX(Lists!$B$3:$B$7,MATCH(K7,Lists!$A$3:$A$7,0)),"") | P7: =IFERROR(INDEX('Evidence Pulls'!$N$6:$N$125,MATCH($J7,'Evidence Pulls'!$A$6:$A$125,0)),"") | Q7: =IFERROR(INDEX('Evidence Pulls'!$G$6:$G$125,MATCH($J7,'Evidence Pulls'!$A$6:$A$125,0)),"") | R7: =IFERROR(INDEX('Evidence Pulls'!$O$6:$O$125,MATCH($J7,'Evidence Pulls'!$A$6:$A$125,0)),"") | S7: =IF(L7<>"",L7,IF(K7="","Not assessed",IF(N(O7)>=3,"Demonstrated","Gap - remediate"))) -> Not assessed | T7: =IF(J7="","No evidence pull assigned",IF(COUNTIF('Evidence Pulls'!$A$6:$A$125,J7)=0,"Pull ID not on Evidence Pulls sheet",IF(K7="","Not graded",IF(AND(G7="MANDATORY",L7="Gap - recommend tailoring"),"INVALID: safety-mandatory, not tailorable",IF(OR(P7="",P7=0),"NO NAMED EXECUTOR",IF(AND(H7="Full",N(O7)>=3,N(IFERROR(INDEX('Evidence Pulls'!$J$6:$J$125,MATCH($J7,'Evidence Pulls'!$A$6:$A$125,0)),""))=0),"Operating claimed with no sample",IF(AND(N(O7)>=3,P7=1),"Operating rests on one individual",IF(AND(G7="MANDATORY",N(O7)<3),"SAFETY GATE: below Operating","OK")))))))) -> No evidence pull assigned
A8: FS-003 | B8: 3. Configuration Management Requirements | C8: 3. | D8: Configuration Management Requirements | E8: (3) | H8: Screen | I8: 1. Management and Planning | O8: =IFERROR(INDEX(Lists!$B$3:$B$7,MATCH(K8,Lists!$A$3:$A$7,0)),"") | P8: =IFERROR(INDEX('Evidence Pulls'!$N$6:$N$125,MATCH($J8,'Evidence Pulls'!$A$6:$A$125,0)),"") | Q8: =IFERROR(INDEX('Evidence Pulls'!$G$6:$G$125,MATCH($J8,'Evidence Pulls'!$A$6:$A$125,0)),"") | R8: =IFERROR(INDEX('Evidence Pulls'!$O$6:$O$125,MATCH($J8,'Evidence Pulls'!$A$6:$A$125,0)),"") | S8: =IF(L8<>"",L8,IF(K8="","Not assessed",IF(N(O8)>=3,"Demonstrated","Gap - remediate"))) -> Not assessed | T8: =IF(J8="","No evidence pull assigned",IF(COUNTIF('Evidence Pulls'!$A$6:$A$125,J8)=0,"Pull ID not on Evidence Pulls sheet",IF(K8="","Not graded",IF(AND(G8="MANDATORY",L8="Gap - recommend tailoring"),"INVALID: safety-mandatory, not tailorable",IF(OR(P8="",P8=0),"NO NAMED EXECUTOR",IF(AND(H8="Full",N(O8)>=3,N(IFERROR(INDEX('Evidence Pulls'!$J$6:$J$125,MATCH($J8,'Evidence Pulls'!$A$6:$A$125,0)),""))=0),"Operating claimed with no sample",IF(AND(N(O8)>=3,P8=1),"Operating rests on one individual",IF(AND(G8="MANDATORY",N(O8)<3),"SAFETY GATE: below Operating","OK")))))))) -> No evidence pull assigned
A9: FS-004 | B9: 3. Configuration Management Requirements | C9: 3. | D9: Configuration Management Requirements | E9: (4) | G9: MANDATORY | H9: Full | I9: 1. Management and Planning | O9: =IFERROR(INDEX(Lists!$B$3:$B$7,MATCH(K9,Lists!$A$3:$A$7,0)),"") | P9: =IFERROR(INDEX('Evidence Pulls'!$N$6:$N$125,MATCH($J9,'Evidence Pulls'!$A$6:$A$125,0)),"") | Q9: =IFERROR(INDEX('Evidence Pulls'!$G$6:$G$125,MATCH($J9,'Evidence Pulls'!$A$6:$A$125,0)),"") | R9: =IFERROR(INDEX('Evidence Pulls'!$O$6:$O$125,MATCH($J9,'Evidence Pulls'!$A$6:$A$125,0)),"") | S9: =IF(L9<>"",L9,IF(K9="","Not assessed",IF(N(O9)>=3,"Demonstrated","Gap - remediate"))) -> Not assessed | T9: =IF(J9="","No evidence pull assigned",IF(COUNTIF('Evidence Pulls'!$A$6:$A$125,J9)=0,"Pull ID not on Evidence Pulls sheet",IF(K9="","Not graded",IF(AND(G9="MANDATORY",L9="Gap - recommend tailoring"),"INVALID: safety-mandatory, not tailorable",IF(OR(P9="",P9=0),"NO NAMED EXECUTOR",IF(AND(H9="Full",N(O9)>=3,N(IFERROR(INDEX('Evidence Pulls'!$J$6:$J$125,MATCH($J9,'Evidence Pulls'!$A$6:$A$125,0)),""))=0),"Operating claimed with no sample",IF(AND(N(O9)>=3,P9=1),"Operating rests on one individual",IF(AND(G9="MANDATORY",N(O9)<3),"SAFETY GATE: below Operating","OK")))))))) -> No evidence pull assigned
A10: FS-005 | B10: 3.1 Planning and Management | C10: 3.1 | D10: Planning and Management | E10: (1)(a) | H10: Screen | I10: 1. Management and Planning | O10: =IFERROR(INDEX(Lists!$B$3:$B$7,MATCH(K10,Lists!$A$3:$A$7,0)),"") | P10: =IFERROR(INDEX('Evidence Pulls'!$N$6:$N$125,MATCH($J10,'Evidence Pulls'!$A$6:$A$125,0)),"") | Q10: =IFERROR(INDEX('Evidence Pulls'!$G$6:$G$125,MATCH($J10,'Evidence Pulls'!$A$6:$A$125,0)),"") | R10: =IFERROR(INDEX('Evidence Pulls'!$O$6:$O$125,MATCH($J10,'Evidence Pulls'!$A$6:$A$125,0)),"") | S10: =IF(L10<>"",L10,IF(K10="","Not assessed",IF(N(O10)>=3,"Demonstrated","Gap - remediate"))) -> Not assessed | T10: =IF(J10="","No evidence pull assigned",IF(COUNTIF('Evidence Pulls'!$A$6:$A$125,J10)=0,"Pull ID not on Evidence Pulls sheet",IF(K10="","Not graded",IF(AND(G10="MANDATORY",L10="Gap - recommend tailoring"),"INVALID: safety-mandatory, not tailorable",IF(OR(P10="",P10=0),"NO NAMED EXECUTOR",IF(AND(H10="Full",N(O10)>=3,N(IFERROR(INDEX('Evidence Pulls'!$J$6:$J$125,MATCH($J10,'Evidence Pulls'!$A$6:$A$125,0)),""))=0),"Operating claimed with no sample",IF(AND(N(O10)>=3,P10=1),"Operating rests on one individual",IF(AND(G10="MANDATORY",N(O10)<3),"SAFETY GATE: below Operating","OK")))))))) -> No evidence pull assigned
A11: FS-006 | B11: 3.1 Planning and Management | C11: 3.1 | D11: Planning and Management | E11: (1)(b) | H11: Screen | I11: 1. Management and Planning | O11: =IFERROR(INDEX(Lists!$B$3:$B$7,MATCH(K11,Lists!$A$3:$A$7,0)),"") | P11: =IFERROR(INDEX('Evidence Pulls'!$N$6:$N$125,MATCH($J11,'Evidence Pulls'!$A$6:$A$125,0)),"") | Q11: =IFERROR(INDEX('Evidence Pulls'!$G$6:$G$125,MATCH($J11,'Evidence Pulls'!$A$6:$A$125,0)),"") | R11: =IFERROR(INDEX('Evidence Pulls'!$O$6:$O$125,MATCH($J11,'Evidence Pulls'!$A$6:$A$125,0)),"") | S11: =IF(L11<>"",L11,IF(K11="","Not assessed",IF(N(O11)>=3,"Demonstrated","Gap - remediate"))) -> Not assessed | T11: =IF(J11="","No evidence pull assigned",IF(COUNTIF('Evidence Pulls'!$A$6:$A$125,J11)=0,"Pull ID not on Evidence Pulls sheet",IF(K11="","Not graded",IF(AND(G11="MANDATORY",L11="Gap - recommend tailoring"),"INVALID: safety-mandatory, not tailorable",IF(OR(P11="",P11=0),"NO NAMED EXECUTOR",IF(AND(H11="Full",N(O11)>=3,N(IFERROR(INDEX('Evidence Pulls'!$J$6:$J$125,MATCH($J11,'Evidence Pulls'!$A$6:$A$125,0)),""))=0),"Operating claimed with no sample",IF(AND(N(O11)>=3,P11=1),"Operating rests on one individual",IF(AND(G11="MANDATORY",N(O11)<3),"SAFETY GATE: below Operating","OK")))))))) -> No evidence pull assigned
A12: FS-007 | B12: 3.1 Planning and Management | C12: 3.1 | D12: Planning and Management | E12: (1)(c) | H12: Screen | I12: 1. Management and Planning | O12: =IFERROR(INDEX(Lists!$B$3:$B$7,MATCH(K12,Lists!$A$3:$A$7,0)),"") | P12: =IFERROR(INDEX('Evidence Pulls'!$N$6:$N$125,MATCH($J12,'Evidence Pulls'!$A$6:$A$125,0)),"") | Q12: =IFERROR(INDEX('Evidence Pulls'!$G$6:$G$125,MATCH($J12,'Evidence Pulls'!$A$6:$A$125,0)),"") | R12: =IFERROR(INDEX('Evidence Pulls'!$O$6:$O$125,MATCH($J12,'Evidence Pulls'!$A$6:$A$125,0)),"") | S12: =IF(L12<>"",L12,IF(K12="","Not assessed",IF(N(O12)>=3,"Demonstrated","Gap - remediate"))) -> Not assessed | T12: =IF(J12="","No evidence pull assigned",IF(COUNTIF('Evidence Pulls'!$A$6:$A$125,J12)=0,"Pull ID not on Evidence Pulls sheet",IF(K12="","Not graded",IF(AND(G12="MANDATORY",L12="Gap - recommend tailoring"),"INVALID: safety-mandatory, not tailorable",IF(OR(P12="",P12=0),"NO NAMED EXECUTOR",IF(AND(H12="Full",N(O12)>=3,N(IFERROR(INDEX('Evidence Pulls'!$J$6:$J$125,MATCH($J12,'Evidence Pulls'!$A$6:$A$125,0)),""))=0),"Operating claimed with no sample",IF(AND(N(O12)>=3,P12=1),"Operating rests on one individual",IF(AND(G12="MANDATORY",N(O12)<3),"SAFETY GATE: below Operating","OK")))))))) -> No evidence pull assigned
A13: FS-008 | B13: 3.1 Planning and Management | C13: 3.1 | D13: Planning and Management | E13: (1)(d) | H13: Screen | I13: 1. Management and Planning | O13: =IFERROR(INDEX(Lists!$B$3:$B$7,MATCH(K13,Lists!$A$3:$A$7,0)),"") | P13: =IFERROR(INDEX('Evidence Pulls'!$N$6:$N$125,MATCH($J13,'Evidence Pulls'!$A$6:$A$125,0)),"") | Q13: =IFERROR(INDEX('Evidence Pulls'!$G$6:$G$125,MATCH($J13,'Evidence Pulls'!$A$6:$A$125,0)),"") | R13: =IFERROR(INDEX('Evidence Pulls'!$O$6:$O$125,MATCH($J13,'Evidence Pulls'!$A$6:$A$125,0)),"") | S13: =IF(L13<>"",L13,IF(K13="","Not assessed",IF(N(O13)>=3,"Demonstrated","Gap - remediate"))) -> Not assessed | T13: =IF(J13="","No evidence pull assigned",IF(COUNTIF('Evidence Pulls'!$A$6:$A$125,J13)=0,"Pull ID not on Evidence Pulls sheet",IF(K13="","Not graded",IF(AND(G13="MANDATORY",L13="Gap - recommend tailoring"),"INVALID: safety-mandatory, not tailorable",IF(OR(P13="",P13=0),"NO NAMED EXECUTOR",IF(AND(H13="Full",N(O13)>=3,N(IFERROR(INDEX('Evidence Pulls'!$J$6:$J$125,MATCH($J13,'Evidence Pulls'!$A$6:$A$125,0)),""))=0),"Operating claimed with no sample",IF(AND(N(O13)>=3,P13=1),"Operating rests on one individual",IF(AND(G13="MANDATORY",N(O13)<3),"SAFETY GATE: below Operating","OK")))))))) -> No evidence pull assigned
A14: FS-009 | B14: 3.1 Planning and Management | C14: 3.1 | D14: Planning and Management | E14: (1)(e) | H14: Screen | I14: 1. Management and Planning | O14: =IFERROR(INDEX(Lists!$B$3:$B$7,MATCH(K14,Lists!$A$3:$A$7,0)),"") | P14: =IFERROR(INDEX('Evidence Pulls'!$N$6:$N$125,MATCH($J14,'Evidence Pulls'!$A$6:$A$125,0)),"") | Q14: =IFERROR(INDEX('Evidence Pulls'!$G$6:$G$125,MATCH($J14,'Evidence Pulls'!$A$6:$A$125,0)),"") | R14: =IFERROR(INDEX('Evidence Pulls'!$O$6:$O$125,MATCH($J14,'Evidence Pulls'!$A$6:$A$125,0)),"") | S14: =IF(L14<>"",L14,IF(K14="","Not assessed",IF(N(O14)>=3,"Demonstrated","Gap - remediate"))) -> Not assessed | T14: =IF(J14="","No evidence pull assigned",IF(COUNTIF('Evidence Pulls'!$A$6:$A$125,J14)=0,"Pull ID not on Evidence Pulls sheet",IF(K14="","Not graded",IF(AND(G14="MANDATORY",L14="Gap - recommend tailoring"),"INVALID: safety-mandatory, not tailorable",IF(OR(P14="",P14=0),"NO NAMED EXECUTOR",IF(AND(H14="Full",N(O14)>=3,N(IFERROR(INDEX('Evidence Pulls'!$J$6:$J$125,MATCH($J14,'Evidence Pulls'!$A$6:$A$125,0)),""))=0),"Operating claimed with no sample",IF(AND(N(O14)>=3,P14=1),"Operating rests on one individual",IF(AND(G14="MANDATORY",N(O14)<3),"SAFETY GATE: below Operating","OK")))))))) -> No evidence pull assigned
A15: FS-010 | B15: 3.1 Planning and Management | C15: 3.1 | D15: Planning and Management | E15: (1)(f) | H15: Screen | I15: 1. Management and Planning | O15: =IFERROR(INDEX(Lists!$B$3:$B$7,MATCH(K15,Lists!$A$3:$A$7,0)),"") | P15: =IFERROR(INDEX('Evidence Pulls'!$N$6:$N$125,MATCH($J15,'Evidence Pulls'!$A$6:$A$125,0)),"") | Q15: =IFERROR(INDEX('Evidence Pulls'!$G$6:$G$125,MATCH($J15,'Evidence Pulls'!$A$6:$A$125,0)),"") | R15: =IFERROR(INDEX('Evidence Pulls'!$O$6:$O$125,MATCH($J15,'Evidence Pulls'!$A$6:$A$125,0)),"") | S15: =IF(L15<>"",L15,IF(K15="","Not assessed",IF(N(O15)>=3,"Demonstrated","Gap - remediate"))) -> Not assessed | T15: =IF(J15="","No evidence pull assigned",IF(COUNTIF('Evidence Pulls'!$A$6:$A$125,J15)=0,"Pull ID not on Evidence Pulls sheet",IF(K15="","Not graded",IF(AND(G15="MANDATORY",L15="Gap - recommend tailoring"),"INVALID: safety-mandatory, not tailorable",IF(OR(P15="",P15=0),"NO NAMED EXECUTOR",IF(AND(H15="Full",N(O15)>=3,N(IFERROR(INDEX('Evidence Pulls'!$J$6:$J$125,MATCH($J15,'Evidence Pulls'!$A$6:$A$125,0)),""))=0),"Operating claimed with no sample",IF(AND(N(O15)>=3,P15=1),"Operating rests on one individual",IF(AND(G15="MANDATORY",N(O15)<3),"SAFETY GATE: below Operating","OK")))))))) -> No evidence pull assigned
A16: FS-011 | B16: 3.1 Planning and Management | C16: 3.1 | D16: Planning and Management | E16: (1)(g) | H16: Screen | I16: 1. Management and Planning | O16: =IFERROR(INDEX(Lists!$B$3:$B$7,MATCH(K16,Lists!$A$3:$A$7,0)),"") | P16: =IFERROR(INDEX('Evidence Pulls'!$N$6:$N$125,MATCH($J16,'Evidence Pulls'!$A$6:$A$125,0)),"") | Q16: =IFERROR(INDEX('Evidence Pulls'!$G$6:$G$125,MATCH($J16,'Evidence Pulls'!$A$6:$A$125,0)),"") | R16: =IFERROR(INDEX('Evidence Pulls'!$O$6:$O$125,MATCH($J16,'Evidence Pulls'!$A$6:$A$125,0)),"") | S16: =IF(L16<>"",L16,IF(K16="","Not assessed",IF(N(O16)>=3,"Demonstrated","Gap - remediate"))) -> Not assessed | T16: =IF(J16="","No evidence pull assigned",IF(COUNTIF('Evidence Pulls'!$A$6:$A$125,J16)=0,"Pull ID not on Evidence Pulls sheet",IF(K16="","Not graded",IF(AND(G16="MANDATORY",L16="Gap - recommend tailoring"),"INVALID: safety-mandatory, not tailorable",IF(OR(P16="",P16=0),"NO NAMED EXECUTOR",IF(AND(H16="Full",N(O16)>=3,N(IFERROR(INDEX('Evidence Pulls'!$J$6:$J$125,MATCH($J16,'Evidence Pulls'!$A$6:$A$125,0)),""))=0),"Operating claimed with no sample",IF(AND(N(O16)>=3,P16=1),"Operating rests on one individual",IF(AND(G16="MANDATORY",N(O16)<3),"SAFETY GATE: below Operating","OK")))))))) -> No evidence pull assigned
A17: FS-012 | B17: 3.1 Planning and Management | C17: 3.1 | D17: Planning and Management | E17: (1)(h) | H17: Screen | I17: 1. Management and Planning | O17: =IFERROR(INDEX(Lists!$B$3:$B$7,MATCH(K17,Lists!$A$3:$A$7,0)),"") | P17: =IFERROR(INDEX('Evidence Pulls'!$N$6:$N$125,MATCH($J17,'Evidence Pulls'!$A$6:$A$125,0)),"") | Q17: =IFERROR(INDEX('Evidence Pulls'!$G$6:$G$125,MATCH($J17,'Evidence Pulls'!$A$6:$A$125,0)),"") | R17: =IFERROR(INDEX('Evidence Pulls'!$O$6:$O$125,MATCH($J17,'Evidence Pulls'!$A$6:$A$125,0)),"") | S17: =IF(L17<>"",L17,IF(K17="","Not assessed",IF(N(O17)>=3,"Demonstrated","Gap - remediate"))) -> Not assessed | T17: =IF(J17="","No evidence pull assigned",IF(COUNTIF('Evidence Pulls'!$A$6:$A$125,J17)=0,"Pull ID not on Evidence Pulls sheet",IF(K17="","Not graded",IF(AND(G17="MANDATORY",L17="Gap - recommend tailoring"),"INVALID: safety-mandatory, not tailorable",IF(OR(P17="",P17=0),"NO NAMED EXECUTOR",IF(AND(H17="Full",N(O17)>=3,N(IFERROR(INDEX('Evidence Pulls'!$J$6:$J$125,MATCH($J17,'Evidence Pulls'!$A$6:$A$125,0)),""))=0),"Operating claimed with no sample",IF(AND(N(O17)>=3,P17=1),"Operating rests on one individual",IF(AND(G17="MANDATORY",N(O17)<3),"SAFETY GATE: below Operating","OK")))))))) -> No evidence pull assigned
A18: FS-013 | B18: 3.1 Planning and Management | C18: 3.1 | D18: Planning and Management | E18: (1)(i) | H18: Screen | I18: 1. Management and Planning | O18: =IFERROR(INDEX(Lists!$B$3:$B$7,MATCH(K18,Lists!$A$3:$A$7,0)),"") | P18: =IFERROR(INDEX('Evidence Pulls'!$N$6:$N$125,MATCH($J18,'Evidence Pulls'!$A$6:$A$125,0)),"") | Q18: =IFERROR(INDEX('Evidence Pulls'!$G$6:$G$125,MATCH($J18,'Evidence Pulls'!$A$6:$A$125,0)),"") | R18: =IFERROR(INDEX('Evidence Pulls'!$O$6:$O$125,MATCH($J18,'Evidence Pulls'!$A$6:$A$125,0)),"") | S18: =IF(L18<>"",L18,IF(K18="","Not assessed",IF(N(O18)>=3,"Demonstrated","Gap - remediate"))) -> Not assessed | T18: =IF(J18="","No evidence pull assigned",IF(COUNTIF('Evidence Pulls'!$A$6:$A$125,J18)=0,"Pull ID not on Evidence Pulls sheet",IF(K18="","Not graded",IF(AND(G18="MANDATORY",L18="Gap - recommend tailoring"),"INVALID: safety-mandatory, not tailorable",IF(OR(P18="",P18=0),"NO NAMED EXECUTOR",IF(AND(H18="Full",N(O18)>=3,N(IFERROR(INDEX('Evidence Pulls'!$J$6:$J$125,MATCH($J18,'Evidence Pulls'!$A$6:$A$125,0)),""))=0),"Operating claimed with no sample",IF(AND(N(O18)>=3,P18=1),"Operating rests on one individual",IF(AND(G18="MANDATORY",N(O18)<3),"SAFETY GATE: below Operating","OK")))))))) -> No evidence pull assigned
A19: FS-014 | B19: 3.1 Planning and Management | C19: 3.1 | D19: Planning and Management | E19: (1)(j) | H19: Screen | I19: 1. Management and Planning | O19: =IFERROR(INDEX(Lists!$B$3:$B$7,MATCH(K19,Lists!$A$3:$A$7,0)),"") | P19: =IFERROR(INDEX('Evidence Pulls'!$N$6:$N$125,MATCH($J19,'Evidence Pulls'!$A$6:$A$125,0)),"") | Q19: =IFERROR(INDEX('Evidence Pulls'!$G$6:$G$125,MATCH($J19,'Evidence Pulls'!$A$6:$A$125,0)),"") | R19: =IFERROR(INDEX('Evidence Pulls'!$O$6:$O$125,MATCH($J19,'Evidence Pulls'!$A$6:$A$125,0)),"") | S19: =IF(L19<>"",L19,IF(K19="","Not assessed",IF(N(O19)>=3,"Demonstrated","Gap - remediate"))) -> Not assessed | T19: =IF(J19="","No evidence pull assigned",IF(COUNTIF('Evidence Pulls'!$A$6:$A$125,J19)=0,"Pull ID not on Evidence Pulls sheet",IF(K19="","Not graded",IF(AND(G19="MANDATORY",L19="Gap - recommend tailoring"),"INVALID: safety-mandatory, not tailorable",IF(OR(P19="",P19=0),"NO NAMED EXECUTOR",IF(AND(H19="Full",N(O19)>=3,N(IFERROR(INDEX('Evidence Pulls'!$J$6:$J$125,MATCH($J19,'Evidence Pulls'!$A$6:$A$125,0)),""))=0),"Operating claimed with no sample",IF(AND(N(O19)>=3,P19=1),"Operating rests on one individual",IF(AND(G19="MANDATORY",N(O19)<3),"SAFETY GATE: below Operating","OK")))))))) -> No evidence pull assigned
A20: FS-015 | B20: 3.1 Planning and Management | C20: 3.1 | D20: Planning and Management | E20: (1)(k) | H20: Screen | I20: 1. Management and Planning | O20: =IFERROR(INDEX(Lists!$B$3:$B$7,MATCH(K20,Lists!$A$3:$A$7,0)),"") | P20: =IFERROR(INDEX('Evidence Pulls'!$N$6:$N$125,MATCH($J20,'Evidence Pulls'!$A$6:$A$125,0)),"") | Q20: =IFERROR(INDEX('Evidence Pulls'!$G$6:$G$125,MATCH($J20,'Evidence Pulls'!$A$6:$A$125,0)),"") | R20: =IFERROR(INDEX('Evidence Pulls'!$O$6:$O$125,MATCH($J20,'Evidence Pulls'!$A$6:$A$125,0)),"") | S20: =IF(L20<>"",L20,IF(K20="","Not assessed",IF(N(O20)>=3,"Demonstrated","Gap - remediate"))) -> Not assessed | T20: =IF(J20="","No evidence pull assigned",IF(COUNTIF('Evidence Pulls'!$A$6:$A$125,J20)=0,"Pull ID not on Evidence Pulls sheet",IF(K20="","Not graded",IF(AND(G20="MANDATORY",L20="Gap - recommend tailoring"),"INVALID: safety-mandatory, not tailorable",IF(OR(P20="",P20=0),"NO NAMED EXECUTOR",IF(AND(H20="Full",N(O20)>=3,N(IFERROR(INDEX('Evidence Pulls'!$J$6:$J$125,MATCH($J20,'Evidence Pulls'!$A$6:$A$125,0)),""))=0),"Operating claimed with no sample",IF(AND(N(O20)>=3,P20=1),"Operating rests on one individual",IF(AND(G20="MANDATORY",N(O20)<3),"SAFETY GATE: below Operating","OK")))))))) -> No evidence pull assigned
A21: FS-016 | B21: 3.1 Planning and Management | C21: 3.1.1 | D21: Monitoring Configuration Management Performance | E21: (1) | H21: Screen | I21: 1. Management and Planning | O21: =IFERROR(INDEX(Lists!$B$3:$B$7,MATCH(K21,Lists!$A$3:$A$7,0)),"") | P21: =IFERROR(INDEX('Evidence Pulls'!$N$6:$N$125,MATCH($J21,'Evidence Pulls'!$A$6:$A$125,0)),"") | Q21: =IFERROR(INDEX('Evidence Pulls'!$G$6:$G$125,MATCH($J21,'Evidence Pulls'!$A$6:$A$125,0)),"") | R21: =IFERROR(INDEX('Evidence Pulls'!$O$6:$O$125,MATCH($J21,'Evidence Pulls'!$A$6:$A$125,0)),"") | S21: =IF(L21<>"",L21,IF(K21="","Not assessed",IF(N(O21)>=3,"Demonstrated","Gap - remediate"))) -> Not assessed | T21: =IF(J21="","No evidence pull assigned",IF(COUNTIF('Evidence Pulls'!$A$6:$A$125,J21)=0,"Pull ID not on Evidence Pulls sheet",IF(K21="","Not graded",IF(AND(G21="MANDATORY",L21="Gap - recommend tailoring"),"INVALID: safety-mandatory, not tailorable",IF(OR(P21="",P21=0),"NO NAMED EXECUTOR",IF(AND(H21="Full",N(O21)>=3,N(IFERROR(INDEX('Evidence Pulls'!$J$6:$J$125,MATCH($J21,'Evidence Pulls'!$A$6:$A$125,0)),""))=0),"Operating claimed with no sample",IF(AND(N(O21)>=3,P21=1),"Operating rests on one individual",IF(AND(G21="MANDATORY",N(O21)<3),"SAFETY GATE: below Operating","OK")))))))) -> No evidence pull assigned
... A44: FS-039 | B44: 3.2 Configuration Identification | C44: 3.2.1 | D44: Configuration Item Selection | E44: (2)(a) | H44: Screen | I44: 2. Configuration Identification | O44: =IFERROR(INDEX(Lists!$B$3:$B$7,MATCH(K44,Lists!$A$3:$A$7,0)),"") | P44: =IFERROR(INDEX('Evidence Pulls'!$N$6:$N$125,MATCH($J44,'Evidence Pulls'!$A$6:$A$125,0)),"") | Q44: =IFERROR(INDEX('Evidence Pulls'!$G$6:$G$125,MATCH($J44,'Evidence Pulls'!$A$6:$A$125,0)),"") | R44: =IFERROR(INDEX('Evidence Pulls'!$O$6:$O$125,MATCH($J44,'Evidence Pulls'!$A$6:$A$125,0)),"") | S44: =IF(L44<>"",L44,IF(K44="","Not assessed",IF(N(O44)>=3,"Demonstrated","Gap - remediate"))) -> Not assessed | T44: =IF(J44="","No evidence pull assigned",IF(COUNTIF('Evidence Pulls'!$A$6:$A$125,J44)=0,"Pull ID not on Evidence Pulls sheet",IF(K44="","Not graded",IF(AND(G44="MANDATORY",L44="Gap - recommend tailoring"),"INVALID: safety-mandatory, not tailorable",IF(OR(P44="",P44=0),"NO NAMED EXECUTOR",IF(AND(H44="Full",N(O44)>=3,N(IFERROR(INDEX('Evidence Pulls'!$J$6:$J$125,MATCH($J44,'Evidence Pulls'!$A$6:$A$125,0)),""))=0),"Operating claimed with no sample",IF(AND(N(O44)>=3,P44=1),"Operating rests on one individual",IF(AND(G44="MANDATORY",N(O44)<3),"SAFETY GATE: below Operating","OK")))))))) -> No evidence pull assigned
A45: FS-040 | B45: 3.2 Configuration Identification | C45: 3.2.1 | D45: Configuration Item Selection | E45: (2)(b) | G45: MANDATORY | H45: Full | I45: 2. Configuration Identification | O45: =IFERROR(INDEX(Lists!$B$3:$B$7,MATCH(K45,Lists!$A$3:$A$7,0)),"") | P45: =IFERROR(INDEX('Evidence Pulls'!$N$6:$N$125,MATCH($J45,'Evidence Pulls'!$A$6:$A$125,0)),"") | Q45: =IFERROR(INDEX('Evidence Pulls'!$G$6:$G$125,MATCH($J45,'Evidence Pulls'!$A$6:$A$125,0)),"") | R45: =IFERROR(INDEX('Evidence Pulls'!$O$6:$O$125,MATCH($J45,'Evidence Pulls'!$A$6:$A$125,0)),"") | S45: =IF(L45<>"",L45,IF(K45="","Not assessed",IF(N(O45)>=3,"Demonstrated","Gap - remediate"))) -> Not assessed | T45: =IF(J45="","No evidence pull assigned",IF(COUNTIF('Evidence Pulls'!$A$6:$A$125,J45)=0,"Pull ID not on Evidence Pulls sheet",IF(K45="","Not graded",IF(AND(G45="MANDATORY",L45="Gap - recommend tailoring"),"INVALID: safety-mandatory, not tailorable",IF(OR(P45="",P45=0),"NO NAMED EXECUTOR",IF(AND(H45="Full",N(O45)>=3,N(IFERROR(INDEX('Evidence Pulls'!$J$6:$J$125,MATCH($J45,'Evidence Pulls'!$A$6:$A$125,0)),""))=0),"Operating claimed with no sample",IF(AND(N(O45)>=3,P45=1),"Operating rests on one individual",IF(AND(G45="MANDATORY",N(O45)<3),"SAFETY GATE: below Operating","OK")))))))) -> No evidence pull assigned
A46: FS-041 | B46: 3.2 Configuration Identification | C46: 3.2.1 | D46: Configuration Item Selection | E46: (2)(c) | H46: Screen | I46: 2. Configuration Identification | O46: =IFERROR(INDEX(Lists!$B$3:$B$7,MATCH(K46,Lists!$A$3:$A$7,0)),"") | P46: =IFERROR(INDEX('Evidence Pulls'!$N$6:$N$125,MATCH($J46,'Evidence Pulls'!$A$6:$A$125,0)),"") | Q46: =IFERROR(INDEX('Evidence Pulls'!$G$6:$G$125,MATCH($J46,'Evidence Pulls'!$A$6:$A$125,0)),"") | R46: =IFERROR(INDEX('Evidence Pulls'!$O$6:$O$125,MATCH($J46,'Evidence Pulls'!$A$6:$A$125,0)),"") | S46: =IF(L46<>"",L46,IF(K46="","Not assessed",IF(N(O46)>=3,"Demonstrated","Gap - remediate"))) -> Not assessed | T46: =IF(J46="","No evidence pull assigned",IF(COUNTIF('Evidence Pulls'!$A$6:$A$125,J46)=0,"Pull ID not on Evidence Pulls sheet",IF(K46="","Not graded",IF(AND(G46="MANDATORY",L46="Gap - recommend tailoring"),"INVALID: safety-mandatory, not tailorable",IF(OR(P46="",P46=0),"NO NAMED EXECUTOR",IF(AND(H46="Full",N(O46)>=3,N(IFERROR(INDEX('Evidence Pulls'!$J$6:$J$125,MATCH($J46,'Evidence Pulls'!$A$6:$A$125,0)),""))=0),"Operating claimed with no sample",IF(AND(N(O46)>=3,P46=1),"Operating rests on one individual",IF(AND(G46="MANDATORY",N(O46)<3),"SAFETY GATE: below Operating","OK")))))))) -> No evidence pull assigned
A47: FS-042 | B47: 3.2 Configuration Identification | C47: 3.2.1 | D47: Configuration Item Selection | E47: (2)(d) | H47: Screen | I47: 2. Configuration Identification | O47: =IFERROR(INDEX(Lists!$B$3:$B$7,MATCH(K47,Lists!$A$3:$A$7,0)),"") | P47: =IFERROR(INDEX('Evidence Pulls'!$N$6:$N$125,MATCH($J47,'Evidence Pulls'!$A$6:$A$125,0)),"") | Q47: =IFERROR(INDEX('Evidence Pulls'!$G$6:$G$125,MATCH($J47,'Evidence Pulls'!$A$6:$A$125,0)),"") | R47: =IFERROR(INDEX('Evidence Pulls'!$O$6:$O$125,MATCH($J47,'Evidence Pulls'!$A$6:$A$125,0)),"") | S47: =IF(L47<>"",L47,IF(K47="","Not assessed",IF(N(O47)>=3,"Demonstrated","Gap - remediate"))) -> Not assessed | T47: =IF(J47="","No evidence pull assigned",IF(COUNTIF('Evidence Pulls'!$A$6:$A$125,J47)=0,"Pull ID not on Evidence Pulls sheet",IF(K47="","Not graded",IF(AND(G47="MANDATORY",L47="Gap - recommend tailoring"),"INVALID: safety-mandatory, not tailorable",IF(OR(P47="",P47=0),"NO NAMED EXECUTOR",IF(AND(H47="Full",N(O47)>=3,N(IFERROR(INDEX('Evidence Pulls'!$J$6:$J$125,MATCH($J47,'Evidence Pulls'!$A$6:$A$125,0)),""))=0),"Operating claimed with no sample",IF(AND(N(O47)>=3,P47=1),"Operating rests on one individual",IF(AND(G47="MANDATORY",N(O47)<3),"SAFETY GATE: below Operating","OK")))))))) -> No evidence pull assigned
A48: FS-043 | B48: 3.2 Configuration Identification | C48: 3.2.1 | D48: Configuration Item Selection | E48: (2)(e) | H48: Screen | I48: 2. Configuration Identification | O48: =IFERROR(INDEX(Lists!$B$3:$B$7,MATCH(K48,Lists!$A$3:$A$7,0)),"") | P48: =IFERROR(INDEX('Evidence Pulls'!$N$6:$N$125,MATCH($J48,'Evidence Pulls'!$A$6:$A$125,0)),"") | Q48: =IFERROR(INDEX('Evidence Pulls'!$G$6:$G$125,MATCH($J48,'Evidence Pulls'!$A$6:$A$125,0)),"") | R48: =IFERROR(INDEX('Evidence Pulls'!$O$6:$O$125,MATCH($J48,'Evidence Pulls'!$A$6:$A$125,0)),"") | S48: =IF(L48<>"",L48,IF(K48="","Not assessed",IF(N(O48)>=3,"Demonstrated","Gap - remediate"))) -> Not assessed | T48: =IF(J48="","No evidence pull assigned",IF(COUNTIF('Evidence Pulls'!$A$6:$A$125,J48)=0,"Pull ID not on Evidence Pulls sheet",IF(K48="","Not graded",IF(AND(G48="MANDATORY",L48="Gap - recommend tailoring"),"INVALID: safety-mandatory, not tailorable",IF(OR(P48="",P48=0),"NO NAMED EXECUTOR",IF(AND(H48="Full",N(O48)>=3,N(IFERROR(INDEX('Evidence Pulls'!$J$6:$J$125,MATCH($J48,'Evidence Pulls'!$A$6:$A$125,0)),""))=0),"Operating claimed with no sample",IF(AND(N(O48)>=3,P48=1),"Operating rests on one individual",IF(AND(G48="MANDATORY",N(O48)<3),"SAFETY GATE: below Operating","OK")))))))) -> No evidence pull assigned
A49: FS-044 | B49: 3.2 Configuration Identification | C49: 3.2.1 | D49: Configuration Item Selection | E49: (2)(f) | H49: Screen | I49: 2. Configuration Identification | O49: =IFERROR(INDEX(Lists!$B$3:$B$7,MATCH(K49,Lists!$A$3:$A$7,0)),"") | P49: =IFERROR(INDEX('Evidence Pulls'!$N$6:$N$125,MATCH($J49,'Evidence Pulls'!$A$6:$A$125,0)),"") | Q49: =IFERROR(INDEX('Evidence Pulls'!$G$6:$G$125,MATCH($J49,'Evidence Pulls'!$A$6:$A$125,0)),"") | R49: =IFERROR(INDEX('Evidence Pulls'!$O$6:$O$125,MATCH($J49,'Evidence Pulls'!$A$6:$A$125,0)),"") | S49: =IF(L49<>"",L49,IF(K49="","Not assessed",IF(N(O49)>=3,"Demonstrated","Gap - remediate"))) -> Not assessed | T49: =IF(J49="","No evidence pull assigned",IF(COUNTIF('Evidence Pulls'!$A$6:$A$125,J49)=0,"Pull ID not on Evidence Pulls sheet",IF(K49="","Not graded",IF(AND(G49="MANDATORY",L49="Gap - recommend tailoring"),"INVALID: safety-mandatory, not tailorable",IF(OR(P49="",P49=0),"NO NAMED EXECUTOR",IF(AND(H49="Full",N(O49)>=3,N(IFERROR(INDEX('Evidence Pulls'!$J$6:$J$125,MATCH($J49,'Evidence Pulls'!$A$6:$A$125,0)),""))=0),"Operating claimed with no sample",IF(AND(N(O49)>=3,P49=1),"Operating rests on one individual",IF(AND(G49="MANDATORY",N(O49)<3),"SAFETY GATE: below Operating","OK")))))))) -> No evidence pull assigned
A50: FS-045 | B50: 3.2 Configuration Identification | C50: 3.2.1 | D50: Configuration Item Selection | E50: (2)(g) | H50: Screen | I50: 2. Configuration Identification | O50: =IFERROR(INDEX(Lists!$B$3:$B$7,MATCH(K50,Lists!$A$3:$A$7,0)),"") | P50: =IFERROR(INDEX('Evidence Pulls'!$N$6:$N$125,MATCH($J50,'Evidence Pulls'!$A$6:$A$125,0)),"") | Q50: =IFERROR(INDEX('Evidence Pulls'!$G$6:$G$125,MATCH($J50,'Evidence Pulls'!$A$6:$A$125,0)),"") | R50: =IFERROR(INDEX('Evidence Pulls'!$O$6:$O$125,MATCH($J50,'Evidence Pulls'!$A$6:$A$125,0)),"") | S50: =IF(L50<>"",L50,IF(K50="","Not assessed",IF(N(O50)>=3,"Demonstrated","Gap - remediate"))) -> Not assessed | T50: =IF(J50="","No evidence pull assigned",IF(COUNTIF('Evidence Pulls'!$A$6:$A$125,J50)=0,"Pull ID not on Evidence Pulls sheet",IF(K50="","Not graded",IF(AND(G50="MANDATORY",L50="Gap - recommend tailoring"),"INVALID: safety-mandatory, not tailorable",IF(OR(P50="",P50=0),"NO NAMED EXECUTOR",IF(AND(H50="Full",N(O50)>=3,N(IFERROR(INDEX('Evidence Pulls'!$J$6:$J$125,MATCH($J50,'Evidence Pulls'!$A$6:$A$125,0)),""))=0),"Operating claimed with no sample",IF(AND(N(O50)>=3,P50=1),"Operating rests on one individual",IF(AND(G50="MANDATORY",N(O50)<3),"SAFETY GATE: below Operating","OK")))))))) -> No evidence pull assigned
A51: FS-046 | B51: 3.2 Configuration Identification | C51: 3.2.2 | D51: Engineering Release System | E51: (1) | H51: Screen | I51: 2. Configuration Identification | O51: =IFERROR(INDEX(Lists!$B$3:$B$7,MATCH(K51,Lists!$A$3:$A$7,0)),"") | P51: =IFERROR(INDEX('Evidence Pulls'!$N$6:$N$125,MATCH($J51,'Evidence Pulls'!$A$6:$A$125,0)),"") | Q51: =IFERROR(INDEX('Evidence Pulls'!$G$6:$G$125,MATCH($J51,'Evidence Pulls'!$A$6:$A$125,0)),"") | R51: =IFERROR(INDEX('Evidence Pulls'!$O$6:$O$125,MATCH($J51,'Evidence Pulls'!$A$6:$A$125,0)),"") | S51: =IF(L51<>"",L51,IF(K51="","Not assessed",IF(N(O51)>=3,"Demonstrated","Gap - remediate"))) -> Not assessed | T51: =IF(J51="","No evidence pull assigned",IF(COUNTIF('Evidence Pulls'!$A$6:$A$125,J51)=0,"Pull ID not on Evidence Pulls sheet",IF(K51="","Not graded",IF(AND(G51="MANDATORY",L51="Gap - recommend tailoring"),"INVALID: safety-mandatory, not tailorable",IF(OR(P51="",P51=0),"NO NAMED EXECUTOR",IF(AND(H51="Full",N(O51)>=3,N(IFERROR(INDEX('Evidence Pulls'!$J$6:$J$125,MATCH($J51,'Evidence Pulls'!$A$6:$A$125,0)),""))=0),"Operating claimed with no sample",IF(AND(N(O51)>=3,P51=1),"Operating rests on one individual",IF(AND(G51="MANDATORY",N(O51)<3),"SAFETY GATE: below Operating","OK")))))))) -> No evidence pull assigned
A52: FS-047 | B52: 3.2 Configuration Identification | C52: 3.2.2 | D52: Engineering Release System | E52: (2) | H52: Screen | I52: 2. Configuration Identification | O52: =IFERROR(INDEX(Lists!$B$3:$B$7,MATCH(K52,Lists!$A$3:$A$7,0)),"") | P52: =IFERROR(INDEX('Evidence Pulls'!$N$6:$N$125,MATCH($J52,'Evidence Pulls'!$A$6:$A$125,0)),"") | Q52: =IFERROR(INDEX('Evidence Pulls'!$G$6:$G$125,MATCH($J52,'Evidence Pulls'!$A$6:$A$125,0)),"") | R52: =IFERROR(INDEX('Evidence Pulls'!$O$6:$O$125,MATCH($J52,'Evidence Pulls'!$A$6:$A$125,0)),"") | S52: =IF(L52<>"",L52,IF(K52="","Not assessed",IF(N(O52)>=3,"Demonstrated","Gap - remediate"))) -> Not assessed | T52: =IF(J52="","No evidence pull assigned",IF(COUNTIF('Evidence Pulls'!$A$6:$A$125,J52)=0,"Pull ID not on Evidence Pulls sheet",IF(K52="","Not graded",IF(AND(G52="MANDATORY",L52="Gap - recommend tailoring"),"INVALID: safety-mandatory, not tailorable",IF(OR(P52="",P52=0),"NO NAMED EXECUTOR",IF(AND(H52="Full",N(O52)>=3,N(IFERROR(INDEX('Evidence Pulls'!$J$6:$J$125,MATCH($J52,'Evidence Pulls'!$A$6:$A$125,0)),""))=0),"Operating claimed with no sample",IF(AND(N(O52)>=3,P52=1),"Operating rests on one individual",IF(AND(G52="MANDATORY",N(O52)<3),"SAFETY GATE: below Operating","OK")))))))) -> No evidence pull assigned
A53: FS-048 | B53: 3.2 Configuration Identification | C53: 3.2.2 | D53: Engineering Release System | E53: (3) | H53: Screen | I53: 2. Configuration Identification | O53: =IFERROR(INDEX(Lists!$B$3:$B$7,MATCH(K53,Lists!$A$3:$A$7,0)),"") | P53: =IFERROR(INDEX('Evidence Pulls'!$N$6:$N$125,MATCH($J53,'Evidence Pulls'!$A$6:$A$125,0)),"") | Q53: =IFERROR(INDEX('Evidence Pulls'!$G$6:$G$125,MATCH($J53,'Evidence Pulls'!$A$6:$A$125,0)),"") | R53: =IFERROR(INDEX('Evidence Pulls'!$O$6:$O$125,MATCH($J53,'Evidence Pulls'!$A$6:$A$125,0)),"") | S53: =IF(L53<>"",L53,IF(K53="","Not assessed",IF(N(O53)>=3,"Demonstrated","Gap - remediate"))) -> Not assessed | T53: =IF(J53="","No evidence pull assigned",IF(COUNTIF('Evidence Pulls'!$A$6:$A$125,J53)=0,"Pull ID not on Evidence Pulls sheet",IF(K53="","Not graded",IF(AND(G53="MANDATORY",L53="Gap - recommend tailoring"),"INVALID: safety-mandatory, not tailorable",IF(OR(P53="",P53=0),"NO NAMED EXECUTOR",IF(AND(H53="Full",N(O53)>=3,N(IFERROR(INDEX('Evidence Pulls'!$J$6:$J$125,MATCH($J53,'Evidence Pulls'!$A$6:$A$125,0)),""))=0),"Operating claimed with no sample",IF(AND(N(O53)>=3,P53=1),"Operating rests on one individual",IF(AND(G53="MANDATORY",N(O53)<3),"SAFETY GATE: below Operating","OK")))))))) -> No evidence pull assigned
A54: FS-049 | B54: 3.2 Configuration Identification | C54: 3.2.2 | D54: Engineering Release System | E54: (4) | H54: Screen | I54: 2. Configuration Identification | O54: =IFERROR(INDEX(Lists!$B$3:$B$7,MATCH(K54,Lists!$A$3:$A$7,0)),"") | P54: =IFERROR(INDEX('Evidence Pulls'!$N$6:$N$125,MATCH($J54,'Evidence Pulls'!$A$6:$A$125,0)),"") | Q54: =IFERROR(INDEX('Evidence Pulls'!$G$6:$G$125,MATCH($J54,'Evidence Pulls'!$A$6:$A$125,0)),"") | R54: =IFERROR(INDEX('Evidence Pulls'!$O$6:$O$125,MATCH($J54,'Evidence Pulls'!$A$6:$A$125,0)),"") | S54: =IF(L54<>"",L54,IF(K54="","Not assessed",IF(N(O54)>=3,"Demonstrated","Gap - remediate"))) -> Not assessed | T54: =IF(J54="","No evidence pull assigned",IF(COUNTIF('Evidence Pulls'!$A$6:$A$125,J54)=0,"Pull ID not on Evidence Pulls sheet",IF(K54="","Not graded",IF(AND(G54="MANDATORY",L54="Gap - recommend tailoring"),"INVALID: safety-mandatory, not tailorable",IF(OR(P54="",P54=0),"NO NAMED EXECUTOR",IF(AND(H54="Full",N(O54)>=3,N(IFERROR(INDEX('Evidence Pulls'!$J$6:$J$125,MATCH($J54,'Evidence Pulls'!$A$6:$A$125,0)),""))=0),"Operating claimed with no sample",IF(AND(N(O54)>=3,P54=1),"Operating rests on one individual",IF(AND(G54="MANDATORY",N(O54)<3),"SAFETY GATE: below Operating","OK")))))))) -> No evidence pull assigned
A55: FS-050 | B55: 3.2 Configuration Identification | C55: 3.2.2 | D55: Engineering Release System | E55: (5) | H55: Screen | I55: 2. Configuration Identification | O55: =IFERROR(INDEX(Lists!$B$3:$B$7,MATCH(K55,Lists!$A$3:$A$7,0)),"") | P55: =IFERROR(INDEX('Evidence Pulls'!$N$6:$N$125,MATCH($J55,'Evidence Pulls'!$A$6:$A$125,0)),"") | Q55: =IFERROR(INDEX('Evidence Pulls'!$G$6:$G$125,MATCH($J55,'Evidence Pulls'!$A$6:$A$125,0)),"") | R55: =IFERROR(INDEX('Evidence Pulls'!$O$6:$O$125,MATCH($J55,'Evidence Pulls'!$A$6:$A$125,0)),"") | S55: =IF(L55<>"",L55,IF(K55="","Not assessed",IF(N(O55)>=3,"Demonstrated","Gap - remediate"))) -> Not assessed | T55: =IF(J55="","No evidence pull assigned",IF(COUNTIF('Evidence Pulls'!$A$6:$A$125,J55)=0,"Pull ID not on Evidence Pulls sheet",IF(K55="","Not graded",IF(AND(G55="MANDATORY",L55="Gap - recommend tailoring"),"INVALID: safety-mandatory, not tailorable",IF(OR(P55="",P55=0),"NO NAMED EXECUTOR",IF(AND(H55="Full",N(O55)>=3,N(IFERROR(INDEX('Evidence Pulls'!$J$6:$J$125,MATCH($J55,'Evidence Pulls'!$A$6:$A$125,0)),""))=0),"Operating claimed with no sample",IF(AND(N(O55)>=3,P55=1),"Operating rests on one individual",IF(AND(G55="MANDATORY",N(O55)<3),"SAFETY GATE: below Operating","OK")))))))) -> No evidence pull assigned
A56: FS-051 | B56: 3.2 Configuration Identification | C56: 3.2.3.1 | D56: Configuration Baselines and Their Configuration Documentation | E56: (1) | H56: Screen | I56: 2. Configuration Identification | O56: =IFERROR(INDEX(Lists!$B$3:$B$7,MATCH(K56,Lists!$A$3:$A$7,0)),"") | P56: =IFERROR(INDEX('Evidence Pulls'!$N$6:$N$125,MATCH($J56,'Evidence Pulls'!$A$6:$A$125,0)),"") | Q56: =IFERROR(INDEX('Evidence Pulls'!$G$6:$G$125,MATCH($J56,'Evidence Pulls'!$A$6:$A$125,0)),"") | R56: =IFERROR(INDEX('Evidence Pulls'!$O$6:$O$125,MATCH($J56,'Evidence Pulls'!$A$6:$A$125,0)),"") | S56: =IF(L56<>"",L56,IF(K56="","Not assessed",IF(N(O56)>=3,"Demonstrated","Gap - remediate"))) -> Not assessed | T56: =IF(J56="","No evidence pull assigned",IF(COUNTIF('Evidence Pulls'!$A$6:$A$125,J56)=0,"Pull ID not on Evidence Pulls sheet",IF(K56="","Not graded",IF(AND(G56="MANDATORY",L56="Gap - recommend tailoring"),"INVALID: safety-mandatory, not tailorable",IF(OR(P56="",P56=0),"NO NAMED EXECUTOR",IF(AND(H56="Full",N(O56)>=3,N(IFERROR(INDEX('Evidence Pulls'!$J$6:$J$125,MATCH($J56,'Evidence Pulls'!$A$6:$A$125,0)),""))=0),"Operating claimed with no sample",IF(AND(N(O56)>=3,P56=1),"Operating rests on one individual",IF(AND(G56="MANDATORY",N(O56)<3),"SAFETY GATE: below Operating","OK")))))))) -> No evidence pull assigned
A57: FS-052 | B57: 3.2 Configuration Identification | C57: 3.2.3.1 | D57: Configuration Baselines and Their Configuration Documentation | E57: (2) | H57: Screen | I57: 2. Configuration Identification | O57: =IFERROR(INDEX(Lists!$B$3:$B$7,MATCH(K57,Lists!$A$3:$A$7,0)),"") | P57: =IFERROR(INDEX('Evidence Pulls'!$N$6:$N$125,MATCH($J57,'Evidence Pulls'!$A$6:$A$125,0)),"") | Q57: =IFERROR(INDEX('Evidence Pulls'!$G$6:$G$125,MATCH($J57,'Evidence Pulls'!$A$6:$A$125,0)),"") | R57: =IFERROR(INDEX('Evidence Pulls'!$O$6:$O$125,MATCH($J57,'Evidence Pulls'!$A$6:$A$125,0)),"") | S57: =IF(L57<>"",L57,IF(K57="","Not assessed",IF(N(O57)>=3,"Demonstrated","Gap - remediate"))) -> Not assessed | T57: =IF(J57="","No evidence pull assigned",IF(COUNTIF('Evidence Pulls'!$A$6:$A$125,J57)=0,"Pull ID not on Evidence Pulls sheet",IF(K57="","Not graded",IF(AND(G57="MANDATORY",L57="Gap - recommend tailoring"),"INVALID: safety-mandatory, not tailorable",IF(OR(P57="",P57=0),"NO NAMED EXECUTOR",IF(AND(H57="Full",N(O57)>=3,N(IFERROR(INDEX('Evidence Pulls'!$J$6:$J$125,MATCH($J57,'Evidence Pulls'!$A$6:$A$125,0)),""))=0),"Operating claimed with no sample",IF(AND(N(O57)>=3,P57=1),"Operating rests on one individual",IF(AND(G57="MANDATORY",N(O57)<3),"SAFETY GATE: below Operating","OK")))))))) -> No evidence pull assigned
... A73: FS-068 | B73: 3.2 Configuration Identification | C73: 3.2.3.2.2 | D73: Product Configuration Documentation (PCD) | E73: (2) | H73: Screen | I73: 2. Configuration Identification | O73: =IFERROR(INDEX(Lists!$B$3:$B$7,MATCH(K73,Lists!$A$3:$A$7,0)),"") | P73: =IFERROR(INDEX('Evidence Pulls'!$N$6:$N$125,MATCH($J73,'Evidence Pulls'!$A$6:$A$125,0)),"") | Q73: =IFERROR(INDEX('Evidence Pulls'!$G$6:$G$125,MATCH($J73,'Evidence Pulls'!$A$6:$A$125,0)),"") | R73: =IFERROR(INDEX('Evidence Pulls'!$O$6:$O$125,MATCH($J73,'Evidence Pulls'!$A$6:$A$125,0)),"") | S73: =IF(L73<>"",L73,IF(K73="","Not assessed",IF(N(O73)>=3,"Demonstrated","Gap - remediate"))) -> Not assessed | T73: =IF(J73="","No evidence pull assigned",IF(COUNTIF('Evidence Pulls'!$A$6:$A$125,J73)=0,"Pull ID not on Evidence Pulls sheet",IF(K73="","Not graded",IF(AND(G73="MANDATORY",L73="Gap - recommend tailoring"),"INVALID: safety-mandatory, not tailorable",IF(OR(P73="",P73=0),"NO NAMED EXECUTOR",IF(AND(H73="Full",N(O73)>=3,N(IFERROR(INDEX('Evidence Pulls'!$J$6:$J$125,MATCH($J73,'Evidence Pulls'!$A$6:$A$125,0)),""))=0),"Operating claimed with no sample",IF(AND(N(O73)>=3,P73=1),"Operating rests on one individual",IF(AND(G73="MANDATORY",N(O73)<3),"SAFETY GATE: below Operating","OK")))))))) -> No evidence pull assigned
A74: FS-069 | B74: 3.2 Configuration Identification | C74: 3.2.3.3 | D74: Maintenance of Product Configuration Documentation | E74: (1) | G74: MANDATORY | H74: Full | I74: 2. Configuration Identification | O74: =IFERROR(INDEX(Lists!$B$3:$B$7,MATCH(K74,Lists!$A$3:$A$7,0)),"") | P74: =IFERROR(INDEX('Evidence Pulls'!$N$6:$N$125,MATCH($J74,'Evidence Pulls'!$A$6:$A$125,0)),"") | Q74: =IFERROR(INDEX('Evidence Pulls'!$G$6:$G$125,MATCH($J74,'Evidence Pulls'!$A$6:$A$125,0)),"") | R74: =IFERROR(INDEX('Evidence Pulls'!$O$6:$O$125,MATCH($J74,'Evidence Pulls'!$A$6:$A$125,0)),"") | S74: =IF(L74<>"",L74,IF(K74="","Not assessed",IF(N(O74)>=3,"Demonstrated","Gap - remediate"))) -> Not assessed | T74: =IF(J74="","No evidence pull assigned",IF(COUNTIF('Evidence Pulls'!$A$6:$A$125,J74)=0,"Pull ID not on Evidence Pulls sheet",IF(K74="","Not graded",IF(AND(G74="MANDATORY",L74="Gap - recommend tailoring"),"INVALID: safety-mandatory, not tailorable",IF(OR(P74="",P74=0),"NO NAMED EXECUTOR",IF(AND(H74="Full",N(O74)>=3,N(IFERROR(INDEX('Evidence Pulls'!$J$6:$J$125,MATCH($J74,'Evidence Pulls'!$A$6:$A$125,0)),""))=0),"Operating claimed with no sample",IF(AND(N(O74)>=3,P74=1),"Operating rests on one individual",IF(AND(G74="MANDATORY",N(O74)<3),"SAFETY GATE: below Operating","OK")))))))) -> No evidence pull assigned
A75: FS-070 | B75: 3.2 Configuration Identification | C75: 3.2.4 | D75: Configuration Identifiers | E75: (1) | H75: Screen | I75: 2. Configuration Identification | O75: =IFERROR(INDEX(Lists!$B$3:$B$7,MATCH(K75,Lists!$A$3:$A$7,0)),"") | P75: =IFERROR(INDEX('Evidence Pulls'!$N$6:$N$125,MATCH($J75,'Evidence Pulls'!$A$6:$A$125,0)),"") | Q75: =IFERROR(INDEX('Evidence Pulls'!$G$6:$G$125,MATCH($J75,'Evidence Pulls'!$A$6:$A$125,0)),"") | R75: =IFERROR(INDEX('Evidence Pulls'!$O$6:$O$125,MATCH($J75,'Evidence Pulls'!$A$6:$A$125,0)),"") | S75: =IF(L75<>"",L75,IF(K75="","Not assessed",IF(N(O75)>=3,"Demonstrated","Gap - remediate"))) -> Not assessed | T75: =IF(J75="","No evidence pull assigned",IF(COUNTIF('Evidence Pulls'!$A$6:$A$125,J75)=0,"Pull ID not on Evidence Pulls sheet",IF(K75="","Not graded",IF(AND(G75="MANDATORY",L75="Gap - recommend tailoring"),"INVALID: safety-mandatory, not tailorable",IF(OR(P75="",P75=0),"NO NAMED EXECUTOR",IF(AND(H75="Full",N(O75)>=3,N(IFERROR(INDEX('Evidence Pulls'!$J$6:$J$125,MATCH($J75,'Evidence Pulls'!$A$6:$A$125,0)),""))=0),"Operating claimed with no sample",IF(AND(N(O75)>=3,P75=1),"Operating rests on one individual",IF(AND(G75="MANDATORY",N(O75)<3),"SAFETY GATE: below Operating","OK")))))))) -> No evidence pull assigned
A76: FS-071 | B76: 3.2 Configuration Identification | C76: 3.2.4 | D76: Configuration Identifiers | E76: (2) | H76: Screen | I76: 2. Configuration Identification | O76: =IFERROR(INDEX(Lists!$B$3:$B$7,MATCH(K76,Lists!$A$3:$A$7,0)),"") | P76: =IFERROR(INDEX('Evidence Pulls'!$N$6:$N$125,MATCH($J76,'Evidence Pulls'!$A$6:$A$125,0)),"") | Q76: =IFERROR(INDEX('Evidence Pulls'!$G$6:$G$125,MATCH($J76,'Evidence Pulls'!$A$6:$A$125,0)),"") | R76: =IFERROR(INDEX('Evidence Pulls'!$O$6:$O$125,MATCH($J76,'Evidence Pulls'!$A$6:$A$125,0)),"") | S76: =IF(L76<>"",L76,IF(K76="","Not assessed",IF(N(O76)>=3,"Demonstrated","Gap - remediate"))) -> Not assessed | T76: =IF(J76="","No evidence pull assigned",IF(COUNTIF('Evidence Pulls'!$A$6:$A$125,J76)=0,"Pull ID not on Evidence Pulls sheet",IF(K76="","Not graded",IF(AND(G76="MANDATORY",L76="Gap - recommend tailoring"),"INVALID: safety-mandatory, not tailorable",IF(OR(P76="",P76=0),"NO NAMED EXECUTOR",IF(AND(H76="Full",N(O76)>=3,N(IFERROR(INDEX('Evidence Pulls'!$J$6:$J$125,MATCH($J76,'Evidence Pulls'!$A$6:$A$125,0)),""))=0),"Operating claimed with no sample",IF(AND(N(O76)>=3,P76=1),"Operating rests on one individual",IF(AND(G76="MANDATORY",N(O76)<3),"SAFETY GATE: below Operating","OK")))))))) -> No evidence pull assigned
A77: FS-072 | B77: 3.2 Configuration Identification | C77: 3.2.4 | D77: Configuration Identifiers | E77: (3) | H77: Screen | I77: 2. Configuration Identification | O77: =IFERROR(INDEX(Lists!$B$3:$B$7,MATCH(K77,Lists!$A$3:$A$7,0)),"") | P77: =IFERROR(INDEX('Evidence Pulls'!$N$6:$N$125,MATCH($J77,'Evidence Pulls'!$A$6:$A$125,0)),"") | Q77: =IFERROR(INDEX('Evidence Pulls'!$G$6:$G$125,MATCH($J77,'Evidence Pulls'!$A$6:$A$125,0)),"") | R77: =IFERROR(INDEX('Evidence Pulls'!$O$6:$O$125,MATCH($J77,'Evidence Pulls'!$A$6:$A$125,0)),"") | S77: =IF(L77<>"",L77,IF(K77="","Not assessed",IF(N(O77)>=3,"Demonstrated","Gap - remediate"))) -> Not assessed | T77: =IF(J77="","No evidence pull assigned",IF(COUNTIF('Evidence Pulls'!$A$6:$A$125,J77)=0,"Pull ID not on Evidence Pulls sheet",IF(K77="","Not graded",IF(AND(G77="MANDATORY",L77="Gap - recommend tailoring"),"INVALID: safety-mandatory, not tailorable",IF(OR(P77="",P77=0),"NO NAMED EXECUTOR",IF(AND(H77="Full",N(O77)>=3,N(IFERROR(INDEX('Evidence Pulls'!$J$6:$J$125,MATCH($J77,'Evidence Pulls'!$A$6:$A$125,0)),""))=0),"Operating claimed with no sample",IF(AND(N(O77)>=3,P77=1),"Operating rests on one individual",IF(AND(G77="MANDATORY",N(O77)<3),"SAFETY GATE: below Operating","OK")))))))) -> No evidence pull assigned
A78: FS-073 | B78: 3.2 Configuration Identification | C78: 3.2.4 | D78: Configuration Identifiers | E78: (4) | H78: Screen | I78: 2. Configuration Identification | O78: =IFERROR(INDEX(Lists!$B$3:$B$7,MATCH(K78,Lists!$A$3:$A$7,0)),"") | P78: =IFERROR(INDEX('Evidence Pulls'!$N$6:$N$125,MATCH($J78,'Evidence Pulls'!$A$6:$A$125,0)),"") | Q78: =IFERROR(INDEX('Evidence Pulls'!$G$6:$G$125,MATCH($J78,'Evidence Pulls'!$A$6:$A$125,0)),"") | R78: =IFERROR(INDEX('Evidence Pulls'!$O$6:$O$125,MATCH($J78,'Evidence Pulls'!$A$6:$A$125,0)),"") | S78: =IF(L78<>"",L78,IF(K78="","Not assessed",IF(N(O78)>=3,"Demonstrated","Gap - remediate"))) -> Not assessed | T78: =IF(J78="","No evidence pull assigned",IF(COUNTIF('Evidence Pulls'!$A$6:$A$125,J78)=0,"Pull ID not on Evidence Pulls sheet",IF(K78="","Not graded",IF(AND(G78="MANDATORY",L78="Gap - recommend tailoring"),"INVALID: safety-mandatory, not tailorable",IF(OR(P78="",P78=0),"NO NAMED EXECUTOR",IF(AND(H78="Full",N(O78)>=3,N(IFERROR(INDEX('Evidence Pulls'!$J$6:$J$125,MATCH($J78,'Evidence Pulls'!$A$6:$A$125,0)),""))=0),"Operating claimed with no sample",IF(AND(N(O78)>=3,P78=1),"Operating rests on one individual",IF(AND(G78="MANDATORY",N(O78)<3),"SAFETY GATE: below Operating","OK")))))))) -> No evidence pull assigned
A79: FS-074 | B79: 3.2 Configuration Identification | C79: 3.2.4.1 | D79: Product Identification / Marking | E79: (1) | H79: Screen | I79: 2. Configuration Identification | O79: =IFERROR(INDEX(Lists!$B$3:$B$7,MATCH(K79,Lists!$A$3:$A$7,0)),"") | P79: =IFERROR(INDEX('Evidence Pulls'!$N$6:$N$125,MATCH($J79,'Evidence Pulls'!$A$6:$A$125,0)),"") | Q79: =IFERROR(INDEX('Evidence Pulls'!$G$6:$G$125,MATCH($J79,'Evidence Pulls'!$A$6:$A$125,0)),"") | R79: =IFERROR(INDEX('Evidence Pulls'!$O$6:$O$125,MATCH($J79,'Evidence Pulls'!$A$6:$A$125,0)),"") | S79: =IF(L79<>"",L79,IF(K79="","Not assessed",IF(N(O79)>=3,"Demonstrated","Gap - remediate"))) -> Not assessed | T79: =IF(J79="","No evidence pull assigned",IF(COUNTIF('Evidence Pulls'!$A$6:$A$125,J79)=0,"Pull ID not on Evidence Pulls sheet",IF(K79="","Not graded",IF(AND(G79="MANDATORY",L79="Gap - recommend tailoring"),"INVALID: safety-mandatory, not tailorable",IF(OR(P79="",P79=0),"NO NAMED EXECUTOR",IF(AND(H79="Full",N(O79)>=3,N(IFERROR(INDEX('Evidence Pulls'!$J$6:$J$125,MATCH($J79,'Evidence Pulls'!$A$6:$A$125,0)),""))=0),"Operating claimed with no sample",IF(AND(N(O79)>=3,P79=1),"Operating rests on one individual",IF(AND(G79="MANDATORY",N(O79)<3),"SAFETY GATE: below Operating","OK")))))))) -> No evidence pull assigned
A80: FS-075 | B80: 3.2 Configuration Identification | C80: 3.2.4.1 | D80: Product Identification / Marking | E80: (2) | H80: Screen | I80: 2. Configuration Identification | O80: =IFERROR(INDEX(Lists!$B$3:$B$7,MATCH(K80,Lists!$A$3:$A$7,0)),"") | P80: =IFERROR(INDEX('Evidence Pulls'!$N$6:$N$125,MATCH($J80,'Evidence Pulls'!$A$6:$A$125,0)),"") | Q80: =IFERROR(INDEX('Evidence Pulls'!$G$6:$G$125,MATCH($J80,'Evidence Pulls'!$A$6:$A$125,0)),"") | R80: =IFERROR(INDEX('Evidence Pulls'!$O$6:$O$125,MATCH($J80,'Evidence Pulls'!$A$6:$A$125,0)),"") | S80: =IF(L80<>"",L80,IF(K80="","Not assessed",IF(N(O80)>=3,"Demonstrated","Gap - remediate"))) -> Not assessed | T80: =IF(J80="","No evidence pull assigned",IF(COUNTIF('Evidence Pulls'!$A$6:$A$125,J80)=0,"Pull ID not on Evidence Pulls sheet",IF(K80="","Not graded",IF(AND(G80="MANDATORY",L80="Gap - recommend tailoring"),"INVALID: safety-mandatory, not tailorable",IF(OR(P80="",P80=0),"NO NAMED EXECUTOR",IF(AND(H80="Full",N(O80)>=3,N(IFERROR(INDEX('Evidence Pulls'!$J$6:$J$125,MATCH($J80,'Evidence Pulls'!$A$6:$A$125,0)),""))=0),"Operating claimed with no sample",IF(AND(N(O80)>=3,P80=1),"Operating rests on one individual",IF(AND(G80="MANDATORY",N(O80)<3),"SAFETY GATE: below Operating","OK")))))))) -> No evidence pull assigned
A81: FS-076 | B81: 3.2 Configuration Identification | C81: 3.2.4.1 | D81: Product Identification / Marking | E81: (3) | H81: Screen | I81: 2. Configuration Identification | O81: =IFERROR(INDEX(Lists!$B$3:$B$7,MATCH(K81,Lists!$A$3:$A$7,0)),"") | P81: =IFERROR(INDEX('Evidence Pulls'!$N$6:$N$125,MATCH($J81,'Evidence Pulls'!$A$6:$A$125,0)),"") | Q81: =IFERROR(INDEX('Evidence Pulls'!$G$6:$G$125,MATCH($J81,'Evidence Pulls'!$A$6:$A$125,0)),"") | R81: =IFERROR(INDEX('Evidence Pulls'!$O$6:$O$125,MATCH($J81,'Evidence Pulls'!$A$6:$A$125,0)),"") | S81: =IF(L81<>"",L81,IF(K81="","Not assessed",IF(N(O81)>=3,"Demonstrated","Gap - remediate"))) -> Not assessed | T81: =IF(J81="","No evidence pull assigned",IF(COUNTIF('Evidence Pulls'!$A$6:$A$125,J81)=0,"Pull ID not on Evidence Pulls sheet",IF(K81="","Not graded",IF(AND(G81="MANDATORY",L81="Gap - recommend tailoring"),"INVALID: safety-mandatory, not tailorable",IF(OR(P81="",P81=0),"NO NAMED EXECUTOR",IF(AND(H81="Full",N(O81)>=3,N(IFERROR(INDEX('Evidence Pulls'!$J$6:$J$125,MATCH($J81,'Evidence Pulls'!$A$6:$A$125,0)),""))=0),"Operating claimed with no sample",IF(AND(N(O81)>=3,P81=1),"Operating rests on one individual",IF(AND(G81="MANDATORY",N(O81)<3),"SAFETY GATE: below Operating","OK")))))))) -> No evidence pull assigned
A82: FS-077 | B82: 3.2 Configuration Identification | C82: 3.2.4.1 | D82: Product Identification / Marking | E82: (4) | H82: Screen | I82: 2. Configuration Identification | O82: =IFERROR(INDEX(Lists!$B$3:$B$7,MATCH(K82,Lists!$A$3:$A$7,0)),"") | P82: =IFERROR(INDEX('Evidence Pulls'!$N$6:$N$125,MATCH($J82,'Evidence Pulls'!$A$6:$A$125,0)),"") | Q82: =IFERROR(INDEX('Evidence Pulls'!$G$6:$G$125,MATCH($J82,'Evidence Pulls'!$A$6:$A$125,0)),"") | R82: =IFERROR(INDEX('Evidence Pulls'!$O$6:$O$125,MATCH($J82,'Evidence Pulls'!$A$6:$A$125,0)),"") | S82: =IF(L82<>"",L82,IF(K82="","Not assessed",IF(N(O82)>=3,"Demonstrated","Gap - remediate"))) -> Not assessed | T82: =IF(J82="","No evidence pull assigned",IF(COUNTIF('Evidence Pulls'!$A$6:$A$125,J82)=0,"Pull ID not on Evidence Pulls sheet",IF(K82="","Not graded",IF(AND(G82="MANDATORY",L82="Gap - recommend tailoring"),"INVALID: safety-mandatory, not tailorable",IF(OR(P82="",P82=0),"NO NAMED EXECUTOR",IF(AND(H82="Full",N(O82)>=3,N(IFERROR(INDEX('Evidence Pulls'!$J$6:$J$125,MATCH($J82,'Evidence Pulls'!$A$6:$A$125,0)),""))=0),"Operating claimed with no sample",IF(AND(N(O82)>=3,P82=1),"Operating rests on one individual",IF(AND(G82="MANDATORY",N(O82)<3),"SAFETY GATE: below Operating","OK")))))))) -> No evidence pull assigned
A83: FS-078 | B83: 3.2 Configuration Identification | C83: 3.2.4.2 | D83: Software Marking and Labeling | E83: (1)(a) | H83: Screen | I83: 2. Configuration Identification | O83: =IFERROR(INDEX(Lists!$B$3:$B$7,MATCH(K83,Lists!$A$3:$A$7,0)),"") | P83: =IFERROR(INDEX('Evidence Pulls'!$N$6:$N$125,MATCH($J83,'Evidence Pulls'!$A$6:$A$125,0)),"") | Q83: =IFERROR(INDEX('Evidence Pulls'!$G$6:$G$125,MATCH($J83,'Evidence Pulls'!$A$6:$A$125,0)),"") | R83: =IFERROR(INDEX('Evidence Pulls'!$O$6:$O$125,MATCH($J83,'Evidence Pulls'!$A$6:$A$125,0)),"") | S83: =IF(L83<>"",L83,IF(K83="","Not assessed",IF(N(O83)>=3,"Demonstrated","Gap - remediate"))) -> Not assessed | T83: =IF(J83="","No evidence pull assigned",IF(COUNTIF('Evidence Pulls'!$A$6:$A$125,J83)=0,"Pull ID not on Evidence Pulls sheet",IF(K83="","Not graded",IF(AND(G83="MANDATORY",L83="Gap - recommend tailoring"),"INVALID: safety-mandatory, not tailorable",IF(OR(P83="",P83=0),"NO NAMED EXECUTOR",IF(AND(H83="Full",N(O83)>=3,N(IFERROR(INDEX('Evidence Pulls'!$J$6:$J$125,MATCH($J83,'Evidence Pulls'!$A$6:$A$125,0)),""))=0),"Operating claimed with no sample",IF(AND(N(O83)>=3,P83=1),"Operating rests on one individual",IF(AND(G83="MANDATORY",N(O83)<3),"SAFETY GATE: below Operating","OK")))))))) -> No evidence pull assigned
A84: FS-079 | B84: 3.2 Configuration Identification | C84: 3.2.4.2 | D84: Software Marking and Labeling | E84: (1)(b) | H84: Screen | I84: 2. Configuration Identification | O84: =IFERROR(INDEX(Lists!$B$3:$B$7,MATCH(K84,Lists!$A$3:$A$7,0)),"") | P84: =IFERROR(INDEX('Evidence Pulls'!$N$6:$N$125,MATCH($J84,'Evidence Pulls'!$A$6:$A$125,0)),"") | Q84: =IFERROR(INDEX('Evidence Pulls'!$G$6:$G$125,MATCH($J84,'Evidence Pulls'!$A$6:$A$125,0)),"") | R84: =IFERROR(INDEX('Evidence Pulls'!$O$6:$O$125,MATCH($J84,'Evidence Pulls'!$A$6:$A$125,0)),"") | S84: =IF(L84<>"",L84,IF(K84="","Not assessed",IF(N(O84)>=3,"Demonstrated","Gap - remediate"))) -> Not assessed | T84: =IF(J84="","No evidence pull assigned",IF(COUNTIF('Evidence Pulls'!$A$6:$A$125,J84)=0,"Pull ID not on Evidence Pulls sheet",IF(K84="","Not graded",IF(AND(G84="MANDATORY",L84="Gap - recommend tailoring"),"INVALID: safety-mandatory, not tailorable",IF(OR(P84="",P84=0),"NO NAMED EXECUTOR",IF(AND(H84="Full",N(O84)>=3,N(IFERROR(INDEX('Evidence Pulls'!$J$6:$J$125,MATCH($J84,'Evidence Pulls'!$A$6:$A$125,0)),""))=0),"Operating claimed with no sample",IF(AND(N(O84)>=3,P84=1),"Operating rests on one individual",IF(AND(G84="MANDATORY",N(O84)<3),"SAFETY GATE: below Operating","OK")))))))) -> No evidence pull assigned
A85: FS-080 | B85: 3.2 Configuration Identification | C85: 3.2.4.2 | D85: Software Marking and Labeling | E85: (1)(c) | H85: Screen | I85: 2. Configuration Identification | O85: =IFERROR(INDEX(Lists!$B$3:$B$7,MATCH(K85,Lists!$A$3:$A$7,0)),"") | P85: =IFERROR(INDEX('Evidence Pulls'!$N$6:$N$125,MATCH($J85,'Evidence Pulls'!$A$6:$A$125,0)),"") | Q85: =IFERROR(INDEX('Evidence Pulls'!$G$6:$G$125,MATCH($J85,'Evidence Pulls'!$A$6:$A$125,0)),"") | R85: =IFERROR(INDEX('Evidence Pulls'!$O$6:$O$125,MATCH($J85,'Evidence Pulls'!$A$6:$A$125,0)),"") | S85: =IF(L85<>"",L85,IF(K85="","Not assessed",IF(N(O85)>=3,"Demonstrated","Gap - remediate"))) -> Not assessed | T85: =IF(J85="","No evidence pull assigned",IF(COUNTIF('Evidence Pulls'!$A$6:$A$125,J85)=0,"Pull ID not on Evidence Pulls sheet",IF(K85="","Not graded",IF(AND(G85="MANDATORY",L85="Gap - recommend tailoring"),"INVALID: safety-mandatory, not tailorable",IF(OR(P85="",P85=0),"NO NAMED EXECUTOR",IF(AND(H85="Full",N(O85)>=3,N(IFERROR(INDEX('Evidence Pulls'!$J$6:$J$125,MATCH($J85,'Evidence Pulls'!$A$6:$A$125,0)),""))=0),"Operating claimed with no sample",IF(AND(N(O85)>=3,P85=1),"Operating rests on one individual",IF(AND(G85="MANDATORY",N(O85)<3),"SAFETY GATE: below Operating","OK")))))))) -> No evidence pull assigned
A86: FS-081 | B86: 3.2 Configuration Identification | C86: 3.2.4.2 | D86: Software Marking and Labeling | E86: (1)(d) | H86: Screen | I86: 2. Configuration Identification | O86: =IFERROR(INDEX(Lists!$B$3:$B$7,MATCH(K86,Lists!$A$3:$A$7,0)),"") | P86: =IFERROR(INDEX('Evidence Pulls'!$N$6:$N$125,MATCH($J86,'Evidence Pulls'!$A$6:$A$125,0)),"") | Q86: =IFERROR(INDEX('Evidence Pulls'!$G$6:$G$125,MATCH($J86,'Evidence Pulls'!$A$6:$A$125,0)),"") | R86: =IFERROR(INDEX('Evidence Pulls'!$O$6:$O$125,MATCH($J86,'Evidence Pulls'!$A$6:$A$125,0)),"") | S86: =IF(L86<>"",L86,IF(K86="","Not assessed",IF(N(O86)>=3,"Demonstrated","Gap - remediate"))) -> Not assessed | T86: =IF(J86="","No evidence pull assigned",IF(COUNTIF('Evidence Pulls'!$A$6:$A$125,J86)=0,"Pull ID not on Evidence Pulls sheet",IF(K86="","Not graded",IF(AND(G86="MANDATORY",L86="Gap - recommend tailoring"),"INVALID: safety-mandatory, not tailorable",IF(OR(P86="",P86=0),"NO NAMED EXECUTOR",IF(AND(H86="Full",N(O86)>=3,N(IFERROR(INDEX('Evidence Pulls'!$J$6:$J$125,MATCH($J86,'Evidence Pulls'!$A$6:$A$125,0)),""))=0),"Operating claimed with no sample",IF(AND(N(O86)>=3,P86=1),"Operating rests on one individual",IF(AND(G86="MANDATORY",N(O86)<3),"SAFETY GATE: below Operating","OK")))))))) -> No evidence pull assigned
A87: FS-082 | B87: 3.2 Configuration Identification | C87: 3.2.4.2 | D87: Software Marking and Labeling | E87: (1)(e) | H87: Screen | I87: 2. Configuration Identification | O87: =IFERROR(INDEX(Lists!$B$3:$B$7,MATCH(K87,Lists!$A$3:$A$7,0)),"") | P87: =IFERROR(INDEX('Evidence Pulls'!$N$6:$N$125,MATCH($J87,'Evidence Pulls'!$A$6:$A$125,0)),"") | Q87: =IFERROR(INDEX('Evidence Pulls'!$G$6:$G$125,MATCH($J87,'Evidence Pulls'!$A$6:$A$125,0)),"") | R87: =IFERROR(INDEX('Evidence Pulls'!$O$6:$O$125,MATCH($J87,'Evidence Pulls'!$A$6:$A$125,0)),"") | S87: =IF(L87<>"",L87,IF(K87="","Not assessed",IF(N(O87)>=3,"Demonstrated","Gap - remediate"))) -> Not assessed | T87: =IF(J87="","No evidence pull assigned",IF(COUNTIF('Evidence Pulls'!$A$6:$A$125,J87)=0,"Pull ID not on Evidence Pulls sheet",IF(K87="","Not graded",IF(AND(G87="MANDATORY",L87="Gap - recommend tailoring"),"INVALID: safety-mandatory, not tailorable",IF(OR(P87="",P87=0),"NO NAMED EXECUTOR",IF(AND(H87="Full",N(O87)>=3,N(IFERROR(INDEX('Evidence Pulls'!$J$6:$J$125,MATCH($J87,'Evidence Pulls'!$A$6:$A$125,0)),""))=0),"Operating claimed with no sample",IF(AND(N(O87)>=3,P87=1),"Operating rests on one individual",IF(AND(G87="MANDATORY",N(O87)<3),"SAFETY GATE: below Operating","OK")))))))) -> No evidence pull assigned
A88: FS-083 | B88: 3.2 Configuration Identification | C88: 3.2.5.1 | D88: Interface Identification | E88: (1) | G88: MANDATORY | H88: Full | I88: 2. Configuration Identification | O88: =IFERROR(INDEX(Lists!$B$3:$B$7,MATCH(K88,Lists!$A$3:$A$7,0)),"") | P88: =IFERROR(INDEX('Evidence Pulls'!$N$6:$N$125,MATCH($J88,'Evidence Pulls'!$A$6:$A$125,0)),"") | Q88: =IFERROR(INDEX('Evidence Pulls'!$G$6:$G$125,MATCH($J88,'Evidence Pulls'!$A$6:$A$125,0)),"") | R88: =IFERROR(INDEX('Evidence Pulls'!$O$6:$O$125,MATCH($J88,'Evidence Pulls'!$A$6:$A$125,0)),"") | S88: =IF(L88<>"",L88,IF(K88="","Not assessed",IF(N(O88)>=3,"Demonstrated","Gap - remediate"))) -> Not assessed | T88: =IF(J88="","No evidence pull assigned",IF(COUNTIF('Evidence Pulls'!$A$6:$A$125,J88)=0,"Pull ID not on Evidence Pulls sheet",IF(K88="","Not graded",IF(AND(G88="MANDATORY",L88="Gap - recommend tailoring"),"INVALID: safety-mandatory, not tailorable",IF(OR(P88="",P88=0),"NO NAMED EXECUTOR",IF(AND(H88="Full",N(O88)>=3,N(IFERROR(INDEX('Evidence Pulls'!$J$6:$J$125,MATCH($J88,'Evidence Pulls'!$A$6:$A$125,0)),""))=0),"Operating claimed with no sample",IF(AND(N(O88)>=3,P88=1),"Operating rests on one individual",IF(AND(G88="MANDATORY",N(O88)<3),"SAFETY GATE: below Operating","OK")))))))) -> No evidence pull assigned
A89: FS-084 | B89: 3.2 Configuration Identification | C89: 3.2.5.1 | D89: Interface Identification | E89: (2) | G89: MANDATORY | H89: Full | I89: 2. Configuration Identification | O89: =IFERROR(INDEX(Lists!$B$3:$B$7,MATCH(K89,Lists!$A$3:$A$7,0)),"") | P89: =IFERROR(INDEX('Evidence Pulls'!$N$6:$N$125,MATCH($J89,'Evidence Pulls'!$A$6:$A$125,0)),"") | Q89: =IFERROR(INDEX('Evidence Pulls'!$G$6:$G$125,MATCH($J89,'Evidence Pulls'!$A$6:$A$125,0)),"") | R89: =IFERROR(INDEX('Evidence Pulls'!$O$6:$O$125,MATCH($J89,'Evidence Pulls'!$A$6:$A$125,0)),"") | S89: =IF(L89<>"",L89,IF(K89="","Not assessed",IF(N(O89)>=3,"Demonstrated","Gap - remediate"))) -> Not assessed | T89: =IF(J89="","No evidence pull assigned",IF(COUNTIF('Evidence Pulls'!$A$6:$A$125,J89)=0,"Pull ID not on Evidence Pulls sheet",IF(K89="","Not graded",IF(AND(G89="MANDATORY",L89="Gap - recommend tailoring"),"INVALID: safety-mandatory, not tailorable",IF(OR(P89="",P89=0),"NO NAMED EXECUTOR",IF(AND(H89="Full",N(O89)>=3,N(IFERROR(INDEX('Evidence Pulls'!$J$6:$J$125,MATCH($J89,'Evidence Pulls'!$A$6:$A$125,0)),""))=0),"Operating claimed with no sample",IF(AND(N(O89)>=3,P89=1),"Operating rests on one individual",IF(AND(G89="MANDATORY",N(O89)<3),"SAFETY GATE: below Operating","OK")))))))) -> No evidence pull assigned
A90: FS-085 | B90: 3.2 Configuration Identification | C90: 3.2.5.1 | D90: Interface Identification | E90: (3) | G90: MANDATORY | H90: Full | I90: 2. Configuration Identification | O90: =IFERROR(INDEX(Lists!$B$3:$B$7,MATCH(K90,Lists!$A$3:$A$7,0)),"") | P90: =IFERROR(INDEX('Evidence Pulls'!$N$6:$N$125,MATCH($J90,'Evidence Pulls'!$A$6:$A$125,0)),"") | Q90: =IFERROR(INDEX('Evidence Pulls'!$G$6:$G$125,MATCH($J90,'Evidence Pulls'!$A$6:$A$125,0)),"") | R90: =IFERROR(INDEX('Evidence Pulls'!$O$6:$O$125,MATCH($J90,'Evidence Pulls'!$A$6:$A$125,0)),"") | S90: =IF(L90<>"",L90,IF(K90="","Not assessed",IF(N(O90)>=3,"Demonstrated","Gap - remediate"))) -> Not assessed | T90: =IF(J90="","No evidence pull assigned",IF(COUNTIF('Evidence Pulls'!$A$6:$A$125,J90)=0,"Pull ID not on Evidence Pulls sheet",IF(K90="","Not graded",IF(AND(G90="MANDATORY",L90="Gap - recommend tailoring"),"INVALID: safety-mandatory, not tailorable",IF(OR(P90="",P90=0),"NO NAMED EXECUTOR",IF(AND(H90="Full",N(O90)>=3,N(IFERROR(INDEX('Evidence Pulls'!$J$6:$J$125,MATCH($J90,'Evidence Pulls'!$A$6:$A$125,0)),""))=0),"Operating claimed with no sample",IF(AND(N(O90)>=3,P90=1),"Operating rests on one individual",IF(AND(G90="MANDATORY",N(O90)<3),"SAFETY GATE: below Operating","OK")))))))) -> No evidence pull assigned
A91: FS-086 | B91: 3.2 Configuration Identification | C91: 3.2.5.1 | D91: Interface Identification | E91: (4) | H91: Screen | I91: 2. Configuration Identification | O91: =IFERROR(INDEX(Lists!$B$3:$B$7,MATCH(K91,Lists!$A$3:$A$7,0)),"") | P91: =IFERROR(INDEX('Evidence Pulls'!$N$6:$N$125,MATCH($J91,'Evidence Pulls'!$A$6:$A$125,0)),"") | Q91: =IFERROR(INDEX('Evidence Pulls'!$G$6:$G$125,MATCH($J91,'Evidence Pulls'!$A$6:$A$125,0)),"") | R91: =IFERROR(INDEX('Evidence Pulls'!$O$6:$O$125,MATCH($J91,'Evidence Pulls'!$A$6:$A$125,0)),"") | S91: =IF(L91<>"",L91,IF(K91="","Not assessed",IF(N(O91)>=3,"Demonstrated","Gap - remediate"))) -> Not assessed | T91: =IF(J91="","No evidence pull assigned",IF(COUNTIF('Evidence Pulls'!$A$6:$A$125,J91)=0,"Pull ID not on Evidence Pulls sheet",IF(K91="","Not graded",IF(AND(G91="MANDATORY",L91="Gap - recommend tailoring"),"INVALID: safety-mandatory, not tailorable",IF(OR(P91="",P91=0),"NO NAMED EXECUTOR",IF(AND(H91="Full",N(O91)>=3,N(IFERROR(INDEX('Evidence Pulls'!$J$6:$J$125,MATCH($J91,'Evidence Pulls'!$A$6:$A$125,0)),""))=0),"Operating claimed with no sample",IF(AND(N(O91)>=3,P91=1),"Operating rests on one individual",IF(AND(G91="MANDATORY",N(O91)<3),"SAFETY GATE: below Operating","OK")))))))) -> No evidence pull assigned
A92: FS-087 | B92: 3.2 Configuration Identification | C92: 3.2.5.2 | D92: Interface Control Working Group (ICWG) Membership | E92: (1) | G92: MANDATORY | H92: Full | I92: 2. Configuration Identification | O92: =IFERROR(INDEX(Lists!$B$3:$B$7,MATCH(K92,Lists!$A$3:$A$7,0)),"") | P92: =IFERROR(INDEX('Evidence Pulls'!$N$6:$N$125,MATCH($J92,'Evidence Pulls'!$A$6:$A$125,0)),"") | Q92: =IFERROR(INDEX('Evidence Pulls'!$G$6:$G$125,MATCH($J92,'Evidence Pulls'!$A$6:$A$125,0)),"") | R92: =IFERROR(INDEX('Evidence Pulls'!$O$6:$O$125,MATCH($J92,'Evidence Pulls'!$A$6:$A$125,0)),"") | S92: =IF(L92<>"",L92,IF(K92="","Not assessed",IF(N(O92)>=3,"Demonstrated","Gap - remediate"))) -> Not assessed | T92: =IF(J92="","No evidence pull assigned",IF(COUNTIF('Evidence Pulls'!$A$6:$A$125,J92)=0,"Pull ID not on Evidence Pulls sheet",IF(K92="","Not graded",IF(AND(G92="MANDATORY",L92="Gap - recommend tailoring"),"INVALID: safety-mandatory, not tailorable",IF(OR(P92="",P92=0),"NO NAMED EXECUTOR",IF(AND(H92="Full",N(O92)>=3,N(IFERROR(INDEX('Evidence Pulls'!$J$6:$J$125,MATCH($J92,'Evidence Pulls'!$A$6:$A$125,0)),""))=0),"Operating claimed with no sample",IF(AND(N(O92)>=3,P92=1),"Operating rests on one individual",IF(AND(G92="MANDATORY",N(O92)<3),"SAFETY GATE: below Operating","OK")))))))) -> No evidence pull assigned
A93: FS-088 | B93: 3.2 Configuration Identification | C93: 3.2.5.2 | D93: Interface Control Working Group (ICWG) Membership | E93: (2)(a) | H93: Screen | I93: 2. Configuration Identification | O93: =IFERROR(INDEX(Lists!$B$3:$B$7,MATCH(K93,Lists!$A$3:$A$7,0)),"") | P93: =IFERROR(INDEX('Evidence Pulls'!$N$6:$N$125,MATCH($J93,'Evidence Pulls'!$A$6:$A$125,0)),"") | Q93: =IFERROR(INDEX('Evidence Pulls'!$G$6:$G$125,MATCH($J93,'Evidence Pulls'!$A$6:$A$125,0)),"") | R93: =IFERROR(INDEX('Evidence Pulls'!$O$6:$O$125,MATCH($J93,'Evidence Pulls'!$A$6:$A$125,0)),"") | S93: =IF(L93<>"",L93,IF(K93="","Not assessed",IF(N(O93)>=3,"Demonstrated","Gap - remediate"))) -> Not assessed | T93: =IF(J93="","No evidence pull assigned",IF(COUNTIF('Evidence Pulls'!$A$6:$A$125,J93)=0,"Pull ID not on Evidence Pulls sheet",IF(K93="","Not graded",IF(AND(G93="MANDATORY",L93="Gap - recommend tailoring"),"INVALID: safety-mandatory, not tailorable",IF(OR(P93="",P93=0),"NO NAMED EXECUTOR",IF(AND(H93="Full",N(O93)>=3,N(IFERROR(INDEX('Evidence Pulls'!$J$6:$J$125,MATCH($J93,'Evidence Pulls'!$A$6:$A$125,0)),""))=0),"Operating claimed with no sample",IF(AND(N(O93)>=3,P93=1),"Operating rests on one individual",IF(AND(G93="MANDATORY",N(O93)<3),"SAFETY GATE: below Operating","OK")))))))) -> No evidence pull assigned
A94: FS-089 | B94: 3.2 Configuration Identification | C94: 3.2.5.2 | D94: Interface Control Working Group (ICWG) Membership | E94: (2)(b) | H94: Screen | I94: 2. Configuration Identification | O94: =IFERROR(INDEX(Lists!$B$3:$B$7,MATCH(K94,Lists!$A$3:$A$7,0)),"") | P94: =IFERROR(INDEX('Evidence Pulls'!$N$6:$N$125,MATCH($J94,'Evidence Pulls'!$A$6:$A$125,0)),"") | Q94: =IFERROR(INDEX('Evidence Pulls'!$G$6:$G$125,MATCH($J94,'Evidence Pulls'!$A$6:$A$125,0)),"") | R94: =IFERROR(INDEX('Evidence Pulls'!$O$6:$O$125,MATCH($J94,'Evidence Pulls'!$A$6:$A$125,0)),"") | S94: =IF(L94<>"",L94,IF(K94="","Not assessed",IF(N(O94)>=3,"Demonstrated","Gap - remediate"))) -> Not assessed | T94: =IF(J94="","No evidence pull assigned",IF(COUNTIF('Evidence Pulls'!$A$6:$A$125,J94)=0,"Pull ID not on Evidence Pulls sheet",IF(K94="","Not graded",IF(AND(G94="MANDATORY",L94="Gap - recommend tailoring"),"INVALID: safety-mandatory, not tailorable",IF(OR(P94="",P94=0),"NO NAMED EXECUTOR",IF(AND(H94="Full",N(O94)>=3,N(IFERROR(INDEX('Evidence Pulls'!$J$6:$J$125,MATCH($J94,'Evidence Pulls'!$A$6:$A$125,0)),""))=0),"Operating claimed with no sample",IF(AND(N(O94)>=3,P94=1),"Operating rests on one individual",IF(AND(G94="MANDATORY",N(O94)<3),"SAFETY GATE: below Operating","OK")))))))) -> No evidence pull assigned
A95: FS-090 | B95: 3.2 Configuration Identification | C95: 3.2.5.2 | D95: Interface Control Working Group (ICWG) Membership | E95: (2)(c) | H95: Screen | I95: 2. Configuration Identification | O95: =IFERROR(INDEX(Lists!$B$3:$B$7,MATCH(K95,Lists!$A$3:$A$7,0)),"") | P95: =IFERROR(INDEX('Evidence Pulls'!$N$6:$N$125,MATCH($J95,'Evidence Pulls'!$A$6:$A$125,0)),"") | Q95: =IFERROR(INDEX('Evidence Pulls'!$G$6:$G$125,MATCH($J95,'Evidence Pulls'!$A$6:$A$125,0)),"") | R95: =IFERROR(INDEX('Evidence Pulls'!$O$6:$O$125,MATCH($J95,'Evidence Pulls'!$A$6:$A$125,0)),"") | S95: =IF(L95<>"",L95,IF(K95="","Not assessed",IF(N(O95)>=3,"Demonstrated","Gap - remediate"))) -> Not assessed | T95: =IF(J95="","No evidence pull assigned",IF(COUNTIF('Evidence Pulls'!$A$6:$A$125,J95)=0,"Pull ID not on Evidence Pulls sheet",IF(K95="","Not graded",IF(AND(G95="MANDATORY",L95="Gap - recommend tailoring"),"INVALID: safety-mandatory, not tailorable",IF(OR(P95="",P95=0),"NO NAMED EXECUTOR",IF(AND(H95="Full",N(O95)>=3,N(IFERROR(INDEX('Evidence Pulls'!$J$6:$J$125,MATCH($J95,'Evidence Pulls'!$A$6:$A$125,0)),""))=0),"Operating claimed with no sample",IF(AND(N(O95)>=3,P95=1),"Operating rests on one individual",IF(AND(G95="MANDATORY",N(O95)<3),"SAFETY GATE: below Operating","OK")))))))) -> No evidence pull assigned
A96: FS-091 | B96: 3.2 Configuration Identification | C96: 3.2.5.2 | D96: Interface Control Working Group (ICWG) Membership | E96: (2)(d) | H96: Screen | I96: 2. Configuration Identification | O96: =IFERROR(INDEX(Lists!$B$3:$B$7,MATCH(K96,Lists!$A$3:$A$7,0)),"") | P96: =IFERROR(INDEX('Evidence Pulls'!$N$6:$N$125,MATCH($J96,'Evidence Pulls'!$A$6:$A$125,0)),"") | Q96: =IFERROR(INDEX('Evidence Pulls'!$G$6:$G$125,MATCH($J96,'Evidence Pulls'!$A$6:$A$125,0)),"") | R96: =IFERROR(INDEX('Evidence Pulls'!$O$6:$O$125,MATCH($J96,'Evidence Pulls'!$A$6:$A$125,0)),"") | S96: =IF(L96<>"",L96,IF(K96="","Not assessed",IF(N(O96)>=3,"Demonstrated","Gap - remediate"))) -> Not assessed | T96: =IF(J96="","No evidence pull assigned",IF(COUNTIF('Evidence Pulls'!$A$6:$A$125,J96)=0,"Pull ID not on Evidence Pulls sheet",IF(K96="","Not graded",IF(AND(G96="MANDATORY",L96="Gap - recommend tailoring"),"INVALID: safety-mandatory, not tailorable",IF(OR(P96="",P96=0),"NO NAMED EXECUTOR",IF(AND(H96="Full",N(O96)>=3,N(IFERROR(INDEX('Evidence Pulls'!$J$6:$J$125,MATCH($J96,'Evidence Pulls'!$A$6:$A$125,0)),""))=0),"Operating claimed with no sample",IF(AND(N(O96)>=3,P96=1),"Operating rests on one individual",IF(AND(G96="MANDATORY",N(O96)<3),"SAFETY GATE: below Operating","OK")))))))) -> No evidence pull assigned
A97: FS-092 | B97: 3.3 Configuration Change Management | C97: 3.3 | D97: Configuration Change Management | E97: (1) | G97: MANDATORY | H97: Full | I97: 3. Change and Variance Management | O97: =IFERROR(INDEX(Lists!$B$3:$B$7,MATCH(K97,Lists!$A$3:$A$7,0)),"") | P97: =IFERROR(INDEX('Evidence Pulls'!$N$6:$N$125,MATCH($J97,'Evidence Pulls'!$A$6:$A$125,0)),"") | Q97: =IFERROR(INDEX('Evidence Pulls'!$G$6:$G$125,MATCH($J97,'Evidence Pulls'!$A$6:$A$125,0)),"") | R97: =IFERROR(INDEX('Evidence Pulls'!$O$6:$O$125,MATCH($J97,'Evidence Pulls'!$A$6:$A$125,0)),"") | S97: =IF(L97<>"",L97,IF(K97="","Not assessed",IF(N(O97)>=3,"Demonstrated","Gap - remediate"))) -> Not assessed | T97: =IF(J97="","No evidence pull assigned",IF(COUNTIF('Evidence Pulls'!$A$6:$A$125,J97)=0,"Pull ID not on Evidence Pulls sheet",IF(K97="","Not graded",IF(AND(G97="MANDATORY",L97="Gap - recommend tailoring"),"INVALID: safety-mandatory, not tailorable",IF(OR(P97="",P97=0),"NO NAMED EXECUTOR",IF(AND(H97="Full",N(O97)>=3,N(IFERROR(INDEX('Evidence Pulls'!$J$6:$J$125,MATCH($J97,'Evidence Pulls'!$A$6:$A$125,0)),""))=0),"Operating claimed with no sample",IF(AND(N(O97)>=3,P97=1),"Operating rests on one individual",IF(AND(G97="MANDATORY",N(O97)<3),"SAFETY GATE: below Operating","OK")))))))) -> No evidence pull assigned
A98: FS-093 | B98: 3.3 Configuration Change Management | C98: 3.3 | D98: Configuration Change Management | E98: (2)(a) | H98: Screen | I98: 3. Change and Variance Management | O98: =IFERROR(INDEX(Lists!$B$3:$B$7,MATCH(K98,Lists!$A$3:$A$7,0)),"") | P98: =IFERROR(INDEX('Evidence Pulls'!$N$6:$N$125,MATCH($J98,'Evidence Pulls'!$A$6:$A$125,0)),"") | Q98: =IFERROR(INDEX('Evidence Pulls'!$G$6:$G$125,MATCH($J98,'Evidence Pulls'!$A$6:$A$125,0)),"") | R98: =IFERROR(INDEX('Evidence Pulls'!$O$6:$O$125,MATCH($J98,'Evidence Pulls'!$A$6:$A$125,0)),"") | S98: =IF(L98<>"",L98,IF(K98="","Not assessed",IF(N(O98)>=3,"Demonstrated","Gap - remediate"))) -> Not assessed | T98: =IF(J98="","No evidence pull assigned",IF(COUNTIF('Evidence Pulls'!$A$6:$A$125,J98)=0,"Pull ID not on Evidence Pulls sheet",IF(K98="","Not graded",IF(AND(G98="MANDATORY",L98="Gap - recommend tailoring"),"INVALID: safety-mandatory, not tailorable",IF(OR(P98="",P98=0),"NO NAMED EXECUTOR",IF(AND(H98="Full",N(O98)>=3,N(IFERROR(INDEX('Evidence Pulls'!$J$6:$J$125,MATCH($J98,'Evidence Pulls'!$A$6:$A$125,0)),""))=0),"Operating claimed with no sample",IF(AND(N(O98)>=3,P98=1),"Operating rests on one individual",IF(AND(G98="MANDATORY",N(O98)<3),"SAFETY GATE: below Operating","OK")))))))) -> No evidence pull assigned
A99: FS-094 | B99: 3.3 Configuration Change Management | C99: 3.3 | D99: Configuration Change Management | E99: (2)(b) | H99: Screen | I99: 3. Change and Variance Management | O99: =IFERROR(INDEX(Lists!$B$3:$B$7,MATCH(K99,Lists!$A$3:$A$7,0)),"") | P99: =IFERROR(INDEX('Evidence Pulls'!$N$6:$N$125,MATCH($J99,'Evidence Pulls'!$A$6:$A$125,0)),"") | Q99: =IFERROR(INDEX('Evidence Pulls'!$G$6:$G$125,MATCH($J99,'Evidence Pulls'!$A$6:$A$125,0)),"") | R99: =IFERROR(INDEX('Evidence Pulls'!$O$6:$O$125,MATCH($J99,'Evidence Pulls'!$A$6:$A$125,0)),"") | S99: =IF(L99<>"",L99,IF(K99="","Not assessed",IF(N(O99)>=3,"Demonstrated","Gap - remediate"))) -> Not assessed | T99: =IF(J99="","No evidence pull assigned",IF(COUNTIF('Evidence Pulls'!$A$6:$A$125,J99)=0,"Pull ID not on Evidence Pulls sheet",IF(K99="","Not graded",IF(AND(G99="MANDATORY",L99="Gap - recommend tailoring"),"INVALID: safety-mandatory, not tailorable",IF(OR(P99="",P99=0),"NO NAMED EXECUTOR",IF(AND(H99="Full",N(O99)>=3,N(IFERROR(INDEX('Evidence Pulls'!$J$6:$J$125,MATCH($J99,'Evidence Pulls'!$A$6:$A$125,0)),""))=0),"Operating claimed with no sample",IF(AND(N(O99)>=3,P99=1),"Operating rests on one individual",IF(AND(G99="MANDATORY",N(O99)<3),"SAFETY GATE: below Operating","OK")))))))) -> No evidence pull assigned
A100: FS-095 | B100: 3.3 Configuration Change Management | C100: 3.3 | D100: Configuration Change Management | E100: (2)(c) | G100: MANDATORY | H100: Full | I100: 3. Change and Variance Management | O100: =IFERROR(INDEX(Lists!$B$3:$B$7,MATCH(K100,Lists!$A$3:$A$7,0)),"") | P100: =IFERROR(INDEX('Evidence Pulls'!$N$6:$N$125,MATCH($J100,'Evidence Pulls'!$A$6:$A$125,0)),"") | Q100: =IFERROR(INDEX('Evidence Pulls'!$G$6:$G$125,MATCH($J100,'Evidence Pulls'!$A$6:$A$125,0)),"") | R100: =IFERROR(INDEX('Evidence Pulls'!$O$6:$O$125,MATCH($J100,'Evidence Pulls'!$A$6:$A$125,0)),"") | S100: =IF(L100<>"",L100,IF(K100="","Not assessed",IF(N(O100)>=3,"Demonstrated","Gap - remediate"))) -> Not assessed | T100: =IF(J100="","No evidence pull assigned",IF(COUNTIF('Evidence Pulls'!$A$6:$A$125,J100)=0,"Pull ID not on Evidence Pulls sheet",IF(K100="","Not graded",IF(AND(G100="MANDATORY",L100="Gap - recommend tailoring"),"INVALID: safety-mandatory, not tailorable",IF(OR(P100="",P100=0),"NO NAMED EXECUTOR",IF(AND(H100="Full",N(O100)>=3,N(IFERROR(INDEX('Evidence Pulls'!$J$6:$J$125,MATCH($J100,'Evidence Pulls'!$A$6:$A$125,0)),""))=0),"Operating claimed with no sample",IF(AND(N(O100)>=3,P100=1),"Operating rests on one individual",IF(AND(G100="MANDATORY",N(O100)<3),"SAFETY GATE: below Operating","OK")))))))) -> No evidence pull assigned
A101: FS-096 | B101: 3.3 Configuration Change Management | C101: 3.3 | D101: Configuration Change Management | E101: (2)(d) | H101: Screen | I101: 3. Change and Variance Management | O101: =IFERROR(INDEX(Lists!$B$3:$B$7,MATCH(K101,Lists!$A$3:$A$7,0)),"") | P101: =IFERROR(INDEX('Evidence Pulls'!$N$6:$N$125,MATCH($J101,'Evidence Pulls'!$A$6:$A$125,0)),"") | Q101: =IFERROR(INDEX('Evidence Pulls'!$G$6:$G$125,MATCH($J101,'Evidence Pulls'!$A$6:$A$125,0)),"") | R101: =IFERROR(INDEX('Evidence Pulls'!$O$6:$O$125,MATCH($J101,'Evidence Pulls'!$A$6:$A$125,0)),"") | S101: =IF(L101<>"",L101,IF(K101="","Not assessed",IF(N(O101)>=3,"Demonstrated","Gap - remediate"))) -> Not assessed | T101: =IF(J101="","No evidence pull assigned",IF(COUNTIF('Evidence Pulls'!$A$6:$A$125,J101)=0,"Pull ID not on Evidence Pulls sheet",IF(K101="","Not graded",IF(AND(G101="MANDATORY",L101="Gap - recommend tailoring"),"INVALID: safety-mandatory, not tailorable",IF(OR(P101="",P101=0),"NO NAMED EXECUTOR",IF(AND(H101="Full",N(O101)>=3,N(IFERROR(INDEX('Evidence Pulls'!$J$6:$J$125,MATCH($J101,'Evidence Pulls'!$A$6:$A$125,0)),""))=0),"Operating claimed with no sample",IF(AND(N(O101)>=3,P101=1),"Operating rests on one individual",IF(AND(G101="MANDATORY",N(O101)<3),"SAFETY GATE: below Operating","OK")))))))) -> No evidence pull assigned
A102: FS-097 | B102: 3.3 Configuration Change Management | C102: 3.3 | D102: Configuration Change Management | E102: (2)(e) | G102: MANDATORY | H102: Full | I102: 3. Change and Variance Management | O102: =IFERROR(INDEX(Lists!$B$3:$B$7,MATCH(K102,Lists!$A$3:$A$7,0)),"") | P102: =IFERROR(INDEX('Evidence Pulls'!$N$6:$N$125,MATCH($J102,'Evidence Pulls'!$A$6:$A$125,0)),"") | Q102: =IFERROR(INDEX('Evidence Pulls'!$G$6:$G$125,MATCH($J102,'Evidence Pulls'!$A$6:$A$125,0)),"") | R102: =IFERROR(INDEX('Evidence Pulls'!$O$6:$O$125,MATCH($J102,'Evidence Pulls'!$A$6:$A$125,0)),"") | S102: =IF(L102<>"",L102,IF(K102="","Not assessed",IF(N(O102)>=3,"Demonstrated","Gap - remediate"))) -> Not assessed | T102: =IF(J102="","No evidence pull assigned",IF(COUNTIF('Evidence Pulls'!$A$6:$A$125,J102)=0,"Pull ID not on Evidence Pulls sheet",IF(K102="","Not graded",IF(AND(G102="MANDATORY",L102="Gap - recommend tailoring"),"INVALID: safety-mandatory, not tailorable",IF(OR(P102="",P102=0),"NO NAMED EXECUTOR",IF(AND(H102="Full",N(O102)>=3,N(IFERROR(INDEX('Evidence Pulls'!$J$6:$J$125,MATCH($J102,'Evidence Pulls'!$A$6:$A$125,0)),""))=0),"Operating claimed with no sample",IF(AND(N(O102)>=3,P102=1),"Operating rests on one individual",IF(AND(G102="MANDATORY",N(O102)<3),"SAFETY GATE: below Operating","OK")))))))) -> No evidence pull assigned
A103: FS-098 | B103: 3.3 Configuration Change Management | C103: 3.3 | D103: Configuration Change Management | E103: (2)(f) | G103: MANDATORY | H103: Full | I103: 3. Change and Variance Management | O103: =IFERROR(INDEX(Lists!$B$3:$B$7,MATCH(K103,Lists!$A$3:$A$7,0)),"") | P103: =IFERROR(INDEX('Evidence Pulls'!$N$6:$N$125,MATCH($J103,'Evidence Pulls'!$A$6:$A$125,0)),"") | Q103: =IFERROR(INDEX('Evidence Pulls'!$G$6:$G$125,MATCH($J103,'Evidence Pulls'!$A$6:$A$125,0)),"") | R103: =IFERROR(INDEX('Evidence Pulls'!$O$6:$O$125,MATCH($J103,'Evidence Pulls'!$A$6:$A$125,0)),"") | S103: =IF(L103<>"",L103,IF(K103="","Not assessed",IF(N(O103)>=3,"Demonstrated","Gap - remediate"))) -> Not assessed | T103: =IF(J103="","No evidence pull assigned",IF(COUNTIF('Evidence Pulls'!$A$6:$A$125,J103)=0,"Pull ID not on Evidence Pulls sheet",IF(K103="","Not graded",IF(AND(G103="MANDATORY",L103="Gap - recommend tailoring"),"INVALID: safety-mandatory, not tailorable",IF(OR(P103="",P103=0),"NO NAMED EXECUTOR",IF(AND(H103="Full",N(O103)>=3,N(IFERROR(INDEX('Evidence Pulls'!$J$6:$J$125,MATCH($J103,'Evidence Pulls'!$A$6:$A$125,0)),""))=0),"Operating claimed with no sample",IF(AND(N(O103)>=3,P103=1),"Operating rests on one individual",IF(AND(G103="MANDATORY",N(O103)<3),"SAFETY GATE: below Operating","OK")))))))) -> No evidence pull assigned
A104: FS-099 | B104: 3.3 Configuration Change Management | C104: 3.3 | D104: Configuration Change Management | E104: (2)(g) | H104: Screen | I104: 3. Change and Variance Management | O104: =IFERROR(INDEX(Lists!$B$3:$B$7,MATCH(K104,Lists!$A$3:$A$7,0)),"") | P104: =IFERROR(INDEX('Evidence Pulls'!$N$6:$N$125,MATCH($J104,'Evidence Pulls'!$A$6:$A$125,0)),"") | Q104: =IFERROR(INDEX('Evidence Pulls'!$G$6:$G$125,MATCH($J104,'Evidence Pulls'!$A$6:$A$125,0)),"") | R104: =IFERROR(INDEX('Evidence Pulls'!$O$6:$O$125,MATCH($J104,'Evidence Pulls'!$A$6:$A$125,0)),"") | S104: =IF(L104<>"",L104,IF(K104="","Not assessed",IF(N(O104)>=3,"Demonstrated","Gap - remediate"))) -> Not assessed | T104: =IF(J104="","No evidence pull assigned",IF(COUNTIF('Evidence Pulls'!$A$6:$A$125,J104)=0,"Pull ID not on Evidence Pulls sheet",IF(K104="","Not graded",IF(AND(G104="MANDATORY",L104="Gap - recommend tailoring"),"INVALID: safety-mandatory, not tailorable",IF(OR(P104="",P104=0),"NO NAMED EXECUTOR",IF(AND(H104="Full",N(O104)>=3,N(IFERROR(INDEX('Evidence Pulls'!$J$6:$J$125,MATCH($J104,'Evidence Pulls'!$A$6:$A$125,0)),""))=0),"Operating claimed with no sample",IF(AND(N(O104)>=3,P104=1),"Operating rests on one individual",IF(AND(G104="MANDATORY",N(O104)<3),"SAFETY GATE: below Operating","OK")))))))) -> No evidence pull assigned
A105: FS-100 | B105: 3.3 Configuration Change Management | C105: 3.3 | D105: Configuration Change Management | E105: (3) | G105: MANDATORY | H105: Full | I105: 3. Change and Variance Management | O105: =IFERROR(INDEX(Lists!$B$3:$B$7,MATCH(K105,Lists!$A$3:$A$7,0)),"") | P105: =IFERROR(INDEX('Evidence Pulls'!$N$6:$N$125,MATCH($J105,'Evidence Pulls'!$A$6:$A$125,0)),"") | Q105: =IFERROR(INDEX('Evidence Pulls'!$G$6:$G$125,MATCH($J105,'Evidence Pulls'!$A$6:$A$125,0)),"") | R105: =IFERROR(INDEX('Evidence Pulls'!$O$6:$O$125,MATCH($J105,'Evidence Pulls'!$A$6:$A$125,0)),"") | S105: =IF(L105<>"",L105,IF(K105="","Not assessed",IF(N(O105)>=3,"Demonstrated","Gap - remediate"))) -> Not assessed | T105: =IF(J105="","No evidence pull assigned",IF(COUNTIF('Evidence Pulls'!$A$6:$A$125,J105)=0,"Pull ID not on Evidence Pulls sheet",IF(K105="","Not graded",IF(AND(G105="MANDATORY",L105="Gap - recommend tailoring"),"INVALID: safety-mandatory, not tailorable",IF(OR(P105="",P105=0),"NO NAMED EXECUTOR",IF(AND(H105="Full",N(O105)>=3,N(IFERROR(INDEX('Evidence Pulls'!$J$6:$J$125,MATCH($J105,'Evidence Pulls'!$A$6:$A$125,0)),""))=0),"Operating claimed with no sample",IF(AND(N(O105)>=3,P105=1),"Operating rests on one individual",IF(AND(G105="MANDATORY",N(O105)<3),"SAFETY GATE: below Operating","OK")))))))) -> No evidence pull assigned
A106: FS-101 | B106: 3.3 Configuration Change Management | C106: 3.3.1 | D106: Engineering Change Proposal (ECP) | E106: (1) | G106: MANDATORY | H106: Full | I106: 3. Change and Variance Management | O106: =IFERROR(INDEX(Lists!$B$3:$B$7,MATCH(K106,Lists!$A$3:$A$7,0)),"") | P106: =IFERROR(INDEX('Evidence Pulls'!$N$6:$N$125,MATCH($J106,'Evidence Pulls'!$A$6:$A$125,0)),"") | Q106: =IFERROR(INDEX('Evidence Pulls'!$G$6:$G$125,MATCH($J106,'Evidence Pulls'!$A$6:$A$125,0)),"") | R106: =IFERROR(INDEX('Evidence Pulls'!$O$6:$O$125,MATCH($J106,'Evidence Pulls'!$A$6:$A$125,0)),"") | S106: =IF(L106<>"",L106,IF(K106="","Not assessed",IF(N(O106)>=3,"Demonstrated","Gap - remediate"))) -> Not assessed | T106: =IF(J106="","No evidence pull assigned",IF(COUNTIF('Evidence Pulls'!$A$6:$A$125,J106)=0,"Pull ID not on Evidence Pulls sheet",IF(K106="","Not graded",IF(AND(G106="MANDATORY",L106="Gap - recommend tailoring"),"INVALID: safety-mandatory, not tailorable",IF(OR(P106="",P106=0),"NO NAMED EXECUTOR",IF(AND(H106="Full",N(O106)>=3,N(IFERROR(INDEX('Evidence Pulls'!$J$6:$J$125,MATCH($J106,'Evidence Pulls'!$A$6:$A$125,0)),""))=0),"Operating claimed with no sample",IF(AND(N(O106)>=3,P106=1),"Operating rests on one individual",IF(AND(G106="MANDATORY",N(O106)<3),"SAFETY GATE: below Operating","OK")))))))) -> No evidence pull assigned
A107: FS-102 | B107: 3.3 Configuration Change Management | C107: 3.3.1.1 | D107: Engineering Change Process | E107: (1)(a) | G107: MANDATORY | H107: Full | I107: 3. Change and Variance Management | O107: =IFERROR(INDEX(Lists!$B$3:$B$7,MATCH(K107,Lists!$A$3:$A$7,0)),"") | P107: =IFERROR(INDEX('Evidence Pulls'!$N$6:$N$125,MATCH($J107,'Evidence Pulls'!$A$6:$A$125,0)),"") | Q107: =IFERROR(INDEX('Evidence Pulls'!$G$6:$G$125,MATCH($J107,'Evidence Pulls'!$A$6:$A$125,0)),"") | R107: =IFERROR(INDEX('Evidence Pulls'!$O$6:$O$125,MATCH($J107,'Evidence Pulls'!$A$6:$A$125,0)),"") | S107: =IF(L107<>"",L107,IF(K107="","Not assessed",IF(N(O107)>=3,"Demonstrated","Gap - remediate"))) -> Not assessed | T107: =IF(J107="","No evidence pull assigned",IF(COUNTIF('Evidence Pulls'!$A$6:$A$125,J107)=0,"Pull ID not on Evidence Pulls sheet",IF(K107="","Not graded",IF(AND(G107="MANDATORY",L107="Gap - recommend tailoring"),"INVALID: safety-mandatory, not tailorable",IF(OR(P107="",P107=0),"NO NAMED EXECUTOR",IF(AND(H107="Full",N(O107)>=3,N(IFERROR(INDEX('Evidence Pulls'!$J$6:$J$125,MATCH($J107,'Evidence Pulls'!$A$6:$A$125,0)),""))=0),"Operating claimed with no sample",IF(AND(N(O107)>=3,P107=1),"Operating rests on one individual",IF(AND(G107="MANDATORY",N(O107)<3),"SAFETY GATE: below Operating","OK")))))))) -> No evidence pull assigned
A108: FS-103 | B108: 3.3 Configuration Change Management | C108: 3.3.1.1 | D108: Engineering Change Process | E108: (1)(b) | H108: Screen | I108: 3. Change and Variance Management | O108: =IFERROR(INDEX(Lists!$B$3:$B$7,MATCH(K108,Lists!$A$3:$A$7,0)),"") | P108: =IFERROR(INDEX('Evidence Pulls'!$N$6:$N$125,MATCH($J108,'Evidence Pulls'!$A$6:$A$125,0)),"") | Q108: =IFERROR(INDEX('Evidence Pulls'!$G$6:$G$125,MATCH($J108,'Evidence Pulls'!$A$6:$A$125,0)),"") | R108: =IFERROR(INDEX('Evidence Pulls'!$O$6:$O$125,MATCH($J108,'Evidence Pulls'!$A$6:$A$125,0)),"") | S108: =IF(L108<>"",L108,IF(K108="","Not assessed",IF(N(O108)>=3,"Demonstrated","Gap - remediate"))) -> Not assessed | T108: =IF(J108="","No evidence pull assigned",IF(COUNTIF('Evidence Pulls'!$A$6:$A$125,J108)=0,"Pull ID not on Evidence Pulls sheet",IF(K108="","Not graded",IF(AND(G108="MANDATORY",L108="Gap - recommend tailoring"),"INVALID: safety-mandatory, not tailorable",IF(OR(P108="",P108=0),"NO NAMED EXECUTOR",IF(AND(H108="Full",N(O108)>=3,N(IFERROR(INDEX('Evidence Pulls'!$J$6:$J$125,MATCH($J108,'Evidence Pulls'!$A$6:$A$125,0)),""))=0),"Operating claimed with no sample",IF(AND(N(O108)>=3,P108=1),"Operating rests on one individual",IF(AND(G108="MANDATORY",N(O108)<3),"SAFETY GATE: below Operating","OK")))))))) -> No evidence pull assigned
A109: FS-104 | B109: 3.3 Configuration Change Management | C109: 3.3.1.1 | D109: Engineering Change Process | E109: (1)(c) | G109: MANDATORY | H109: Full | I109: 3. Change and Variance Management | O109: =IFERROR(INDEX(Lists!$B$3:$B$7,MATCH(K109,Lists!$A$3:$A$7,0)),"") | P109: =IFERROR(INDEX('Evidence Pulls'!$N$6:$N$125,MATCH($J109,'Evidence Pulls'!$A$6:$A$125,0)),"") | Q109: =IFERROR(INDEX('Evidence Pulls'!$G$6:$G$125,MATCH($J109,'Evidence Pulls'!$A$6:$A$125,0)),"") | R109: =IFERROR(INDEX('Evidence Pulls'!$O$6:$O$125,MATCH($J109,'Evidence Pulls'!$A$6:$A$125,0)),"") | S109: =IF(L109<>"",L109,IF(K109="","Not assessed",IF(N(O109)>=3,"Demonstrated","Gap - remediate"))) -> Not assessed | T109: =IF(J109="","No evidence pull assigned",IF(COUNTIF('Evidence Pulls'!$A$6:$A$125,J109)=0,"Pull ID not on Evidence Pulls sheet",IF(K109="","Not graded",IF(AND(G109="MANDATORY",L109="Gap - recommend tailoring"),"INVALID: safety-mandatory, not tailorable",IF(OR(P109="",P109=0),"NO NAMED EXECUTOR",IF(AND(H109="Full",N(O109)>=3,N(IFERROR(INDEX('Evidence Pulls'!$J$6:$J$125,MATCH($J109,'Evidence Pulls'!$A$6:$A$125,0)),""))=0),"Operating claimed with no sample",IF(AND(N(O109)>=3,P109=1),"Operating rests on one individual",IF(AND(G109="MANDATORY",N(O109)<3),"SAFETY GATE: below Operating","OK")))))))) -> No evidence pull assigned
A110: FS-105 | B110: 3.3 Configuration Change Management | C110: 3.3.1.1 | D110: Engineering Change Process | E110: (1)(d) | H110: Screen | I110: 3. Change and Variance Management | O110: =IFERROR(INDEX(Lists!$B$3:$B$7,MATCH(K110,Lists!$A$3:$A$7,0)),"") | P110: =IFERROR(INDEX('Evidence Pulls'!$N$6:$N$125,MATCH($J110,'Evidence Pulls'!$A$6:$A$125,0)),"") | Q110: =IFERROR(INDEX('Evidence Pulls'!$G$6:$G$125,MATCH($J110,'Evidence Pulls'!$A$6:$A$125,0)),"") | R110: =IFERROR(INDEX('Evidence Pulls'!$O$6:$O$125,MATCH($J110,'Evidence Pulls'!$A$6:$A$125,0)),"") | S110: =IF(L110<>"",L110,IF(K110="","Not assessed",IF(N(O110)>=3,"Demonstrated","Gap - remediate"))) -> Not assessed | T110: =IF(J110="","No evidence pull assigned",IF(COUNTIF('Evidence Pulls'!$A$6:$A$125,J110)=0,"Pull ID not on Evidence Pulls sheet",IF(K110="","Not graded",IF(AND(G110="MANDATORY",L110="Gap - recommend tailoring"),"INVALID: safety-mandatory, not tailorable",IF(OR(P110="",P110=0),"NO NAMED EXECUTOR",IF(AND(H110="Full",N(O110)>=3,N(IFERROR(INDEX('Evidence Pulls'!$J$6:$J$125,MATCH($J110,'Evidence Pulls'!$A$6:$A$125,0)),""))=0),"Operating claimed with no sample",IF(AND(N(O110)>=3,P110=1),"Operating rests on one individual",IF(AND(G110="MANDATORY",N(O110)<3),"SAFETY GATE: below Operating","OK")))))))) -> No evidence pull assigned
A111: FS-106 | B111: 3.3 Configuration Change Management | C111: 3.3.1.1 | D111: Engineering Change Process | E111: (1)(e) | G111: MANDATORY | H111: Full | I111: 3. Change and Variance Management | O111: =IFERROR(INDEX(Lists!$B$3:$B$7,MATCH(K111,Lists!$A$3:$A$7,0)),"") | P111: =IFERROR(INDEX('Evidence Pulls'!$N$6:$N$125,MATCH($J111,'Evidence Pulls'!$A$6:$A$125,0)),"") | Q111: =IFERROR(INDEX('Evidence Pulls'!$G$6:$G$125,MATCH($J111,'Evidence Pulls'!$A$6:$A$125,0)),"") | R111: =IFERROR(INDEX('Evidence Pulls'!$O$6:$O$125,MATCH($J111,'Evidence Pulls'!$A$6:$A$125,0)),"") | S111: =IF(L111<>"",L111,IF(K111="","Not assessed",IF(N(O111)>=3,"Demonstrated","Gap - remediate"))) -> Not assessed | T111: =IF(J111="","No evidence pull assigned",IF(COUNTIF('Evidence Pulls'!$A$6:$A$125,J111)=0,"Pull ID not on Evidence Pulls sheet",IF(K111="","Not graded",IF(AND(G111="MANDATORY",L111="Gap - recommend tailoring"),"INVALID: safety-mandatory, not tailorable",IF(OR(P111="",P111=0),"NO NAMED EXECUTOR",IF(AND(H111="Full",N(O111)>=3,N(IFERROR(INDEX('Evidence Pulls'!$J$6:$J$125,MATCH($J111,'Evidence Pulls'!$A$6:$A$125,0)),""))=0),"Operating claimed with no sample",IF(AND(N(O111)>=3,P111=1),"Operating rests on one individual",IF(AND(G111="MANDATORY",N(O111)<3),"SAFETY GATE: below Operating","OK")))))))) -> No evidence pull assigned
A112: FS-107 | B112: 3.3 Configuration Change Management | C112: 3.3.1.1 | D112: Engineering Change Process | E112: (1)(f) | G112: MANDATORY | H112: Full | I112: 3. Change and Variance Management | O112: =IFERROR(INDEX(Lists!$B$3:$B$7,MATCH(K112,Lists!$A$3:$A$7,0)),"") | P112: =IFERROR(INDEX('Evidence Pulls'!$N$6:$N$125,MATCH($J112,'Evidence Pulls'!$A$6:$A$125,0)),"") | Q112: =IFERROR(INDEX('Evidence Pulls'!$G$6:$G$125,MATCH($J112,'Evidence Pulls'!$A$6:$A$125,0)),"") | R112: =IFERROR(INDEX('Evidence Pulls'!$O$6:$O$125,MATCH($J112,'Evidence Pulls'!$A$6:$A$125,0)),"") | S112: =IF(L112<>"",L112,IF(K112="","Not assessed",IF(N(O112)>=3,"Demonstrated","Gap - remediate"))) -> Not assessed | T112: =IF(J112="","No evidence pull assigned",IF(COUNTIF('Evidence Pulls'!$A$6:$A$125,J112)=0,"Pull ID not on Evidence Pulls sheet",IF(K112="","Not graded",IF(AND(G112="MANDATORY",L112="Gap - recommend tailoring"),"INVALID: safety-mandatory, not tailorable",IF(OR(P112="",P112=0),"NO NAMED EXECUTOR",IF(AND(H112="Full",N(O112)>=3,N(IFERROR(INDEX('Evidence Pulls'!$J$6:$J$125,MATCH($J112,'Evidence Pulls'!$A$6:$A$125,0)),""))=0),"Operating claimed with no sample",IF(AND(N(O112)>=3,P112=1),"Operating rests on one individual",IF(AND(G112="MANDATORY",N(O112)<3),"SAFETY GATE: below Operating","OK")))))))) -> No evidence pull assigned
A113: FS-108 | B113: 3.3 Configuration Change Management | C113: 3.3.1.1 | D113: Engineering Change Process | E113: (1)(g) | G113: MANDATORY | H113: Full | I113: 3. Change and Variance Management | O113: =IFERROR(INDEX(Lists!$B$3:$B$7,MATCH(K113,Lists!$A$3:$A$7,0)),"") | P113: =IFERROR(INDEX('Evidence Pulls'!$N$6:$N$125,MATCH($J113,'Evidence Pulls'!$A$6:$A$125,0)),"") | Q113: =IFERROR(INDEX('Evidence Pulls'!$G$6:$G$125,MATCH($J113,'Evidence Pulls'!$A$6:$A$125,0)),"") | R113: =IFERROR(INDEX('Evidence Pulls'!$O$6:$O$125,MATCH($J113,'Evidence Pulls'!$A$6:$A$125,0)),"") | S113: =IF(L113<>"",L113,IF(K113="","Not assessed",IF(N(O113)>=3,"Demonstrated","Gap - remediate"))) -> Not assessed | T113: =IF(J113="","No evidence pull assigned",IF(COUNTIF('Evidence Pulls'!$A$6:$A$125,J113)=0,"Pull ID not on Evidence Pulls sheet",IF(K113="","Not graded",IF(AND(G113="MANDATORY",L113="Gap - recommend tailoring"),"INVALID: safety-mandatory, not tailorable",IF(OR(P113="",P113=0),"NO NAMED EXECUTOR",IF(AND(H113="Full",N(O113)>=3,N(IFERROR(INDEX('Evidence Pulls'!$J$6:$J$125,MATCH($J113,'Evidence Pulls'!$A$6:$A$125,0)),""))=0),"Operating claimed with no sample",IF(AND(N(O113)>=3,P113=1),"Operating rests on one individual",IF(AND(G113="MANDATORY",N(O113)<3),"SAFETY GATE: below Operating","OK")))))))) -> No evidence pull assigned
A114: FS-109 | B114: 3.3 Configuration Change Management | C114: 3.3.1.1 | D114: Engineering Change Process | E114: (1)(h) | G114: MANDATORY | H114: Full | I114: 3. Change and Variance Management | O114: =IFERROR(INDEX(Lists!$B$3:$B$7,MATCH(K114,Lists!$A$3:$A$7,0)),"") | P114: =IFERROR(INDEX('Evidence Pulls'!$N$6:$N$125,MATCH($J114,'Evidence Pulls'!$A$6:$A$125,0)),"") | Q114: =IFERROR(INDEX('Evidence Pulls'!$G$6:$G$125,MATCH($J114,'Evidence Pulls'!$A$6:$A$125,0)),"") | R114: =IFERROR(INDEX('Evidence Pulls'!$O$6:$O$125,MATCH($J114,'Evidence Pulls'!$A$6:$A$125,0)),"") | S114: =IF(L114<>"",L114,IF(K114="","Not assessed",IF(N(O114)>=3,"Demonstrated","Gap - remediate"))) -> Not assessed | T114: =IF(J114="","No evidence pull assigned",IF(COUNTIF('Evidence Pulls'!$A$6:$A$125,J114)=0,"Pull ID not on Evidence Pulls sheet",IF(K114="","Not graded",IF(AND(G114="MANDATORY",L114="Gap - recommend tailoring"),"INVALID: safety-mandatory, not tailorable",IF(OR(P114="",P114=0),"NO NAMED EXECUTOR",IF(AND(H114="Full",N(O114)>=3,N(IFERROR(INDEX('Evidence Pulls'!$J$6:$J$125,MATCH($J114,'Evidence Pulls'!$A$6:$A$125,0)),""))=0),"Operating claimed with no sample",IF(AND(N(O114)>=3,P114=1),"Operating rests on one individual",IF(AND(G114="MANDATORY",N(O114)<3),"SAFETY GATE: below Operating","OK")))))))) -> No evidence pull assigned
A115: FS-110 | B115: 3.3 Configuration Change Management | C115: 3.3.1.1 | D115: Engineering Change Process | E115: (1)(i) | H115: Screen | I115: 3. Change and Variance Management | O115: =IFERROR(INDEX(Lists!$B$3:$B$7,MATCH(K115,Lists!$A$3:$A$7,0)),"") | P115: =IFERROR(INDEX('Evidence Pulls'!$N$6:$N$125,MATCH($J115,'Evidence Pulls'!$A$6:$A$125,0)),"") | Q115: =IFERROR(INDEX('Evidence Pulls'!$G$6:$G$125,MATCH($J115,'Evidence Pulls'!$A$6:$A$125,0)),"") | R115: =IFERROR(INDEX('Evidence Pulls'!$O$6:$O$125,MATCH($J115,'Evidence Pulls'!$A$6:$A$125,0)),"") | S115: =IF(L115<>"",L115,IF(K115="","Not assessed",IF(N(O115)>=3,"Demonstrated","Gap - remediate"))) -> Not assessed | T115: =IF(J115="","No evidence pull assigned",IF(COUNTIF('Evidence Pulls'!$A$6:$A$125,J115)=0,"Pull ID not on Evidence Pulls sheet",IF(K115="","Not graded",IF(AND(G115="MANDATORY",L115="Gap - recommend tailoring"),"INVALID: safety-mandatory, not tailorable",IF(OR(P115="",P115=0),"NO NAMED EXECUTOR",IF(AND(H115="Full",N(O115)>=3,N(IFERROR(INDEX('Evidence Pulls'!$J$6:$J$125,MATCH($J115,'Evidence Pulls'!$A$6:$A$125,0)),""))=0),"Operating claimed with no sample",IF(AND(N(O115)>=3,P115=1),"Operating rests on one individual",IF(AND(G115="MANDATORY",N(O115)<3),"SAFETY GATE: below Operating","OK")))))))) -> No evidence pull assigned
A116: FS-111 | B116: 3.3 Configuration Change Management | C116: 3.3.1.1 | D116: Engineering Change Process | E116: (1)(j) | H116: Screen | I116: 3. Change and Variance Management | O116: =IFERROR(INDEX(Lists!$B$3:$B$7,MATCH(K116,Lists!$A$3:$A$7,0)),"") | P116: =IFERROR(INDEX('Evidence Pulls'!$N$6:$N$125,MATCH($J116,'Evidence Pulls'!$A$6:$A$125,0)),"") | Q116: =IFERROR(INDEX('Evidence Pulls'!$G$6:$G$125,MATCH($J116,'Evidence Pulls'!$A$6:$A$125,0)),"") | R116: =IFERROR(INDEX('Evidence Pulls'!$O$6:$O$125,MATCH($J116,'Evidence Pulls'!$A$6:$A$125,0)),"") | S116: =IF(L116<>"",L116,IF(K116="","Not assessed",IF(N(O116)>=3,"Demonstrated","Gap - remediate"))) -> Not assessed | T116: =IF(J116="","No evidence pull assigned",IF(COUNTIF('Evidence Pulls'!$A$6:$A$125,J116)=0,"Pull ID not on Evidence Pulls sheet",IF(K116="","Not graded",IF(AND(G116="MANDATORY",L116="Gap - recommend tailoring"),"INVALID: safety-mandatory, not tailorable",IF(OR(P116="",P116=0),"NO NAMED EXECUTOR",IF(AND(H116="Full",N(O116)>=3,N(IFERROR(INDEX('Evidence Pulls'!$J$6:$J$125,MATCH($J116,'Evidence Pulls'!$A$6:$A$125,0)),""))=0),"Operating claimed with no sample",IF(AND(N(O116)>=3,P116=1),"Operating rests on one individual",IF(AND(G116="MANDATORY",N(O116)<3),"SAFETY GATE: below Operating","OK")))))))) -> No evidence pull assigned
A117: FS-112 | B117: 3.3 Configuration Change Management | C117: 3.3.1.1 | D117: Engineering Change Process | E117: (1)(k) | H117: Screen | I117: 3. Change and Variance Management | O117: =IFERROR(INDEX(Lists!$B$3:$B$7,MATCH(K117,Lists!$A$3:$A$7,0)),"") | P117: =IFERROR(INDEX('Evidence Pulls'!$N$6:$N$125,MATCH($J117,'Evidence Pulls'!$A$6:$A$125,0)),"") | Q117: =IFERROR(INDEX('Evidence Pulls'!$G$6:$G$125,MATCH($J117,'Evidence Pulls'!$A$6:$A$125,0)),"") | R117: =IFERROR(INDEX('Evidence Pulls'!$O$6:$O$125,MATCH($J117,'Evidence Pulls'!$A$6:$A$125,0)),"") | S117: =IF(L117<>"",L117,IF(K117="","Not assessed",IF(N(O117)>=3,"Demonstrated","Gap - remediate"))) -> Not assessed | T117: =IF(J117="","No evidence pull assigned",IF(COUNTIF('Evidence Pulls'!$A$6:$A$125,J117)=0,"Pull ID not on Evidence Pulls sheet",IF(K117="","Not graded",IF(AND(G117="MANDATORY",L117="Gap - recommend tailoring"),"INVALID: safety-mandatory, not tailorable",IF(OR(P117="",P117=0),"NO NAMED EXECUTOR",IF(AND(H117="Full",N(O117)>=3,N(IFERROR(INDEX('Evidence Pulls'!$J$6:$J$125,MATCH($J117,'Evidence Pulls'!$A$6:$A$125,0)),""))=0),"Operating claimed with no sample",IF(AND(N(O117)>=3,P117=1),"Operating rests on one individual",IF(AND(G117="MANDATORY",N(O117)<3),"SAFETY GATE: below Operating","OK")))))))) -> No evidence pull assigned
A118: FS-113 | B118: 3.3 Configuration Change Management | C118: 3.3.1.1 | D118: Engineering Change Process | E118: (1)(l) | H118: Screen | I118: 3. Change and Variance Management | O118: =IFERROR(INDEX(Lists!$B$3:$B$7,MATCH(K118,Lists!$A$3:$A$7,0)),"") | P118: =IFERROR(INDEX('Evidence Pulls'!$N$6:$N$125,MATCH($J118,'Evidence Pulls'!$A$6:$A$125,0)),"") | Q118: =IFERROR(INDEX('Evidence Pulls'!$G$6:$G$125,MATCH($J118,'Evidence Pulls'!$A$6:$A$125,0)),"") | R118: =IFERROR(INDEX('Evidence Pulls'!$O$6:$O$125,MATCH($J118,'Evidence Pulls'!$A$6:$A$125,0)),"") | S118: =IF(L118<>"",L118,IF(K118="","Not assessed",IF(N(O118)>=3,"Demonstrated","Gap - remediate"))) -> Not assessed | T118: =IF(J118="","No evidence pull assigned",IF(COUNTIF('Evidence Pulls'!$A$6:$A$125,J118)=0,"Pull ID not on Evidence Pulls sheet",IF(K118="","Not graded",IF(AND(G118="MANDATORY",L118="Gap - recommend tailoring"),"INVALID: safety-mandatory, not tailorable",IF(OR(P118="",P118=0),"NO NAMED EXECUTOR",IF(AND(H118="Full",N(O118)>=3,N(IFERROR(INDEX('Evidence Pulls'!$J$6:$J$125,MATCH($J118,'Evidence Pulls'!$A$6:$A$125,0)),""))=0),"Operating claimed with no sample",IF(AND(N(O118)>=3,P118=1),"Operating rests on one individual",IF(AND(G118="MANDATORY",N(O118)<3),"SAFETY GATE: below Operating","OK")))))))) -> No evidence pull assigned
A119: FS-114 | B119: 3.3 Configuration Change Management | C119: 3.3.1.2 | D119: Classification and Authority of ECP | E119: (1) | G119: MANDATORY | H119: Full | I119: 3. Change and Variance Management | O119: =IFERROR(INDEX(Lists!$B$3:$B$7,MATCH(K119,Lists!$A$3:$A$7,0)),"") | P119: =IFERROR(INDEX('Evidence Pulls'!$N$6:$N$125,MATCH($J119,'Evidence Pulls'!$A$6:$A$125,0)),"") | Q119: =IFERROR(INDEX('Evidence Pulls'!$G$6:$G$125,MATCH($J119,'Evidence Pulls'!$A$6:$A$125,0)),"") | R119: =IFERROR(INDEX('Evidence Pulls'!$O$6:$O$125,MATCH($J119,'Evidence Pulls'!$A$6:$A$125,0)),"") | S119: =IF(L119<>"",L119,IF(K119="","Not assessed",IF(N(O119)>=3,"Demonstrated","Gap - remediate"))) -> Not assessed | T119: =IF(J119="","No evidence pull assigned",IF(COUNTIF('Evidence Pulls'!$A$6:$A$125,J119)=0,"Pull ID not on Evidence Pulls sheet",IF(K119="","Not graded",IF(AND(G119="MANDATORY",L119="Gap - recommend tailoring"),"INVALID: safety-mandatory, not tailorable",IF(OR(P119="",P119=0),"NO NAMED EXECUTOR",IF(AND(H119="Full",N(O119)>=3,N(IFERROR(INDEX('Evidence Pulls'!$J$6:$J$125,MATCH($J119,'Evidence Pulls'!$A$6:$A$125,0)),""))=0),"Operating claimed with no sample",IF(AND(N(O119)>=3,P119=1),"Operating rests on one individual",IF(AND(G119="MANDATORY",N(O119)<3),"SAFETY GATE: below Operating","OK")))))))) -> No evidence pull assigned
A120: FS-115 | B120: 3.3 Configuration Change Management | C120: 3.3.1.2 | D120: Classification and Authority of ECP | E120: (2)(a) | H120: Screen | I120: 3. Change and Variance Management | O120: =IFERROR(INDEX(Lists!$B$3:$B$7,MATCH(K120,Lists!$A$3:$A$7,0)),"") | P120: =IFERROR(INDEX('Evidence Pulls'!$N$6:$N$125,MATCH($J120,'Evidence Pulls'!$A$6:$A$125,0)),"") | Q120: =IFERROR(INDEX('Evidence Pulls'!$G$6:$G$125,MATCH($J120,'Evidence Pulls'!$A$6:$A$125,0)),"") | R120: =IFERROR(INDEX('Evidence Pulls'!$O$6:$O$125,MATCH($J120,'Evidence Pulls'!$A$6:$A$125,0)),"") | S120: =IF(L120<>"",L120,IF(K120="","Not assessed",IF(N(O120)>=3,"Demonstrated","Gap - remediate"))) -> Not assessed | T120: =IF(J120="","No evidence pull assigned",IF(COUNTIF('Evidence Pulls'!$A$6:$A$125,J120)=0,"Pull ID not on Evidence Pulls sheet",IF(K120="","Not graded",IF(AND(G120="MANDATORY",L120="Gap - recommend tailoring"),"INVALID: safety-mandatory, not tailorable",IF(OR(P120="",P120=0),"NO NAMED EXECUTOR",IF(AND(H120="Full",N(O120)>=3,N(IFERROR(INDEX('Evidence Pulls'!$J$6:$J$125,MATCH($J120,'Evidence Pulls'!$A$6:$A$125,0)),""))=0),"Operating claimed with no sample",IF(AND(N(O120)>=3,P120=1),"Operating rests on one individual",IF(AND(G120="MANDATORY",N(O120)<3),"SAFETY GATE: below Operating","OK")))))))) -> No evidence pull assigned
A121: FS-116 | B121: 3.3 Configuration Change Management | C121: 3.3.1.2 | D121: Classification and Authority of ECP | E121: (2)(b) | H121: Screen | I121: 3. Change and Variance Management | O121: =IFERROR(INDEX(Lists!$B$3:$B$7,MATCH(K121,Lists!$A$3:$A$7,0)),"") | P121: =IFERROR(INDEX('Evidence Pulls'!$N$6:$N$125,MATCH($J121,'Evidence Pulls'!$A$6:$A$125,0)),"") | Q121: =IFERROR(INDEX('Evidence Pulls'!$G$6:$G$125,MATCH($J121,'Evidence Pulls'!$A$6:$A$125,0)),"") | R121: =IFERROR(INDEX('Evidence Pulls'!$O$6:$O$125,MATCH($J121,'Evidence Pulls'!$A$6:$A$125,0)),"") | S121: =IF(L121<>"",L121,IF(K121="","Not assessed",IF(N(O121)>=3,"Demonstrated","Gap - remediate"))) -> Not assessed | T121: =IF(J121="","No evidence pull assigned",IF(COUNTIF('Evidence Pulls'!$A$6:$A$125,J121)=0,"Pull ID not on Evidence Pulls sheet",IF(K121="","Not graded",IF(AND(G121="MANDATORY",L121="Gap - recommend tailoring"),"INVALID: safety-mandatory, not tailorable",IF(OR(P121="",P121=0),"NO NAMED EXECUTOR",IF(AND(H121="Full",N(O121)>=3,N(IFERROR(INDEX('Evidence Pulls'!$J$6:$J$125,MATCH($J121,'Evidence Pulls'!$A$6:$A$125,0)),""))=0),"Operating claimed with no sample",IF(AND(N(O121)>=3,P121=1),"Operating rests on one individual",IF(AND(G121="MANDATORY",N(O121)<3),"SAFETY GATE: below Operating","OK")))))))) -> No evidence pull assigned
A122: FS-117 | B122: 3.3 Configuration Change Management | C122: 3.3.1.2 | D122: Classification and Authority of ECP | E122: (2)(c) | H122: Screen | I122: 3. Change and Variance Management | O122: =IFERROR(INDEX(Lists!$B$3:$B$7,MATCH(K122,Lists!$A$3:$A$7,0)),"") | P122: =IFERROR(INDEX('Evidence Pulls'!$N$6:$N$125,MATCH($J122,'Evidence Pulls'!$A$6:$A$125,0)),"") | Q122: =IFERROR(INDEX('Evidence Pulls'!$G$6:$G$125,MATCH($J122,'Evidence Pulls'!$A$6:$A$125,0)),"") | R122: =IFERROR(INDEX('Evidence Pulls'!$O$6:$O$125,MATCH($J122,'Evidence Pulls'!$A$6:$A$125,0)),"") | S122: =IF(L122<>"",L122,IF(K122="","Not assessed",IF(N(O122)>=3,"Demonstrated","Gap - remediate"))) -> Not assessed | T122: =IF(J122="","No evidence pull assigned",IF(COUNTIF('Evidence Pulls'!$A$6:$A$125,J122)=0,"Pull ID not on Evidence Pulls sheet",IF(K122="","Not graded",IF(AND(G122="MANDATORY",L122="Gap - recommend tailoring"),"INVALID: safety-mandatory, not tailorable",IF(OR(P122="",P122=0),"NO NAMED EXECUTOR",IF(AND(H122="Full",N(O122)>=3,N(IFERROR(INDEX('Evidence Pulls'!$J$6:$J$125,MATCH($J122,'Evidence Pulls'!$A$6:$A$125,0)),""))=0),"Operating claimed with no sample",IF(AND(N(O122)>=3,P122=1),"Operating rests on one individual",IF(AND(G122="MANDATORY",N(O122)<3),"SAFETY GATE: below Operating","OK")))))))) -> No evidence pull assigned
A123: FS-118 | B123: 3.3 Configuration Change Management | C123: 3.3.1.2 | D123: Classification and Authority of ECP | E123: (2)(d) | H123: Screen | I123: 3. Change and Variance Management | O123: =IFERROR(INDEX(Lists!$B$3:$B$7,MATCH(K123,Lists!$A$3:$A$7,0)),"") | P123: =IFERROR(INDEX('Evidence Pulls'!$N$6:$N$125,MATCH($J123,'Evidence Pulls'!$A$6:$A$125,0)),"") | Q123: =IFERROR(INDEX('Evidence Pulls'!$G$6:$G$125,MATCH($J123,'Evidence Pulls'!$A$6:$A$125,0)),"") | R123: =IFERROR(INDEX('Evidence Pulls'!$O$6:$O$125,MATCH($J123,'Evidence Pulls'!$A$6:$A$125,0)),"") | S123: =IF(L123<>"",L123,IF(K123="","Not assessed",IF(N(O123)>=3,"Demonstrated","Gap - remediate"))) -> Not assessed | T123: =IF(J123="","No evidence pull assigned",IF(COUNTIF('Evidence Pulls'!$A$6:$A$125,J123)=0,"Pull ID not on Evidence Pulls sheet",IF(K123="","Not graded",IF(AND(G123="MANDATORY",L123="Gap - recommend tailoring"),"INVALID: safety-mandatory, not tailorable",IF(OR(P123="",P123=0),"NO NAMED EXECUTOR",IF(AND(H123="Full",N(O123)>=3,N(IFERROR(INDEX('Evidence Pulls'!$J$6:$J$125,MATCH($J123,'Evidence Pulls'!$A$6:$A$125,0)),""))=0),"Operating claimed with no sample",IF(AND(N(O123)>=3,P123=1),"Operating rests on one individual",IF(AND(G123="MANDATORY",N(O123)<3),"SAFETY GATE: below Operating","OK")))))))) -> No evidence pull assigned
A124: FS-119 | B124: 3.3 Configuration Change Management | C124: 3.3.1.2 | D124: Classification and Authority of ECP | E124: (2)(f) | H124: Screen | I124: 3. Change and Variance Management | O124: =IFERROR(INDEX(Lists!$B$3:$B$7,MATCH(K124,Lists!$A$3:$A$7,0)),"") | P124: =IFERROR(INDEX('Evidence Pulls'!$N$6:$N$125,MATCH($J124,'Evidence Pulls'!$A$6:$A$125,0)),"") | Q124: =IFERROR(INDEX('Evidence Pulls'!$G$6:$G$125,MATCH($J124,'Evidence Pulls'!$A$6:$A$125,0)),"") | R124: =IFERROR(INDEX('Evidence Pulls'!$O$6:$O$125,MATCH($J124,'Evidence Pulls'!$A$6:$A$125,0)),"") | S124: =IF(L124<>"",L124,IF(K124="","Not assessed",IF(N(O124)>=3,"Demonstrated","Gap - remediate"))) -> Not assessed | T124: =IF(J124="","No evidence pull assigned",IF(COUNTIF('Evidence Pulls'!$A$6:$A$125,J124)=0,"Pull ID not on Evidence Pulls sheet",IF(K124="","Not graded",IF(AND(G124="MANDATORY",L124="Gap - recommend tailoring"),"INVALID: safety-mandatory, not tailorable",IF(OR(P124="",P124=0),"NO NAMED EXECUTOR",IF(AND(H124="Full",N(O124)>=3,N(IFERROR(INDEX('Evidence Pulls'!$J$6:$J$125,MATCH($J124,'Evidence Pulls'!$A$6:$A$125,0)),""))=0),"Operating claimed with no sample",IF(AND(N(O124)>=3,P124=1),"Operating rests on one individual",IF(AND(G124="MANDATORY",N(O124)<3),"SAFETY GATE: below Operating","OK")))))))) -> No evidence pull assigned
A125: FS-120 | B125: 3.3 Configuration Change Management | C125: 3.3.1.2 | D125: Classification and Authority of ECP | E125: (2)(g) | H125: Screen | I125: 3. Change and Variance Management | O125: =IFERROR(INDEX(Lists!$B$3:$B$7,MATCH(K125,Lists!$A$3:$A$7,0)),"") | P125: =IFERROR(INDEX('Evidence Pulls'!$N$6:$N$125,MATCH($J125,'Evidence Pulls'!$A$6:$A$125,0)),"") | Q125: =IFERROR(INDEX('Evidence Pulls'!$G$6:$G$125,MATCH($J125,'Evidence Pulls'!$A$6:$A$125,0)),"") | R125: =IFERROR(INDEX('Evidence Pulls'!$O$6:$O$125,MATCH($J125,'Evidence Pulls'!$A$6:$A$125,0)),"") | S125: =IF(L125<>"",L125,IF(K125="","Not assessed",IF(N(O125)>=3,"Demonstrated","Gap - remediate"))) -> Not assessed | T125: =IF(J125="","No evidence pull assigned",IF(COUNTIF('Evidence Pulls'!$A$6:$A$125,J125)=0,"Pull ID not on Evidence Pulls sheet",IF(K125="","Not graded",IF(AND(G125="MANDATORY",L125="Gap - recommend tailoring"),"INVALID: safety-mandatory, not tailorable",IF(OR(P125="",P125=0),"NO NAMED EXECUTOR",IF(AND(H125="Full",N(O125)>=3,N(IFERROR(INDEX('Evidence Pulls'!$J$6:$J$125,MATCH($J125,'Evidence Pulls'!$A$6:$A$125,0)),""))=0),"Operating claimed with no sample",IF(AND(N(O125)>=3,P125=1),"Operating rests on one individual",IF(AND(G125="MANDATORY",N(O125)<3),"SAFETY GATE: below Operating","OK")))))))) -> No evidence pull assigned
A126: FS-121 | B126: 3.3 Configuration Change Management | C126: 3.3.1.2 | D126: Classification and Authority of ECP | E126: (2)(h) | H126: Screen | I126: 3. Change and Variance Management | O126: =IFERROR(INDEX(Lists!$B$3:$B$7,MATCH(K126,Lists!$A$3:$A$7,0)),"") | P126: =IFERROR(INDEX('Evidence Pulls'!$N$6:$N$125,MATCH($J126,'Evidence Pulls'!$A$6:$A$125,0)),"") | Q126: =IFERROR(INDEX('Evidence Pulls'!$G$6:$G$125,MATCH($J126,'Evidence Pulls'!$A$6:$A$125,0)),"") | R126: =IFERROR(INDEX('Evidence Pulls'!$O$6:$O$125,MATCH($J126,'Evidence Pulls'!$A$6:$A$125,0)),"") | S126: =IF(L126<>"",L126,IF(K126="","Not assessed",IF(N(O126)>=3,"Demonstrated","Gap - remediate"))) -> Not assessed | T126: =IF(J126="","No evidence pull assigned",IF(COUNTIF('Evidence Pulls'!$A$6:$A$125,J126)=0,"Pull ID not on Evidence Pulls sheet",IF(K126="","Not graded",IF(AND(G126="MANDATORY",L126="Gap - recommend tailoring"),"INVALID: safety-mandatory, not tailorable",IF(OR(P126="",P126=0),"NO NAMED EXECUTOR",IF(AND(H126="Full",N(O126)>=3,N(IFERROR(INDEX('Evidence Pulls'!$J$6:$J$125,MATCH($J126,'Evidence Pulls'!$A$6:$A$125,0)),""))=0),"Operating claimed with no sample",IF(AND(N(O126)>=3,P126=1),"Operating rests on one individual",IF(AND(G126="MANDATORY",N(O126)<3),"SAFETY GATE: below Operating","OK")))))))) -> No evidence pull assigned
A127: FS-122 | B127: 3.3 Configuration Change Management | C127: 3.3.1.2 | D127: Classification and Authority of ECP | E127: (2)(i) | H127: Screen | I127: 3. Change and Variance Management | O127: =IFERROR(INDEX(Lists!$B$3:$B$7,MATCH(K127,Lists!$A$3:$A$7,0)),"") | P127: =IFERROR(INDEX('Evidence Pulls'!$N$6:$N$125,MATCH($J127,'Evidence Pulls'!$A$6:$A$125,0)),"") | Q127: =IFERROR(INDEX('Evidence Pulls'!$G$6:$G$125,MATCH($J127,'Evidence Pulls'!$A$6:$A$125,0)),"") | R127: =IFERROR(INDEX('Evidence Pulls'!$O$6:$O$125,MATCH($J127,'Evidence Pulls'!$A$6:$A$125,0)),"") | S127: =IF(L127<>"",L127,IF(K127="","Not assessed",IF(N(O127)>=3,"Demonstrated","Gap - remediate"))) -> Not assessed | T127: =IF(J127="","No evidence pull assigned",IF(COUNTIF('Evidence Pulls'!$A$6:$A$125,J127)=0,"Pull ID not on Evidence Pulls sheet",IF(K127="","Not graded",IF(AND(G127="MANDATORY",L127="Gap - recommend tailoring"),"INVALID: safety-mandatory, not tailorable",IF(OR(P127="",P127=0),"NO NAMED EXECUTOR",IF(AND(H127="Full",N(O127)>=3,N(IFERROR(INDEX('Evidence Pulls'!$J$6:$J$125,MATCH($J127,'Evidence Pulls'!$A$6:$A$125,0)),""))=0),"Operating claimed with no sample",IF(AND(N(O127)>=3,P127=1),"Operating rests on one individual",IF(AND(G127="MANDATORY",N(O127)<3),"SAFETY GATE: below Operating","OK")))))))) -> No evidence pull assigned
A128: FS-123 | B128: 3.3 Configuration Change Management | C128: 3.3.1.2 | D128: Classification and Authority of ECP | E128: (2)(j) | H128: Screen | I128: 3. Change and Variance Management | O128: =IFERROR(INDEX(Lists!$B$3:$B$7,MATCH(K128,Lists!$A$3:$A$7,0)),"") | P128: =IFERROR(INDEX('Evidence Pulls'!$N$6:$N$125,MATCH($J128,'Evidence Pulls'!$A$6:$A$125,0)),"") | Q128: =IFERROR(INDEX('Evidence Pulls'!$G$6:$G$125,MATCH($J128,'Evidence Pulls'!$A$6:$A$125,0)),"") | R128: =IFERROR(INDEX('Evidence Pulls'!$O$6:$O$125,MATCH($J128,'Evidence Pulls'!$A$6:$A$125,0)),"") | S128: =IF(L128<>"",L128,IF(K128="","Not assessed",IF(N(O128)>=3,"Demonstrated","Gap - remediate"))) -> Not assessed | T128: =IF(J128="","No evidence pull assigned",IF(COUNTIF('Evidence Pulls'!$A$6:$A$125,J128)=0,"Pull ID not on Evidence Pulls sheet",IF(K128="","Not graded",IF(AND(G128="MANDATORY",L128="Gap - recommend tailoring"),"INVALID: safety-mandatory, not tailorable",IF(OR(P128="",P128=0),"NO NAMED EXECUTOR",IF(AND(H128="Full",N(O128)>=3,N(IFERROR(INDEX('Evidence Pulls'!$J$6:$J$125,MATCH($J128,'Evidence Pulls'!$A$6:$A$125,0)),""))=0),"Operating claimed with no sample",IF(AND(N(O128)>=3,P128=1),"Operating rests on one individual",IF(AND(G128="MANDATORY",N(O128)<3),"SAFETY GATE: below Operating","OK")))))))) -> No evidence pull assigned
A129: FS-124 | B129: 3.3 Configuration Change Management | C129: 3.3.1.2 | D129: Classification and Authority of ECP | E129: (2)(k) | H129: Screen | I129: 3. Change and Variance Management | O129: =IFERROR(INDEX(Lists!$B$3:$B$7,MATCH(K129,Lists!$A$3:$A$7,0)),"") | P129: =IFERROR(INDEX('Evidence Pulls'!$N$6:$N$125,MATCH($J129,'Evidence Pulls'!$A$6:$A$125,0)),"") | Q129: =IFERROR(INDEX('Evidence Pulls'!$G$6:$G$125,MATCH($J129,'Evidence Pulls'!$A$6:$A$125,0)),"") | R129: =IFERROR(INDEX('Evidence Pulls'!$O$6:$O$125,MATCH($J129,'Evidence Pulls'!$A$6:$A$125,0)),"") | S129: =IF(L129<>"",L129,IF(K129="","Not assessed",IF(N(O129)>=3,"Demonstrated","Gap - remediate"))) -> Not assessed | T129: =IF(J129="","No evidence pull assigned",IF(COUNTIF('Evidence Pulls'!$A$6:$A$125,J129)=0,"Pull ID not on Evidence Pulls sheet",IF(K129="","Not graded",IF(AND(G129="MANDATORY",L129="Gap - recommend tailoring"),"INVALID: safety-mandatory, not tailorable",IF(OR(P129="",P129=0),"NO NAMED EXECUTOR",IF(AND(H129="Full",N(O129)>=3,N(IFERROR(INDEX('Evidence Pulls'!$J$6:$J$125,MATCH($J129,'Evidence Pulls'!$A$6:$A$125,0)),""))=0),"Operating claimed with no sample",IF(AND(N(O129)>=3,P129=1),"Operating rests on one individual",IF(AND(G129="MANDATORY",N(O129)<3),"SAFETY GATE: below Operating","OK")))))))) -> No evidence pull assigned
A130: FS-125 | B130: 3.3 Configuration Change Management | C130: 3.3.1.2 | D130: Classification and Authority of ECP | E130: (2)(l) | H130: Screen | I130: 3. Change and Variance Management | O130: =IFERROR(INDEX(Lists!$B$3:$B$7,MATCH(K130,Lists!$A$3:$A$7,0)),"") | P130: =IFERROR(INDEX('Evidence Pulls'!$N$6:$N$125,MATCH($J130,'Evidence Pulls'!$A$6:$A$125,0)),"") | Q130: =IFERROR(INDEX('Evidence Pulls'!$G$6:$G$125,MATCH($J130,'Evidence Pulls'!$A$6:$A$125,0)),"") | R130: =IFERROR(INDEX('Evidence Pulls'!$O$6:$O$125,MATCH($J130,'Evidence Pulls'!$A$6:$A$125,0)),"") | S130: =IF(L130<>"",L130,IF(K130="","Not assessed",IF(N(O130)>=3,"Demonstrated","Gap - remediate"))) -> Not assessed | T130: =IF(J130="","No evidence pull assigned",IF(COUNTIF('Evidence Pulls'!$A$6:$A$125,J130)=0,"Pull ID not on Evidence Pulls sheet",IF(K130="","Not graded",IF(AND(G130="MANDATORY",L130="Gap - recommend tailoring"),"INVALID: safety-mandatory, not tailorable",IF(OR(P130="",P130=0),"NO NAMED EXECUTOR",IF(AND(H130="Full",N(O130)>=3,N(IFERROR(INDEX('Evidence Pulls'!$J$6:$J$125,MATCH($J130,'Evidence Pulls'!$A$6:$A$125,0)),""))=0),"Operating claimed with no sample",IF(AND(N(O130)>=3,P130=1),"Operating rests on one individual",IF(AND(G130="MANDATORY",N(O130)<3),"SAFETY GATE: below Operating","OK")))))))) -> No evidence pull assigned
A131: FS-126 | B131: 3.3 Configuration Change Management | C131: 3.3.1.2 | D131: Classification and Authority of ECP | E131: (2)(m) | H131: Screen | I131: 3. Change and Variance Management | O131: =IFERROR(INDEX(Lists!$B$3:$B$7,MATCH(K131,Lists!$A$3:$A$7,0)),"") | P131: =IFERROR(INDEX('Evidence Pulls'!$N$6:$N$125,MATCH($J131,'Evidence Pulls'!$A$6:$A$125,0)),"") | Q131: =IFERROR(INDEX('Evidence Pulls'!$G$6:$G$125,MATCH($J131,'Evidence Pulls'!$A$6:$A$125,0)),"") | R131: =IFERROR(INDEX('Evidence Pulls'!$O$6:$O$125,MATCH($J131,'Evidence Pulls'!$A$6:$A$125,0)),"") | S131: =IF(L131<>"",L131,IF(K131="","Not assessed",IF(N(O131)>=3,"Demonstrated","Gap - remediate"))) -> Not assessed | T131: =IF(J131="","No evidence pull assigned",IF(COUNTIF('Evidence Pulls'!$A$6:$A$125,J131)=0,"Pull ID not on Evidence Pulls sheet",IF(K131="","Not graded",IF(AND(G131="MANDATORY",L131="Gap - recommend tailoring"),"INVALID: safety-mandatory, not tailorable",IF(OR(P131="",P131=0),"NO NAMED EXECUTOR",IF(AND(H131="Full",N(O131)>=3,N(IFERROR(INDEX('Evidence Pulls'!$J$6:$J$125,MATCH($J131,'Evidence Pulls'!$A$6:$A$125,0)),""))=0),"Operating claimed with no sample",IF(AND(N(O131)>=3,P131=1),"Operating rests on one individual",IF(AND(G131="MANDATORY",N(O131)<3),"SAFETY GATE: below Operating","OK")))))))) -> No evidence pull assigned
... A155: FS-150 | B155: 3.3 Configuration Change Management | C155: 3.3.1.2 | D155: Classification and Authority of ECP | E155: (2)(e)(5) | H155: Screen | I155: 3. Change and Variance Management | O155: =IFERROR(INDEX(Lists!$B$3:$B$7,MATCH(K155,Lists!$A$3:$A$7,0)),"") | P155: =IFERROR(INDEX('Evidence Pulls'!$N$6:$N$125,MATCH($J155,'Evidence Pulls'!$A$6:$A$125,0)),"") | Q155: =IFERROR(INDEX('Evidence Pulls'!$G$6:$G$125,MATCH($J155,'Evidence Pulls'!$A$6:$A$125,0)),"") | R155: =IFERROR(INDEX('Evidence Pulls'!$O$6:$O$125,MATCH($J155,'Evidence Pulls'!$A$6:$A$125,0)),"") | S155: =IF(L155<>"",L155,IF(K155="","Not assessed",IF(N(O155)>=3,"Demonstrated","Gap - remediate"))) -> Not assessed | T155: =IF(J155="","No evidence pull assigned",IF(COUNTIF('Evidence Pulls'!$A$6:$A$125,J155)=0,"Pull ID not on Evidence Pulls sheet",IF(K155="","Not graded",IF(AND(G155="MANDATORY",L155="Gap - recommend tailoring"),"INVALID: safety-mandatory, not tailorable",IF(OR(P155="",P155=0),"NO NAMED EXECUTOR",IF(AND(H155="Full",N(O155)>=3,N(IFERROR(INDEX('Evidence Pulls'!$J$6:$J$125,MATCH($J155,'Evidence Pulls'!$A$6:$A$125,0)),""))=0),"Operating claimed with no sample",IF(AND(N(O155)>=3,P155=1),"Operating rests on one individual",IF(AND(G155="MANDATORY",N(O155)<3),"SAFETY GATE: below Operating","OK")))))))) -> No evidence pull assigned
A156: FS-151 | B156: 3.3 Configuration Change Management | C156: 3.3.1.2 | D156: Classification and Authority of ECP | E156: (2)(e)(6)(a) | G156: MANDATORY | H156: Full | I156: 3. Change and Variance Management | O156: =IFERROR(INDEX(Lists!$B$3:$B$7,MATCH(K156,Lists!$A$3:$A$7,0)),"") | P156: =IFERROR(INDEX('Evidence Pulls'!$N$6:$N$125,MATCH($J156,'Evidence Pulls'!$A$6:$A$125,0)),"") | Q156: =IFERROR(INDEX('Evidence Pulls'!$G$6:$G$125,MATCH($J156,'Evidence Pulls'!$A$6:$A$125,0)),"") | R156: =IFERROR(INDEX('Evidence Pulls'!$O$6:$O$125,MATCH($J156,'Evidence Pulls'!$A$6:$A$125,0)),"") | S156: =IF(L156<>"",L156,IF(K156="","Not assessed",IF(N(O156)>=3,"Demonstrated","Gap - remediate"))) -> Not assessed | T156: =IF(J156="","No evidence pull assigned",IF(COUNTIF('Evidence Pulls'!$A$6:$A$125,J156)=0,"Pull ID not on Evidence Pulls sheet",IF(K156="","Not graded",IF(AND(G156="MANDATORY",L156="Gap - recommend tailoring"),"INVALID: safety-mandatory, not tailorable",IF(OR(P156="",P156=0),"NO NAMED EXECUTOR",IF(AND(H156="Full",N(O156)>=3,N(IFERROR(INDEX('Evidence Pulls'!$J$6:$J$125,MATCH($J156,'Evidence Pulls'!$A$6:$A$125,0)),""))=0),"Operating claimed with no sample",IF(AND(N(O156)>=3,P156=1),"Operating rests on one individual",IF(AND(G156="MANDATORY",N(O156)<3),"SAFETY GATE: below Operating","OK")))))))) -> No evidence pull assigned
A157: FS-152 | B157: 3.3 Configuration Change Management | C157: 3.3.1.2 | D157: Classification and Authority of ECP | E157: (2)(e)(6)(b) | H157: Screen | I157: 3. Change and Variance Management | O157: =IFERROR(INDEX(Lists!$B$3:$B$7,MATCH(K157,Lists!$A$3:$A$7,0)),"") | P157: =IFERROR(INDEX('Evidence Pulls'!$N$6:$N$125,MATCH($J157,'Evidence Pulls'!$A$6:$A$125,0)),"") | Q157: =IFERROR(INDEX('Evidence Pulls'!$G$6:$G$125,MATCH($J157,'Evidence Pulls'!$A$6:$A$125,0)),"") | R157: =IFERROR(INDEX('Evidence Pulls'!$O$6:$O$125,MATCH($J157,'Evidence Pulls'!$A$6:$A$125,0)),"") | S157: =IF(L157<>"",L157,IF(K157="","Not assessed",IF(N(O157)>=3,"Demonstrated","Gap - remediate"))) -> Not assessed | T157: =IF(J157="","No evidence pull assigned",IF(COUNTIF('Evidence Pulls'!$A$6:$A$125,J157)=0,"Pull ID not on Evidence Pulls sheet",IF(K157="","Not graded",IF(AND(G157="MANDATORY",L157="Gap - recommend tailoring"),"INVALID: safety-mandatory, not tailorable",IF(OR(P157="",P157=0),"NO NAMED EXECUTOR",IF(AND(H157="Full",N(O157)>=3,N(IFERROR(INDEX('Evidence Pulls'!$J$6:$J$125,MATCH($J157,'Evidence Pulls'!$A$6:$A$125,0)),""))=0),"Operating claimed with no sample",IF(AND(N(O157)>=3,P157=1),"Operating rests on one individual",IF(AND(G157="MANDATORY",N(O157)<3),"SAFETY GATE: below Operating","OK")))))))) -> No evidence pull assigned
A158: FS-153 | B158: 3.3 Configuration Change Management | C158: 3.3.1.2 | D158: Classification and Authority of ECP | E158: (2)(e)(6)(c) | H158: Screen | I158: 3. Change and Variance Management | O158: =IFERROR(INDEX(Lists!$B$3:$B$7,MATCH(K158,Lists!$A$3:$A$7,0)),"") | P158: =IFERROR(INDEX('Evidence Pulls'!$N$6:$N$125,MATCH($J158,'Evidence Pulls'!$A$6:$A$125,0)),"") | Q158: =IFERROR(INDEX('Evidence Pulls'!$G$6:$G$125,MATCH($J158,'Evidence Pulls'!$A$6:$A$125,0)),"") | R158: =IFERROR(INDEX('Evidence Pulls'!$O$6:$O$125,MATCH($J158,'Evidence Pulls'!$A$6:$A$125,0)),"") | S158: =IF(L158<>"",L158,IF(K158="","Not assessed",IF(N(O158)>=3,"Demonstrated","Gap - remediate"))) -> Not assessed | T158: =IF(J158="","No evidence pull assigned",IF(COUNTIF('Evidence Pulls'!$A$6:$A$125,J158)=0,"Pull ID not on Evidence Pulls sheet",IF(K158="","Not graded",IF(AND(G158="MANDATORY",L158="Gap - recommend tailoring"),"INVALID: safety-mandatory, not tailorable",IF(OR(P158="",P158=0),"NO NAMED EXECUTOR",IF(AND(H158="Full",N(O158)>=3,N(IFERROR(INDEX('Evidence Pulls'!$J$6:$J$125,MATCH($J158,'Evidence Pulls'!$A$6:$A$125,0)),""))=0),"Operating claimed with no sample",IF(AND(N(O158)>=3,P158=1),"Operating rests on one individual",IF(AND(G158="MANDATORY",N(O158)<3),"SAFETY GATE: below Operating","OK")))))))) -> No evidence pull assigned
A159: FS-154 | B159: 3.3 Configuration Change Management | C159: 3.3.1.2 | D159: Classification and Authority of ECP | E159: (2)(e)(6)(d) | H159: Screen | I159: 3. Change and Variance Management | O159: =IFERROR(INDEX(Lists!$B$3:$B$7,MATCH(K159,Lists!$A$3:$A$7,0)),"") | P159: =IFERROR(INDEX('Evidence Pulls'!$N$6:$N$125,MATCH($J159,'Evidence Pulls'!$A$6:$A$125,0)),"") | Q159: =IFERROR(INDEX('Evidence Pulls'!$G$6:$G$125,MATCH($J159,'Evidence Pulls'!$A$6:$A$125,0)),"") | R159: =IFERROR(INDEX('Evidence Pulls'!$O$6:$O$125,MATCH($J159,'Evidence Pulls'!$A$6:$A$125,0)),"") | S159: =IF(L159<>"",L159,IF(K159="","Not assessed",IF(N(O159)>=3,"Demonstrated","Gap - remediate"))) -> Not assessed | T159: =IF(J159="","No evidence pull assigned",IF(COUNTIF('Evidence Pulls'!$A$6:$A$125,J159)=0,"Pull ID not on Evidence Pulls sheet",IF(K159="","Not graded",IF(AND(G159="MANDATORY",L159="Gap - recommend tailoring"),"INVALID: safety-mandatory, not tailorable",IF(OR(P159="",P159=0),"NO NAMED EXECUTOR",IF(AND(H159="Full",N(O159)>=3,N(IFERROR(INDEX('Evidence Pulls'!$J$6:$J$125,MATCH($J159,'Evidence Pulls'!$A$6:$A$125,0)),""))=0),"Operating claimed with no sample",IF(AND(N(O159)>=3,P159=1),"Operating rests on one individual",IF(AND(G159="MANDATORY",N(O159)<3),"SAFETY GATE: below Operating","OK")))))))) -> No evidence pull assigned
A160: FS-155 | B160: 3.3 Configuration Change Management | C160: 3.3.1.2 | D160: Classification and Authority of ECP | E160: (2)(e)(6)(e) | H160: Screen | I160: 3. Change and Variance Management | O160: =IFERROR(INDEX(Lists!$B$3:$B$7,MATCH(K160,Lists!$A$3:$A$7,0)),"") | P160: =IFERROR(INDEX('Evidence Pulls'!$N$6:$N$125,MATCH($J160,'Evidence Pulls'!$A$6:$A$125,0)),"") | Q160: =IFERROR(INDEX('Evidence Pulls'!$G$6:$G$125,MATCH($J160,'Evidence Pulls'!$A$6:$A$125,0)),"") | R160: =IFERROR(INDEX('Evidence Pulls'!$O$6:$O$125,MATCH($J160,'Evidence Pulls'!$A$6:$A$125,0)),"") | S160: =IF(L160<>"",L160,IF(K160="","Not assessed",IF(N(O160)>=3,"Demonstrated","Gap - remediate"))) -> Not assessed | T160: =IF(J160="","No evidence pull assigned",IF(COUNTIF('Evidence Pulls'!$A$6:$A$125,J160)=0,"Pull ID not on Evidence Pulls sheet",IF(K160="","Not graded",IF(AND(G160="MANDATORY",L160="Gap - recommend tailoring"),"INVALID: safety-mandatory, not tailorable",IF(OR(P160="",P160=0),"NO NAMED EXECUTOR",IF(AND(H160="Full",N(O160)>=3,N(IFERROR(INDEX('Evidence Pulls'!$J$6:$J$125,MATCH($J160,'Evidence Pulls'!$A$6:$A$125,0)),""))=0),"Operating claimed with no sample",IF(AND(N(O160)>=3,P160=1),"Operating rests on one individual",IF(AND(G160="MANDATORY",N(O160)<3),"SAFETY GATE: below Operating","OK")))))))) -> No evidence pull assigned
...

Sheet Evidence Pulls
A1: Evidence Pulls
A2: ONE ROW PER SET OF RECORDS. A pull is a single body of evidence that answers one or more requirements. Fill columns A to M once, then reference the Pull ID from the register. Columns N to R calculate.
A3: Split a pull whenever different records, different people, or a different tool answer the requirements. Sample columns J and K are required only where column R reads Full.
A5: Pull ID | B5: What it covers | C5: Process / Command Media Ref | D5: Tool / System | E5: Training / Competency Ref | F5: Named Executor(s) - semicolon separated | G5: Executor Function | H5: Evidence Reference | I5: Sample Basis (population and period) | J5: Sample Size | K5: Records Conforming | L5: Assessor (name / date) | M5: Notes | N5: Executor Count | O5: Staffing Rung | P5: Conformance % | Q5: Requirements using this pull | R5: Sample needed?
A6: [example] EP-ECP-CLASS | B6: ECP classification rationale, covers all Major-change criteria under 3.3.1.2(2) | C6: XXX-CM-PROC-003 R.E | D6: PLM change module | E6: CM-201 Change Classification | F6: A. Rivera; B. Chen | G6: Change Board Admin | H6: PLM query CLS-FY26-Q1 | I6: All ECPs classified on [pgm] 2025-08 to 2026-07 | J6: 12 | K6: 8 | L6: [name] 2026-09-14 | M6: Delete this example row before use | N6: =IF(TRIM(F6)="",0,LEN(TRIM(F6))-LEN(SUBSTITUTE(TRIM(F6),";",""))+1) -> 2 | O6: =IF($A6="","",IF(N6=0,"Unassigned",IF(N6=1,"Single point","Staffed"))) -> Staffed | P6: =IF(OR(J6="",J6=0),"",K6/J6) -> 0.66666667 | Q6: =IF($A6="",0,COUNTIF('Full Register'!$J$6:$J$279,$A6)) -> 0 | R6: =IF($A6="","",IF(COUNTIFS('Full Register'!$J$6:$J$279,$A6,'Full Register'!$H$6:$H$279,"Full")>0,"Full","Screen")) -> Screen
N7: =IF(TRIM(F7)="",0,LEN(TRIM(F7))-LEN(SUBSTITUTE(TRIM(F7),";",""))+1) -> 0 | O7: =IF($A7="","",IF(N7=0,"Unassigned",IF(N7=1,"Single point","Staffed"))) | P7: =IF(OR(J7="",J7=0),"",K7/J7) | Q7: =IF($A7="",0,COUNTIF('Full Register'!$J$6:$J$279,$A7)) -> 0 | R7: =IF($A7="","",IF(COUNTIFS('Full Register'!$J$6:$J$279,$A7,'Full Register'!$H$6:$H$279,"Full")>0,"Full","Screen"))
N8: =IF(TRIM(F8)="",0,LEN(TRIM(F8))-LEN(SUBSTITUTE(TRIM(F8),";",""))+1) -> 0 | O8: =IF($A8="","",IF(N8=0,"Unassigned",IF(N8=1,"Single point","Staffed"))) | P8: =IF(OR(J8="",J8=0),"",K8/J8) | Q8: =IF($A8="",0,COUNTIF('Full Register'!$J$6:$J$279,$A8)) -> 0 | R8: =IF($A8="","",IF(COUNTIFS('Full Register'!$J$6:$J$279,$A8,'Full Register'!$H$6:$H$279,"Full")>0,"Full","Screen"))
N9: =IF(TRIM(F9)="",0,LEN(TRIM(F9))-LEN(SUBSTITUTE(TRIM(F9),";",""))+1) -> 0 | O9: =IF($A9="","",IF(N9=0,"Unassigned",IF(N9=1,"Single point","Staffed"))) | P9: =IF(OR(J9="",J9=0),"",K9/J9) | Q9: =IF($A9="",0,COUNTIF('Full Register'!$J$6:$J$279,$A9)) -> 0 | R9: =IF($A9="","",IF(COUNTIFS('Full Register'!$J$6:$J$279,$A9,'Full Register'!$H$6:$H$279,"Full")>0,"Full","Screen"))
N10: =IF(TRIM(F10)="",0,LEN(TRIM(F10))-LEN(SUBSTITUTE(TRIM(F10),";",""))+1) -> 0 | O10: =IF($A10="","",IF(N10=0,"Unassigned",IF(N10=1,"Single point","Staffed"))) | P10: =IF(OR(J10="",J10=0),"",K10/J10) | Q10: =IF($A10="",0,COUNTIF('Full Register'!$J$6:$J$279,$A10)) -> 0 | R10: =IF($A10="","",IF(COUNTIFS('Full Register'!$J$6:$J$279,$A10,'Full Register'!$H$6:$H$279,"Full")>0,"Full","Screen"))
N11: =IF(TRIM(F11)="",0,LEN(TRIM(F11))-LEN(SUBSTITUTE(TRIM(F11),";",""))+1) -> 0 | O11: =IF($A11="","",IF(N11=0,"Unassigned",IF(N11=1,"Single point","Staffed"))) | P11: =IF(OR(J11="",J11=0),"",K11/J11) | Q11: =IF($A11="",0,COUNTIF('Full Register'!$J$6:$J$279,$A11)) -> 0 | R11: =IF($A11="","",IF(COUNTIFS('Full Register'!$J$6:$J$279,$A11,'Full Register'!$H$6:$H$279,"Full")>0,"Full","Screen"))
N12: =IF(TRIM(F12)="",0,LEN(TRIM(F12))-LEN(SUBSTITUTE(TRIM(F12),";",""))+1) -> 0 | O12: =IF($A12="","",IF(N12=0,"Unassigned",IF(N12=1,"Single point","Staffed"))) | P12: =IF(OR(J12="",J12=0),"",K12/J12) | Q12: =IF($A12="",0,COUNTIF('Full Register'!$J$6:$J$279,$A12)) -> 0 | R12: =IF($A12="","",IF(COUNTIFS('Full Register'!$J$6:$J$279,$A12,'Full Register'!$H$6:$H$279,"Full")>0,"Full","Screen"))
N13: =IF(TRIM(F13)="",0,LEN(TRIM(F13))-LEN(SUBSTITUTE(TRIM(F13),";",""))+1) -> 0 | O13: =IF($A13="","",IF(N13=0,"Unassigned",IF(N13=1,"Single point","Staffed"))) | P13: =IF(OR(J13="",J13=0),"",K13/J13) | Q13: =IF($A13="",0,COUNTIF('Full Register'!$J$6:$J$279,$A13)) -> 0 | R13: =IF($A13="","",IF(COUNTIFS('Full Register'!$J$6:$J$279,$A13,'Full Register'!$H$6:$H$279,"Full")>0,"Full","Screen"))
N14: =IF(TRIM(F14)="",0,LEN(TRIM(F14))-LEN(SUBSTITUTE(TRIM(F14),";",""))+1) -> 0 | O14: =IF($A14="","",IF(N14=0,"Unassigned",IF(N14=1,"Single point","Staffed"))) | P14: =IF(OR(J14="",J14=0),"",K14/J14) | Q14: =IF($A14="",0,COUNTIF('Full Register'!$J$6:$J$279,$A14)) -> 0 | R14: =IF($A14="","",IF(COUNTIFS('Full Register'!$J$6:$J$279,$A14,'Full Register'!$H$6:$H$279,"Full")>0,"Full","Screen"))
N15: =IF(TRIM(F15)="",0,LEN(TRIM(F15))-LEN(SUBSTITUTE(TRIM(F15),";",""))+1) -> 0 | O15: =IF($A15="","",IF(N15=0,"Unassigned",IF(N15=1,"Single point","Staffed"))) | P15: =IF(OR(J15="",J15=0),"",K15/J15) | Q15: =IF($A15="",0,COUNTIF('Full Register'!$J$6:$J$279,$A15)) -> 0 | R15: =IF($A15="","",IF(COUNTIFS('Full Register'!$J$6:$J$279,$A15,'Full Register'!$H$6:$H$279,"Full")>0,"Full","Screen"))
N16: =IF(TRIM(F16)="",0,LEN(TRIM(F16))-LEN(SUBSTITUTE(TRIM(F16),";",""))+1) -> 0 | O16: =IF($A16="","",IF(N16=0,"Unassigned",IF(N16=1,"Single point","Staffed"))) | P16: =IF(OR(J16="",J16=0),"",K16/J16) | Q16: =IF($A16="",0,COUNTIF('Full Register'!$J$6:$J$279,$A16)) -> 0 | R16: =IF($A16="","",IF(COUNTIFS('Full Register'!$J$6:$J$279,$A16,'Full Register'!$H$6:$H$279,"Full")>0,"Full","Screen"))
N17: =IF(TRIM(F17)="",0,LEN(TRIM(F17))-LEN(SUBSTITUTE(TRIM(F17),";",""))+1) -> 0 | O17: =IF($A17="","",IF(N17=0,"Unassigned",IF(N17=1,"Single point","Staffed"))) | P17: =IF(OR(J17="",J17=0),"",K17/J17) | Q17: =IF($A17="",0,COUNTIF('Full Register'!$J$6:$J$279,$A17)) -> 0 | R17: =IF($A17="","",IF(COUNTIFS('Full Register'!$J$6:$J$279,$A17,'Full Register'!$H$6:$H$279,"Full")>0,"Full","Screen"))
N18: =IF(TRIM(F18)="",0,LEN(TRIM(F18))-LEN(SUBSTITUTE(TRIM(F18),";",""))+1) -> 0 | O18: =IF($A18="","",IF(N18=0,"Unassigned",IF(N18=1,"Single point","Staffed"))) | P18: =IF(OR(J18="",J18=0),"",K18/J18) | Q18: =IF($A18="",0,COUNTIF('Full Register'!$J$6:$J$279,$A18)) -> 0 | R18: =IF($A18="","",IF(COUNTIFS('Full Register'!$J$6:$J$279,$A18,'Full Register'!$H$6:$H$279,"Full")>0,"Full","Screen"))
... N125: =IF(TRIM(F125)="",0,LEN(TRIM(F125))-LEN(SUBSTITUTE(TRIM(F125),";",""))+1) -> 0 | O125: =IF($A125="","",IF(N125=0,"Unassigned",IF(N125=1,"Single point","Staffed"))) | P125: =IF(OR(J125="",J125=0),"",K125/J125) | Q125: =IF($A125="",0,COUNTIF('Full Register'!$J$6:$J$279,$A125)) -> 0 | R125: =IF($A125="","",IF(COUNTIFS('Full Register'!$J$6:$J$279,$A125,'Full Register'!$H$6:$H$279,"Full")>0,"Full","Screen"))

Sheet Lists
A1: Validation lists
A2: Health Rung | B2: Score | D2: Disposition Override | F2: Executor Function
A3: Not demonstrated | B3: 0 | D3: Gap - risk accept | F3: Planning and Governance
A4: Documented | B4: 1 | D4: Gap - recommend tailoring | F4: Configuration Identification
A5: Deployed | B5: 2 | D5: Demonstrated | F5: Change Board Admin
A6: Operating | B6: 3 | F6: Engineering Release
A7: Effective | B7: 4 | D7: Override only. Leave the register's column O blank on normal rows and the disposition sets itself. Gap - recommend tailoring is invalid on HSSB rows and the workbook flags it. | F7: CSA / Data Management
F8: Configuration Audit and Verification
F9: Supplier / Sub-tier CM
F10: Shared with Engineering
F11: Shared with Quality
F12: Shared with Manufacturing
F13: Contracts
F14: Data / Systems Administration
F15: Unassigned
F17: Edit this list to match your own CM function breakdown. It drives the concentration table.

Sheet CM Team Roster
A1: CM Team Roster and Load
A2: Names must match the Evidence Pulls sheet exactly. Columns E to G calculate load by weighting each pull by how many requirements it answers, so a person on one pull covering 32 criteria carries 32.
A4: Name | B4: Role title | C4: CM function | D4: FTE on this program | E4: Requirements covered | F4: Requirements per FTE | G4: Sole executor on | H4: Load flag | I4: Notes
A5: [example] A. Rivera | B5: CM Analyst II | C5: Change Board Admin | D5: 0.8 | E5: =IF($A5="","",SUMPRODUCT(--ISNUMBER(SEARCH($A5,'Evidence Pulls'!$F$6:$F$125)),'Evidence Pulls'!$Q$6:$Q$125)) -> 0 | F5: =IF(OR($A5="",$D5="",$D5=0),"",E5/D5) -> 0 | G5: =IF($A5="","",SUMPRODUCT(--ISNUMBER(SEARCH($A5,'Evidence Pulls'!$F$6:$F$125)),--('Evidence Pulls'!$N$6:$N$125=1),'Evidence Pulls'!$Q$6:$Q$125)) -> 0 | H5: =IF(E5="","",IF(E5>=40,"High concentration",IF(E5>=25,"Watch",""))) | I5: Example row - delete before use
E6: =IF($A6="","",SUMPRODUCT(--ISNUMBER(SEARCH($A6,'Evidence Pulls'!$F$6:$F$125)),'Evidence Pulls'!$Q$6:$Q$125)) | F6: =IF(OR($A6="",$D6="",$D6=0),"",E6/D6) | G6: =IF($A6="","",SUMPRODUCT(--ISNUMBER(SEARCH($A6,'Evidence Pulls'!$F$6:$F$125)),--('Evidence Pulls'!$N$6:$N$125=1),'Evidence Pulls'!$Q$6:$Q$125)) | H6: =IF(E6="","",IF(E6>=40,"High concentration",IF(E6>=25,"Watch","")))
E7: =IF($A7="","",SUMPRODUCT(--ISNUMBER(SEARCH($A7,'Evidence Pulls'!$F$6:$F$125)),'Evidence Pulls'!$Q$6:$Q$125)) | F7: =IF(OR($A7="",$D7="",$D7=0),"",E7/D7) | G7: =IF($A7="","",SUMPRODUCT(--ISNUMBER(SEARCH($A7,'Evidence Pulls'!$F$6:$F$125)),--('Evidence Pulls'!$N$6:$N$125=1),'Evidence Pulls'!$Q$6:$Q$125)) | H7: =IF(E7="","",IF(E7>=40,"High concentration",IF(E7>=25,"Watch","")))
E8: =IF($A8="","",SUMPRODUCT(--ISNUMBER(SEARCH($A8,'Evidence Pulls'!$F$6:$F$125)),'Evidence Pulls'!$Q$6:$Q$125)) | F8: =IF(OR($A8="",$D8="",$D8=0),"",E8/D8) | G8: =IF($A8="","",SUMPRODUCT(--ISNUMBER(SEARCH($A8,'Evidence Pulls'!$F$6:$F$125)),--('Evidence Pulls'!$N$6:$N$125=1),'Evidence Pulls'!$Q$6:$Q$125)) | H8: =IF(E8="","",IF(E8>=40,"High concentration",IF(E8>=25,"Watch","")))
E9: =IF($A9="","",SUMPRODUCT(--ISNUMBER(SEARCH($A9,'Evidence Pulls'!$F$6:$F$125)),'Evidence Pulls'!$Q$6:$Q$125)) | F9: =IF(OR($A9="",$D9="",$D9=0),"",E9/D9) | G9: =IF($A9="","",SUMPRODUCT(--ISNUMBER(SEARCH($A9,'Evidence Pulls'!$F$6:$F$125)),--('Evidence Pulls'!$N$6:$N$125=1),'Evidence Pulls'!$Q$6:$Q$125)) | H9: =IF(E9="","",IF(E9>=40,"High concentration",IF(E9>=25,"Watch","")))
E10: =IF($A10="","",SUMPRODUCT(--ISNUMBER(SEARCH($A10,'Evidence Pulls'!$F$6:$F$125)),'Evidence Pulls'!$Q$6:$Q$125)) | F10: =IF(OR($A10="",$D10="",$D10=0),"",E10/D10) | G10: =IF($A10="","",SUMPRODUCT(--ISNUMBER(SEARCH($A10,'Evidence Pulls'!$F$6:$F$125)),--('Evidence Pulls'!$N$6:$N$125=1),'Evidence Pulls'!$Q$6:$Q$125)) | H10: =IF(E10="","",IF(E10>=40,"High concentration",IF(E10>=25,"Watch","")))
E11: =IF($A11="","",SUMPRODUCT(--ISNUMBER(SEARCH($A11,'Evidence Pulls'!$F$6:$F$125)),'Evidence Pulls'!$Q$6:$Q$125)) | F11: =IF(OR($A11="",$D11="",$D11=0),"",E11/D11) | G11: =IF($A11="","",SUMPRODUCT(--ISNUMBER(SEARCH($A11,'Evidence Pulls'!$F$6:$F$125)),--('Evidence Pulls'!$N$6:$N$125=1),'Evidence Pulls'!$Q$6:$Q$125)) | H11: =IF(E11="","",IF(E11>=40,"High concentration",IF(E11>=25,"Watch","")))
E12: =IF($A12="","",SUMPRODUCT(--ISNUMBER(SEARCH($A12,'Evidence Pulls'!$F$6:$F$125)),'Evidence Pulls'!$Q$6:$Q$125)) | F12: =IF(OR($A12="",$D12="",$D12=0),"",E12/D12) | G12: =IF($A12="","",SUMPRODUCT(--ISNUMBER(SEARCH($A12,'Evidence Pulls'!$F$6:$F$125)),--('Evidence Pulls'!$N$6:$N$125=1),'Evidence Pulls'!$Q$6:$Q$125)) | H12: =IF(E12="","",IF(E12>=40,"High concentration",IF(E12>=25,"Watch","")))
E13: =IF($A13="","",SUMPRODUCT(--ISNUMBER(SEARCH($A13,'Evidence Pulls'!$F$6:$F$125)),'Evidence Pulls'!$Q$6:$Q$125)) | F13: =IF(OR($A13="",$D13="",$D13=0),"",E13/D13) | G13: =IF($A13="","",SUMPRODUCT(--ISNUMBER(SEARCH($A13,'Evidence Pulls'!$F$6:$F$125)),--('Evidence Pulls'!$N$6:$N$125=1),'Evidence Pulls'!$Q$6:$Q$125)) | H13: =IF(E13="","",IF(E13>=40,"High concentration",IF(E13>=25,"Watch","")))
E14: =IF($A14="","",SUMPRODUCT(--ISNUMBER(SEARCH($A14,'Evidence Pulls'!$F$6:$F$125)),'Evidence Pulls'!$Q$6:$Q$125)) | F14: =IF(OR($A14="",$D14="",$D14=0),"",E14/D14) | G14: =IF($A14="","",SUMPRODUCT(--ISNUMBER(SEARCH($A14,'Evidence Pulls'!$F$6:$F$125)),--('Evidence Pulls'!$N$6:$N$125=1),'Evidence Pulls'!$Q$6:$Q$125)) | H14: =IF(E14="","",IF(E14>=40,"High concentration",IF(E14>=25,"Watch","")))
E15: =IF($A15="","",SUMPRODUCT(--ISNUMBER(SEARCH($A15,'Evidence Pulls'!$F$6:$F$125)),'Evidence Pulls'!$Q$6:$Q$125)) | F15: =IF(OR($A15="",$D15="",$D15=0),"",E15/D15) | G15: =IF($A15="","",SUMPRODUCT(--ISNUMBER(SEARCH($A15,'Evidence Pulls'!$F$6:$F$125)),--('Evidence Pulls'!$N$6:$N$125=1),'Evidence Pulls'!$Q$6:$Q$125)) | H15: =IF(E15="","",IF(E15>=40,"High concentration",IF(E15>=25,"Watch","")))
E16: =IF($A16="","",SUMPRODUCT(--ISNUMBER(SEARCH($A16,'Evidence Pulls'!$F$6:$F$125)),'Evidence Pulls'!$Q$6:$Q$125)) | F16: =IF(OR($A16="",$D16="",$D16=0),"",E16/D16) | G16: =IF($A16="","",SUMPRODUCT(--ISNUMBER(SEARCH($A16,'Evidence Pulls'!$F$6:$F$125)),--('Evidence Pulls'!$N$6:$N$125=1),'Evidence Pulls'!$Q$6:$Q$125)) | H16: =IF(E16="","",IF(E16>=40,"High concentration",IF(E16>=25,"Watch","")))
E17: =IF($A17="","",SUMPRODUCT(--ISNUMBER(SEARCH($A17,'Evidence Pulls'!$F$6:$F$125)),'Evidence Pulls'!$Q$6:$Q$125)) | F17: =IF(OR($A17="",$D17="",$D17=0),"",E17/D17) | G17: =IF($A17="","",SUMPRODUCT(--ISNUMBER(SEARCH($A17,'Evidence Pulls'!$F$6:$F$125)),--('Evidence Pulls'!$N$6:$N$125=1),'Evidence Pulls'!$Q$6:$Q$125)) | H17: =IF(E17="","",IF(E17>=40,"High concentration",IF(E17>=25,"Watch","")))
... E54: =IF($A54="","",SUMPRODUCT(--ISNUMBER(SEARCH($A54,'Evidence Pulls'!$F$6:$F$125)),'Evidence Pulls'!$Q$6:$Q$125)) | F54: =IF(OR($A54="",$D54="",$D54=0),"",E54/D54) | G54: =IF($A54="","",SUMPRODUCT(--ISNUMBER(SEARCH($A54,'Evidence Pulls'!$F$6:$F$125)),--('Evidence Pulls'!$N$6:$N$125=1),'Evidence Pulls'!$Q$6:$Q$125)) | H54: =IF(E54="","",IF(E54>=40,"High concentration",IF(E54>=25,"Watch","")))

Sheet Dashboard
A1: Full-Scope TDR Dashboard
A2: Calculated. Do not overwrite column B.
A4: Scope and progress
A5: Measure | B5: Value
A6: Requirements in scope (full standard) | B6: =COUNTA('Full Register'!$A$6:$A$279) -> 274
A7: Mandatory for safety | B7: =COUNTIF('Full Register'!$G$6:$G$279,"MANDATORY") -> 44
A8: Rows at Full depth (sample required) | B8: =COUNTIF('Full Register'!$H$6:$H$279,"Full") -> 44
A9: Evidence pulls defined | B9: =COUNTA('Evidence Pulls'!$A$6:$A$125) -> 1
A10: Evidence pulls with a sample recorded | B10: =COUNTIF('Evidence Pulls'!$J$6:$J$125,">0") -> 1
A11: Requirements with a pull assigned | B11: =COUNTA('Full Register'!$J$6:$J$279) -> 0
A12: Requirements graded | B12: =COUNTA('Full Register'!$K$6:$K$279) -> 0
A13: Completion % | B13: =IFERROR(COUNTA('Full Register'!$N$6:$N$279)/COUNTA('Full Register'!$A$6:$A$279),0) -> 0
A15: Execution capacity gates - target is zero
A16: Measure | B16: Value
A17: Requirements with NO named executor | B17: =COUNTA('Full Register'!$A$6:$A$279)-COUNTIF('Full Register'!$P$6:$P$279,">0") -> 274
A18: of which: mandatory for safety | B18: =COUNTIF('Full Register'!$G$6:$G$279,"MANDATORY")-COUNTIFS('Full Register'!$G$6:$G$279,"MANDATORY",'Full Register'!$P$6:$P$279,">0") -> 44
A19: Requirements resting on a single individual | B19: =COUNTIF('Full Register'!$P$6:$P$279,1) -> 0
A20: of which: mandatory for safety | B20: =COUNTIFS('Full Register'!$G$6:$G$279,"MANDATORY",'Full Register'!$P$6:$P$279,1) -> 0
A22: Compliance hard gates - target is zero
A23: Measure | B23: Value
A24: Safety-mandatory NOT at Operating or better (incl. ungraded) | B24: =COUNTIF('Full Register'!$G$6:$G$279,"MANDATORY")-COUNTIFS('Full Register'!$G$6:$G$279,"MANDATORY",'Full Register'!$O$6:$O$279,">=3") -> 44
A25: of which: graded below Operating | B25: =COUNTIFS('Full Register'!$G$6:$G$279,"MANDATORY",'Full Register'!$O$6:$O$279,"<3",'Full Register'!$O$6:$O$279,"<>") -> 0
A26: of which: not yet graded | B26: =COUNTIF('Full Register'!$G$6:$G$279,"MANDATORY")-COUNTIFS('Full Register'!$G$6:$G$279,"MANDATORY",'Full Register'!$K$6:$K$279,"<>") -> 44
A27: Invalid tailoring claims on safety-mandatory rows | B27: =COUNTIFS('Full Register'!$G$6:$G$279,"MANDATORY",'Full Register'!$L$6:$L$279,"Gap - recommend tailoring") -> 0
A28: Rows flagged by validation | B28: =COUNTIFS('Full Register'!$T$6:$T$279,"<>OK",'Full Register'!$T$6:$T$279,"<>Not graded")-COUNTIF('Full Register'!$T$6:$T$279,"No evidence pull assigned") -> 0
A30: Health rung distribution
A31: Measure | B31: Value
A32: Effective | B32: =COUNTIF('Full Register'!$K$6:$K$279,"Effective") -> 0
A33: Operating | B33: =COUNTIF('Full Register'!$K$6:$K$279,"Operating") -> 0
A34: Deployed | B34: =COUNTIF('Full Register'!$K$6:$K$279,"Deployed") -> 0
A35: Documented | B35: =COUNTIF('Full Register'!$K$6:$K$279,"Documented") -> 0
A36: Not demonstrated | B36: =COUNTIF('Full Register'!$K$6:$K$279,"Not demonstrated") -> 0
A37: Not yet graded | B37: =COUNTBLANK('Full Register'!$K$6:$K$279) -> 274
A39: Disposition
A40: Measure | B40: Value
A41: Demonstrated | B41: =COUNTIF('Full Register'!$S$6:$S$279,"Demonstrated") -> 0
A42: Gap - remediate | B42: =COUNTIF('Full Register'!$S$6:$S$279,"Gap - remediate") -> 0
A43: Gap - risk accept | B43: =COUNTIF('Full Register'!$S$6:$S$279,"Gap - risk accept") -> 0
A44: Gap - recommend tailoring | B44: =COUNTIF('Full Register'!$S$6:$S$279,"Gap - recommend tailoring") -> 0
A46: Concentration by executor function
A47: Executor Function | B47: Requirements | C47: HSSB | D47: % of register
A48: Planning and Governance | B48: =COUNTIF('Full Register'!$Q$6:$Q$279,A48) -> 0 | C48: =COUNTIFS('Full Register'!$Q$6:$Q$279,A48,'Full Register'!$G$6:$G$279,"MANDATORY") -> 0 | D48: =IFERROR(B48/COUNTA('Full Register'!$A$6:$A$279),0) -> 0
A49: Configuration Identification | B49: =COUNTIF('Full Register'!$Q$6:$Q$279,A49) -> 0 | C49: =COUNTIFS('Full Register'!$Q$6:$Q$279,A49,'Full Register'!$G$6:$G$279,"MANDATORY") -> 0 | D49: =IFERROR(B49/COUNTA('Full Register'!$A$6:$A$279),0) -> 0
A50: Change Board Admin | B50: =COUNTIF('Full Register'!$Q$6:$Q$279,A50) -> 0 | C50: =COUNTIFS('Full Register'!$Q$6:$Q$279,A50,'Full Register'!$G$6:$G$279,"MANDATORY") -> 0 | D50: =IFERROR(B50/COUNTA('Full Register'!$A$6:$A$279),0) -> 0
A51: Engineering Release | B51: =COUNTIF('Full Register'!$Q$6:$Q$279,A51) -> 0 | C51: =COUNTIFS('Full Register'!$Q$6:$Q$279,A51,'Full Register'!$G$6:$G$279,"MANDATORY") -> 0 | D51: =IFERROR(B51/COUNTA('Full Register'!$A$6:$A$279),0) -> 0
A52: CSA / Data Management | B52: =COUNTIF('Full Register'!$Q$6:$Q$279,A52) -> 0 | C52: =COUNTIFS('Full Register'!$Q$6:$Q$279,A52,'Full Register'!$G$6:$G$279,"MANDATORY") -> 0 | D52: =IFERROR(B52/COUNTA('Full Register'!$A$6:$A$279),0) -> 0
A53: Configuration Audit and Verification | B53: =COUNTIF('Full Register'!$Q$6:$Q$279,A53) -> 0 | C53: =COUNTIFS('Full Register'!$Q$6:$Q$279,A53,'Full Register'!$G$6:$G$279,"MANDATORY") -> 0 | D53: =IFERROR(B53/COUNTA('Full Register'!$A$6:$A$279),0) -> 0
A54: Supplier / Sub-tier CM | B54: =COUNTIF('Full Register'!$Q$6:$Q$279,A54) -> 0 | C54: =COUNTIFS('Full Register'!$Q$6:$Q$279,A54,'Full Register'!$G$6:$G$279,"MANDATORY") -> 0 | D54: =IFERROR(B54/COUNTA('Full Register'!$A$6:$A$279),0) -> 0
A55: Shared with Engineering | B55: =COUNTIF('Full Register'!$Q$6:$Q$279,A55) -> 0 | C55: =COUNTIFS('Full Register'!$Q$6:$Q$279,A55,'Full Register'!$G$6:$G$279,"MANDATORY") -> 0 | D55: =IFERROR(B55/COUNTA('Full Register'!$A$6:$A$279),0) -> 0
A56: Shared with Quality | B56: =COUNTIF('Full Register'!$Q$6:$Q$279,A56) -> 0 | C56: =COUNTIFS('Full Register'!$Q$6:$Q$279,A56,'Full Register'!$G$6:$G$279,"MANDATORY") -> 0 | D56: =IFERROR(B56/COUNTA('Full Register'!$A$6:$A$279),0) -> 0
A57: Shared with Manufacturing | B57: =COUNTIF('Full Register'!$Q$6:$Q$279,A57) -> 0 | C57: =COUNTIFS('Full Register'!$Q$6:$Q$279,A57,'Full Register'!$G$6:$G$279,"MANDATORY") -> 0 | D57: =IFERROR(B57/COUNTA('Full Register'!$A$6:$A$279),0) -> 0
A58: Contracts | B58: =COUNTIF('Full Register'!$Q$6:$Q$279,A58) -> 0 | C58: =COUNTIFS('Full Register'!$Q$6:$Q$279,A58,'Full Register'!$G$6:$G$279,"MANDATORY") -> 0 | D58: =IFERROR(B58/COUNTA('Full Register'!$A$6:$A$279),0) -> 0
A59: Data / Systems Administration | B59: =COUNTIF('Full Register'!$Q$6:$Q$279,A59) -> 0 | C59: =COUNTIFS('Full Register'!$Q$6:$Q$279,A59,'Full Register'!$G$6:$G$279,"MANDATORY") -> 0 | D59: =IFERROR(B59/COUNTA('Full Register'!$A$6:$A$279),0) -> 0
A60: Unassigned | B60: =COUNTIF('Full Register'!$Q$6:$Q$279,A60) -> 0 | C60: =COUNTIFS('Full Register'!$Q$6:$Q$279,A60,'Full Register'!$G$6:$G$279,"MANDATORY") -> 0 | D60: =IFERROR(B60/COUNTA('Full Register'!$A$6:$A$279),0) -> 0
A62: By TDR group
A63: TDR Group | B63: In scope | C63: Safety-mandatory | D63: Graded | E63: At Operating or better | F63: Unstaffed
A64: 1. Management and Planning | B64: =COUNTIF('Full Register'!$I$6:$I$279,A64) -> 21 | C64: =COUNTIFS('Full Register'!$I$6:$I$279,A64,'Full Register'!$G$6:$G$279,"MANDATORY") -> 2 | D64: =COUNTIFS('Full Register'!$I$6:$I$279,A64,'Full Register'!$K$6:$K$279,"<>") -> 0 | E64: =COUNTIFS('Full Register'!$I$6:$I$279,A64,'Full Register'!$O$6:$O$279,">=3") -> 0 | F64: =COUNTIF('Full Register'!$I$6:$I$279,A64)-COUNTIFS('Full Register'!$I$6:$I$279,A64,'Full Register'!$P$6:$P$279,">0") -> 21
A65: 2. Configuration Identification | B65: =COUNTIF('Full Register'!$I$6:$I$279,A65) -> 70 | C65: =COUNTIFS('Full Register'!$I$6:$I$279,A65,'Full Register'!$G$6:$G$279,"MANDATORY") -> 6 | D65: =COUNTIFS('Full Register'!$I$6:$I$279,A65,'Full Register'!$K$6:$K$279,"<>") -> 0 | E65: =COUNTIFS('Full Register'!$I$6:$I$279,A65,'Full Register'!$O$6:$O$279,">=3") -> 0 | F65: =COUNTIF('Full Register'!$I$6:$I$279,A65)-COUNTIFS('Full Register'!$I$6:$I$279,A65,'Full Register'!$P$6:$P$279,">0") -> 70
A66: 3. Change and Variance Management | B66: =COUNTIF('Full Register'!$I$6:$I$279,A66) -> 110 | C66: =COUNTIFS('Full Register'!$I$6:$I$279,A66,'Full Register'!$G$6:$G$279,"MANDATORY") -> 21 | D66: =COUNTIFS('Full Register'!$I$6:$I$279,A66,'Full Register'!$K$6:$K$279,"<>") -> 0 | E66: =COUNTIFS('Full Register'!$I$6:$I$279,A66,'Full Register'!$O$6:$O$279,">=3") -> 0 | F66: =COUNTIF('Full Register'!$I$6:$I$279,A66)-COUNTIFS('Full Register'!$I$6:$I$279,A66,'Full Register'!$P$6:$P$279,">0") -> 110
A67: 4. CSA and Verification | B67: =COUNTIF('Full Register'!$I$6:$I$279,A67) -> 73 | C67: =COUNTIFS('Full Register'!$I$6:$I$279,A67,'Full Register'!$G$6:$G$279,"MANDATORY") -> 15 | D67: =COUNTIFS('Full Register'!$I$6:$I$279,A67,'Full Register'!$K$6:$K$279,"<>") -> 0 | E67: =COUNTIFS('Full Register'!$I$6:$I$279,A67,'Full Register'!$O$6:$O$279,">=3") -> 0 | F67: =COUNTIF('Full Register'!$I$6:$I$279,A67)-COUNTIFS('Full Register'!$I$6:$I$279,A67,'Full Register'!$P$6:$P$279,">0") -> 73
A69: Reading rule
A70: Read the two gate blocks before any distribution. A high completion percentage with a nonzero safety gate is a fail. A requirement graded Operating with no named executor is not operating; it is a record of work someone did once. Forecast against evidence pulls, not requirement rows. This register covers the full standard, so incomplete rows are the exposure.

Sheet Findings Log
A1: Findings Log
A2: Route every finding into the existing RFA mechanism. Do not maintain a parallel TDR tracker.
A4: Finding ID | B4: Item ID or Pull ID | C4: Clause | D4: Finding type | E4: Finding statement | F4: Root cause (clause ref if upstream) | G4: Severity | H4: RFA Ref | I4: Owner | J4: Target date | K4: Status | L4: Closure evidence
A5: TDR-0001 | B5: EP-RELEASE | C5: 3.3.1.1(1)(f) | D5: Execution capacity | E5: Release record creation names one CM analyst at 0.8 FTE who covers 61 requirements across four pulls. No second name. | F5: 3.1(1)(e) CM resource planning does not allocate release staffing | G5: Catastrophic (1) | H5: RFA-0142 | I5: [name] | J5: 2026-11-30 | K5: Open
A7: Row 5 is an illustrative example. Delete it before use.

Sheet Scope Notes
A1: Scope Notes and Open Questions
A2: Resolve before the register is baselined. Several change the requirement count.
A4: Item | B4: Note | C4: Effect | D4: Owner | E4: Resolved?
A5: Enumeration basis | B5: Requirements are enumerated from the body text of EIA-649-1A, not the Annex A tailoring worksheet, which does not reconcile to the body. Keep this basis fixed across the review. | C5: Baseline decision
A6: Clauses with no numbered requirement | B6: 3.2.3, 3.2.5, 3.3.1.5, 3.3.1.7 and 3.5 carry principles and narrative only. Excluded, and listed below so the exclusion is visible rather than assumed. | C6: -5 clause headings
A7: 3.1.1(2) suggested metrics (a) to (h) | B7: Body text presents these as suggested. Excluded as non-normative. | C7: +8 if treated as requirements
A8: 3.1.3(1) review list (a) to (i) | B8: Body text presents these as reviews that may be included. Excluded as non-normative. | C8: +9 if treated as requirements
A9: 3.3.1.2(2)(d) sub-items | B9: Held as a single row. Split if the body enumerates beneath it. | C9: +1 or more
A10: 3.5.2.1(2)(i) software sub-items | B10: Body indicates numbered sub-items for Computer Software Configuration Items. Held as one row pending confirmation. | C10: +n
A11: Columns removed pending baselines | B11: Owner Tier, Owner Code, Minimum Credential, Support Codes and Credential Minimum Met were removed because those baselines do not exist yet. Add them to the Evidence Pulls sheet, not the register, once the credential model is baselined. | C11: Reduces input burden
A12: Safety mandate traceability | B12: Barrier IDs, SM-0001 hazard references and pre-anchored severity are held in the enterprise CM register, not here. This workbook carries only the binary Mandatory for Safety flag on the same 44 requirements. Pull the barrier and severity detail from the enterprise register when a finding needs it. | C12: None
A13: Requirement text column | B13: Register column F is deliberately empty. EIA-649-1A is copyrighted SAE material under a no-reproduction licence. Populate from your own licensed copy only if that licence permits internal transcription. | C13: None
A14: Clauses excluded as narrative only
A15: 3.2.3 | B15: Configuration Baselines Types
A16: 3.2.5 | B16: Interface Management
A17: 3.3.1.5 | B17: ECP Decisions
A18: 3.3.1.7 | B18: Related Engineering Changes
A19: 3.5 | B19: Configuration Verification and Audits
