Workbook

Sheet Instructions
A1: Sub-Supplier CM Effectiveness Workbook — Template
A3: Implements [XXX-CM-PROC-003] §5.8 and Floor ID F40: the methods used to determine sub-supplier CM process effectiveness and the actions taken when a process is determined ineffective. Companion to the Sub-Supplier CM Flowdown Matrix (which defines what was imposed per supplier — the evaluation basis) and [XXX-CM-GUIDE-002].
A5: Operating model — continuous accrual, judgment roll-up
A6: • Evidence accrues transaction by transaction: log every SDRL submittal on the 'SDRL Receipt Log' as it arrives and score it at review (first-pass accepted / accepted with comment / rejected, with defect codes). Log non-submittal events (escapes, unauthorized changes, traceability gaps, audit findings) on the 'Findings & Escapes Log' as they occur.
A7: • The 'Supplier Evaluation Record' rolls the logs up by supplier ID via formulas (submittal counts, first-pass rate, open findings, escape count) and holds the judgment fields: the determination, rationale, actions, and sign-offs. Formula cells are shaded — do not overwrite.
A8: • Determinations are refreshed on a tiered cadence as a backstop (WT4/WT6 annual; WT1/WT2/WT7 annual–biennial per risk; WT5/WT8 event-driven) AND on trigger events: rejection streak, any escape classified safety-relevant, ineffective reconciliation evidence, audit finding, or a change relevant to [XXX-CM-PROC-002] Appendix C items C3–C5.
A9: Determination scale and actions (F40)
A10: • Effective: imposed requirements are being met; routine surveillance continues.
A11: • Conditionally effective: deficiencies with credible correction underway; actions ladder — increased surveillance, corrective action request (CAR), source inspection, elevated SDRL review.
A12: • Ineffective: systemic failure to meet imposed requirements; actions ladder — CAR with executive engagement, source inspection/witness points, payment/delivery holds per contracts, new-award hold, and where warranted disqualification. Record all actions on the 'Actions Log' and track to closure.
A13: Outbound linkages
A14: • An Ineffective (or safety-relevant Conditionally effective) determination: (1) triggers re-run of the [XXX-CM-PROC-002] Appendix C audit-designation assessment for CIs this supplier builds (items C4/C5/C7); (2) is reported as SM-0001 safety data where safety-relevant (subcontractor disclosures, work not per approved data); (3) triggers review of any CM floor equivalent control that relies on this supplier's process (program CM Floor Compliance Matrix).
A15: • The Dashboard computes portfolio status by formula. Enter all dates as date values, not text.

Sheet Evaluation Criteria
A1: Criterion ID | B1: Evidence Stream | C1: What Effective Looks Like | D1: Source | E1: Applies To (Work Types)
A2: E-01 | B2: CM plan adequacy (S-01) | C2: Plan accepted; implements the imposed requirement set including recursive sub-tier flowdown; kept current through revisions. | D2: SDRL Receipt Log (S-01) | E2: WT2–WT4, WT6, WT7
A3: E-02 | B3: Reconciliation process capability (S-02) | C3: Documented as-designed/as-built (or as-maintained) reconciliation process accepted; method covers all deliverable configurations at scale. | D3: SDRL Receipt Log (S-02) | E3: WT1, WT2, WT4, WT6, WT7
A4: E-03 | B4: Reconciliation report quality (S-08) | C4: Reports delivered per delivery/lot; deltas dispositioned, none aged past threshold; content expressed in PTR identifiers; zero deltas discovered by company receiving that the report missed. | D4: SDRL Receipt Log (S-08) + Findings Log | E4: WT1, WT2, WT4, WT6, WT7
A5: E-04 | B5: Part traceability completeness (S-06) | C5: PTRs complete on first pass: serials, lot/batch, life-limited designation with limits and life consumed, safety-critical and special-handling designations, NHA traceability (F39). Designation authorship per work type honored. | D5: SDRL Receipt Log (S-06) | E5: WT1, WT2, WT4, WT5, WT6, WT7
A6: E-05 | B6: Change control discipline (S-04) | C6: ECPs complete with need, impact data, and NORs on first pass; no baseline-affecting change implemented without approval; safety-affecting changes flagged Class I. | D6: SDRL Receipt Log (S-04) + Findings Log | E6: WT2–WT4, WT6, WT7
A7: E-06 | B7: Variance discipline (S-05) | C7: Departures RFV'd before delivery; zero post-delivery discoveries of departures that should have been RFV'd (the key escape signal); recurring variances converted to ECP (F19). | D7: SDRL Receipt Log (S-05) + Findings Log | E7: All build/process types
A8: E-07 | B8: Process change notification (S-03) | C8: No unauthorized change to frozen/approved processes; notifications timely per SSOW notice period. | D8: SDRL Receipt Log (S-03) + Findings Log | E8: WT8; others where flagged
A9: E-08 | B9: CSA records currency (S-07) | C9: CSA reports timely, current, historical traceability intact, retrievable per data terms. | D9: SDRL Receipt Log (S-07) | E9: WT2, WT4, WT6; tailored others
A10: E-09 | B10: Audit performance (S-10–S-12) | C10: Where designated: audits conducted/supported per role; substance in full; action items closed by suspense. | D10: SDRL Receipt Log + Actions Log | E10: Per designation and role
A11: E-10 | B11: CM process audit findings (F41) | C11: Company/Acquirer CM-system audit findings closed by suspense; no repeat findings. | D11: Findings Log + Actions Log | E11: All except WT5

Sheet SDRL Receipt Log
A1: Entry ID | B1: Supplier ID | C1: Supplier Name | D1: SSOW/PO | E1: SDRL ID | F1: Submittal Description | G1: Received Date | H1: Review Due | I1: Reviewed Date | J1: Review Result | K1: Defect Code(s) | L1: Criterion (E-xx) | M1: Reviewer | N1: Notes
A2: SR-0001 | B2: SUP-014 | C2: ACME Actuation | D2: SSOW-114 | E2: S-08 | F2: Recon report, lot 7 | G2: 2026-06-20 | H2: 2026-07-05 | I2: 2026-06-28 | J2: Accepted first-pass | L2: E-03 | M2: [name] | N2: Example row — replace
A3: SR-0002 | B3: SUP-014 | C3: ACME Actuation | D3: SSOW-114 | E3: S-06 | F3: PTR, lot 7 | G3: 2026-06-20 | H3: 2026-07-05 | I3: 2026-06-30 | J3: Rejected | K3: D3 (life consumed missing) | L3: E-04 | M3: [name] | N3: Example row — replace

Sheet Findings & Escapes Log
A1: Finding ID | B1: Supplier ID | C1: Supplier Name | D1: SSOW/PO | E1: Date | F1: Finding Type | G1: Description | H1: Safety-Relevant (Y/N) | I1: SM-0001 Report Ref (if Y) | J1: Criterion (E-xx) | K1: Action ID(s) | L1: Status | M1: Notes
A2: FE-0001 | B2: SUP-014 | C2: ACME Actuation | D2: SSOW-114 | E2: 2026-07-02 | F2: Post-delivery departure (should have been RFV'd) | G2: Undocumented shim substitution found at receiving, lot 6 | H2: Y | I2: SDR-2026-041 | J2: E-06 | K2: AC-0001 | L2: Open | M2: Example row — replace

Sheet Supplier Evaluation Record
A1: Supplier ID | B1: Supplier Name | C1: SSOW/PO(s) | D1: Work Type(s) | E1: Cadence | F1: Submittals Logged | G1: First-Pass Accepted | H1: Rejected | I1: First-Pass Rate | J1: Open Findings | K1: Safety-Relevant Findings | L1: Open Actions | M1: Determination | N1: Determination Date | O1: Next Determination Due | P1: Rationale / Triggering Evidence | Q1: App C Re-run Triggered (Y/N + ref) | R1: CM Sign-off (name/date) | S1: Notes
A2: SUP-014 | B2: ACME Actuation | C2: SSOW-114 | D2: WT2 | E2: Annual | F2: =IF($A2="","",COUNTIF('SDRL Receipt Log'!$B$2:$B$1000,$A2)) -> 2 | G2: =IF($A2="","",COUNTIFS('SDRL Receipt Log'!$B$2:$B$1000,$A2,'SDRL Receipt Log'!$J$2:$J$1000,"Accepted first-pass")) -> 1 | H2: =IF($A2="","",COUNTIFS('SDRL Receipt Log'!$B$2:$B$1000,$A2,'SDRL Receipt Log'!$J$2:$J$1000,"Rejected")) -> 1 | I2: =IF(OR($A2="",F2=0),"",G2/F2) -> 0.5 | J2: =IF($A2="","",COUNTIFS('Findings & Escapes Log'!$B$2:$B$500,$A2,'Findings & Escapes Log'!$L$2:$L$500,"Open")+COUNTIFS('Findings & Escapes Log'!$B$2:$B$500,$A2,'Findings & Escapes Log'!$L$2:$L$500,"In work")) -> 1 | K2: =IF($A2="","",COUNTIFS('Findings & Escapes Log'!$B$2:$B$500,$A2,'Findings & Escapes Log'!$H$2:$H$500,"Y")) -> 1 | L2: =IF($A2="","",COUNTIFS('Actions Log'!$B$2:$B$500,$A2,'Actions Log'!$I$2:$I$500,"Open")+COUNTIFS('Actions Log'!$B$2:$B$500,$A2,'Actions Log'!$I$2:$I$500,"In work")+COUNTIFS('Actions Log'!$B$2:$B$500,$A2,'Actions Log'!$I$2:$I$500,"Overdue")) -> 1 | M2: Not yet determined | S2: Example row — replace IDs; formulas roll up automatically
F3: =IF($A3="","",COUNTIF('SDRL Receipt Log'!$B$2:$B$1000,$A3)) | G3: =IF($A3="","",COUNTIFS('SDRL Receipt Log'!$B$2:$B$1000,$A3,'SDRL Receipt Log'!$J$2:$J$1000,"Accepted first-pass")) | H3: =IF($A3="","",COUNTIFS('SDRL Receipt Log'!$B$2:$B$1000,$A3,'SDRL Receipt Log'!$J$2:$J$1000,"Rejected")) | I3: =IF(OR($A3="",F3=0),"",G3/F3) | J3: =IF($A3="","",COUNTIFS('Findings & Escapes Log'!$B$2:$B$500,$A3,'Findings & Escapes Log'!$L$2:$L$500,"Open")+COUNTIFS('Findings & Escapes Log'!$B$2:$B$500,$A3,'Findings & Escapes Log'!$L$2:$L$500,"In work")) | K3: =IF($A3="","",COUNTIFS('Findings & Escapes Log'!$B$2:$B$500,$A3,'Findings & Escapes Log'!$H$2:$H$500,"Y")) | L3: =IF($A3="","",COUNTIFS('Actions Log'!$B$2:$B$500,$A3,'Actions Log'!$I$2:$I$500,"Open")+COUNTIFS('Actions Log'!$B$2:$B$500,$A3,'Actions Log'!$I$2:$I$500,"In work")+COUNTIFS('Actions Log'!$B$2:$B$500,$A3,'Actions Log'!$I$2:$I$500,"Overdue"))
F4: =IF($A4="","",COUNTIF('SDRL Receipt Log'!$B$2:$B$1000,$A4)) | G4: =IF($A4="","",COUNTIFS('SDRL Receipt Log'!$B$2:$B$1000,$A4,'SDRL Receipt Log'!$J$2:$J$1000,"Accepted first-pass")) | H4: =IF($A4="","",COUNTIFS('SDRL Receipt Log'!$B$2:$B$1000,$A4,'SDRL Receipt Log'!$J$2:$J$1000,"Rejected")) | I4: =IF(OR($A4="",F4=0),"",G4/F4) | J4: =IF($A4="","",COUNTIFS('Findings & Escapes Log'!$B$2:$B$500,$A4,'Findings & Escapes Log'!$L$2:$L$500,"Open")+COUNTIFS('Findings & Escapes Log'!$B$2:$B$500,$A4,'Findings & Escapes Log'!$L$2:$L$500,"In work")) | K4: =IF($A4="","",COUNTIFS('Findings & Escapes Log'!$B$2:$B$500,$A4,'Findings & Escapes Log'!$H$2:$H$500,"Y")) | L4: =IF($A4="","",COUNTIFS('Actions Log'!$B$2:$B$500,$A4,'Actions Log'!$I$2:$I$500,"Open")+COUNTIFS('Actions Log'!$B$2:$B$500,$A4,'Actions Log'!$I$2:$I$500,"In work")+COUNTIFS('Actions Log'!$B$2:$B$500,$A4,'Actions Log'!$I$2:$I$500,"Overdue"))
F5: =IF($A5="","",COUNTIF('SDRL Receipt Log'!$B$2:$B$1000,$A5)) | G5: =IF($A5="","",COUNTIFS('SDRL Receipt Log'!$B$2:$B$1000,$A5,'SDRL Receipt Log'!$J$2:$J$1000,"Accepted first-pass")) | H5: =IF($A5="","",COUNTIFS('SDRL Receipt Log'!$B$2:$B$1000,$A5,'SDRL Receipt Log'!$J$2:$J$1000,"Rejected")) | I5: =IF(OR($A5="",F5=0),"",G5/F5) | J5: =IF($A5="","",COUNTIFS('Findings & Escapes Log'!$B$2:$B$500,$A5,'Findings & Escapes Log'!$L$2:$L$500,"Open")+COUNTIFS('Findings & Escapes Log'!$B$2:$B$500,$A5,'Findings & Escapes Log'!$L$2:$L$500,"In work")) | K5: =IF($A5="","",COUNTIFS('Findings & Escapes Log'!$B$2:$B$500,$A5,'Findings & Escapes Log'!$H$2:$H$500,"Y")) | L5: =IF($A5="","",COUNTIFS('Actions Log'!$B$2:$B$500,$A5,'Actions Log'!$I$2:$I$500,"Open")+COUNTIFS('Actions Log'!$B$2:$B$500,$A5,'Actions Log'!$I$2:$I$500,"In work")+COUNTIFS('Actions Log'!$B$2:$B$500,$A5,'Actions Log'!$I$2:$I$500,"Overdue"))
F6: =IF($A6="","",COUNTIF('SDRL Receipt Log'!$B$2:$B$1000,$A6)) | G6: =IF($A6="","",COUNTIFS('SDRL Receipt Log'!$B$2:$B$1000,$A6,'SDRL Receipt Log'!$J$2:$J$1000,"Accepted first-pass")) | H6: =IF($A6="","",COUNTIFS('SDRL Receipt Log'!$B$2:$B$1000,$A6,'SDRL Receipt Log'!$J$2:$J$1000,"Rejected")) | I6: =IF(OR($A6="",F6=0),"",G6/F6) | J6: =IF($A6="","",COUNTIFS('Findings & Escapes Log'!$B$2:$B$500,$A6,'Findings & Escapes Log'!$L$2:$L$500,"Open")+COUNTIFS('Findings & Escapes Log'!$B$2:$B$500,$A6,'Findings & Escapes Log'!$L$2:$L$500,"In work")) | K6: =IF($A6="","",COUNTIFS('Findings & Escapes Log'!$B$2:$B$500,$A6,'Findings & Escapes Log'!$H$2:$H$500,"Y")) | L6: =IF($A6="","",COUNTIFS('Actions Log'!$B$2:$B$500,$A6,'Actions Log'!$I$2:$I$500,"Open")+COUNTIFS('Actions Log'!$B$2:$B$500,$A6,'Actions Log'!$I$2:$I$500,"In work")+COUNTIFS('Actions Log'!$B$2:$B$500,$A6,'Actions Log'!$I$2:$I$500,"Overdue"))
F7: =IF($A7="","",COUNTIF('SDRL Receipt Log'!$B$2:$B$1000,$A7)) | G7: =IF($A7="","",COUNTIFS('SDRL Receipt Log'!$B$2:$B$1000,$A7,'SDRL Receipt Log'!$J$2:$J$1000,"Accepted first-pass")) | H7: =IF($A7="","",COUNTIFS('SDRL Receipt Log'!$B$2:$B$1000,$A7,'SDRL Receipt Log'!$J$2:$J$1000,"Rejected")) | I7: =IF(OR($A7="",F7=0),"",G7/F7) | J7: =IF($A7="","",COUNTIFS('Findings & Escapes Log'!$B$2:$B$500,$A7,'Findings & Escapes Log'!$L$2:$L$500,"Open")+COUNTIFS('Findings & Escapes Log'!$B$2:$B$500,$A7,'Findings & Escapes Log'!$L$2:$L$500,"In work")) | K7: =IF($A7="","",COUNTIFS('Findings & Escapes Log'!$B$2:$B$500,$A7,'Findings & Escapes Log'!$H$2:$H$500,"Y")) | L7: =IF($A7="","",COUNTIFS('Actions Log'!$B$2:$B$500,$A7,'Actions Log'!$I$2:$I$500,"Open")+COUNTIFS('Actions Log'!$B$2:$B$500,$A7,'Actions Log'!$I$2:$I$500,"In work")+COUNTIFS('Actions Log'!$B$2:$B$500,$A7,'Actions Log'!$I$2:$I$500,"Overdue"))
F8: =IF($A8="","",COUNTIF('SDRL Receipt Log'!$B$2:$B$1000,$A8)) | G8: =IF($A8="","",COUNTIFS('SDRL Receipt Log'!$B$2:$B$1000,$A8,'SDRL Receipt Log'!$J$2:$J$1000,"Accepted first-pass")) | H8: =IF($A8="","",COUNTIFS('SDRL Receipt Log'!$B$2:$B$1000,$A8,'SDRL Receipt Log'!$J$2:$J$1000,"Rejected")) | I8: =IF(OR($A8="",F8=0),"",G8/F8) | J8: =IF($A8="","",COUNTIFS('Findings & Escapes Log'!$B$2:$B$500,$A8,'Findings & Escapes Log'!$L$2:$L$500,"Open")+COUNTIFS('Findings & Escapes Log'!$B$2:$B$500,$A8,'Findings & Escapes Log'!$L$2:$L$500,"In work")) | K8: =IF($A8="","",COUNTIFS('Findings & Escapes Log'!$B$2:$B$500,$A8,'Findings & Escapes Log'!$H$2:$H$500,"Y")) | L8: =IF($A8="","",COUNTIFS('Actions Log'!$B$2:$B$500,$A8,'Actions Log'!$I$2:$I$500,"Open")+COUNTIFS('Actions Log'!$B$2:$B$500,$A8,'Actions Log'!$I$2:$I$500,"In work")+COUNTIFS('Actions Log'!$B$2:$B$500,$A8,'Actions Log'!$I$2:$I$500,"Overdue"))
F9: =IF($A9="","",COUNTIF('SDRL Receipt Log'!$B$2:$B$1000,$A9)) | G9: =IF($A9="","",COUNTIFS('SDRL Receipt Log'!$B$2:$B$1000,$A9,'SDRL Receipt Log'!$J$2:$J$1000,"Accepted first-pass")) | H9: =IF($A9="","",COUNTIFS('SDRL Receipt Log'!$B$2:$B$1000,$A9,'SDRL Receipt Log'!$J$2:$J$1000,"Rejected")) | I9: =IF(OR($A9="",F9=0),"",G9/F9) | J9: =IF($A9="","",COUNTIFS('Findings & Escapes Log'!$B$2:$B$500,$A9,'Findings & Escapes Log'!$L$2:$L$500,"Open")+COUNTIFS('Findings & Escapes Log'!$B$2:$B$500,$A9,'Findings & Escapes Log'!$L$2:$L$500,"In work")) | K9: =IF($A9="","",COUNTIFS('Findings & Escapes Log'!$B$2:$B$500,$A9,'Findings & Escapes Log'!$H$2:$H$500,"Y")) | L9: =IF($A9="","",COUNTIFS('Actions Log'!$B$2:$B$500,$A9,'Actions Log'!$I$2:$I$500,"Open")+COUNTIFS('Actions Log'!$B$2:$B$500,$A9,'Actions Log'!$I$2:$I$500,"In work")+COUNTIFS('Actions Log'!$B$2:$B$500,$A9,'Actions Log'!$I$2:$I$500,"Overdue"))
F10: =IF($A10="","",COUNTIF('SDRL Receipt Log'!$B$2:$B$1000,$A10)) | G10: =IF($A10="","",COUNTIFS('SDRL Receipt Log'!$B$2:$B$1000,$A10,'SDRL Receipt Log'!$J$2:$J$1000,"Accepted first-pass")) | H10: =IF($A10="","",COUNTIFS('SDRL Receipt Log'!$B$2:$B$1000,$A10,'SDRL Receipt Log'!$J$2:$J$1000,"Rejected")) | I10: =IF(OR($A10="",F10=0),"",G10/F10) | J10: =IF($A10="","",COUNTIFS('Findings & Escapes Log'!$B$2:$B$500,$A10,'Findings & Escapes Log'!$L$2:$L$500,"Open")+COUNTIFS('Findings & Escapes Log'!$B$2:$B$500,$A10,'Findings & Escapes Log'!$L$2:$L$500,"In work")) | K10: =IF($A10="","",COUNTIFS('Findings & Escapes Log'!$B$2:$B$500,$A10,'Findings & Escapes Log'!$H$2:$H$500,"Y")) | L10: =IF($A10="","",COUNTIFS('Actions Log'!$B$2:$B$500,$A10,'Actions Log'!$I$2:$I$500,"Open")+COUNTIFS('Actions Log'!$B$2:$B$500,$A10,'Actions Log'!$I$2:$I$500,"In work")+COUNTIFS('Actions Log'!$B$2:$B$500,$A10,'Actions Log'!$I$2:$I$500,"Overdue"))
F11: =IF($A11="","",COUNTIF('SDRL Receipt Log'!$B$2:$B$1000,$A11)) | G11: =IF($A11="","",COUNTIFS('SDRL Receipt Log'!$B$2:$B$1000,$A11,'SDRL Receipt Log'!$J$2:$J$1000,"Accepted first-pass")) | H11: =IF($A11="","",COUNTIFS('SDRL Receipt Log'!$B$2:$B$1000,$A11,'SDRL Receipt Log'!$J$2:$J$1000,"Rejected")) | I11: =IF(OR($A11="",F11=0),"",G11/F11) | J11: =IF($A11="","",COUNTIFS('Findings & Escapes Log'!$B$2:$B$500,$A11,'Findings & Escapes Log'!$L$2:$L$500,"Open")+COUNTIFS('Findings & Escapes Log'!$B$2:$B$500,$A11,'Findings & Escapes Log'!$L$2:$L$500,"In work")) | K11: =IF($A11="","",COUNTIFS('Findings & Escapes Log'!$B$2:$B$500,$A11,'Findings & Escapes Log'!$H$2:$H$500,"Y")) | L11: =IF($A11="","",COUNTIFS('Actions Log'!$B$2:$B$500,$A11,'Actions Log'!$I$2:$I$500,"Open")+COUNTIFS('Actions Log'!$B$2:$B$500,$A11,'Actions Log'!$I$2:$I$500,"In work")+COUNTIFS('Actions Log'!$B$2:$B$500,$A11,'Actions Log'!$I$2:$I$500,"Overdue"))
F12: =IF($A12="","",COUNTIF('SDRL Receipt Log'!$B$2:$B$1000,$A12)) | G12: =IF($A12="","",COUNTIFS('SDRL Receipt Log'!$B$2:$B$1000,$A12,'SDRL Receipt Log'!$J$2:$J$1000,"Accepted first-pass")) | H12: =IF($A12="","",COUNTIFS('SDRL Receipt Log'!$B$2:$B$1000,$A12,'SDRL Receipt Log'!$J$2:$J$1000,"Rejected")) | I12: =IF(OR($A12="",F12=0),"",G12/F12) | J12: =IF($A12="","",COUNTIFS('Findings & Escapes Log'!$B$2:$B$500,$A12,'Findings & Escapes Log'!$L$2:$L$500,"Open")+COUNTIFS('Findings & Escapes Log'!$B$2:$B$500,$A12,'Findings & Escapes Log'!$L$2:$L$500,"In work")) | K12: =IF($A12="","",COUNTIFS('Findings & Escapes Log'!$B$2:$B$500,$A12,'Findings & Escapes Log'!$H$2:$H$500,"Y")) | L12: =IF($A12="","",COUNTIFS('Actions Log'!$B$2:$B$500,$A12,'Actions Log'!$I$2:$I$500,"Open")+COUNTIFS('Actions Log'!$B$2:$B$500,$A12,'Actions Log'!$I$2:$I$500,"In work")+COUNTIFS('Actions Log'!$B$2:$B$500,$A12,'Actions Log'!$I$2:$I$500,"Overdue"))
F13: =IF($A13="","",COUNTIF('SDRL Receipt Log'!$B$2:$B$1000,$A13)) | G13: =IF($A13="","",COUNTIFS('SDRL Receipt Log'!$B$2:$B$1000,$A13,'SDRL Receipt Log'!$J$2:$J$1000,"Accepted first-pass")) | H13: =IF($A13="","",COUNTIFS('SDRL Receipt Log'!$B$2:$B$1000,$A13,'SDRL Receipt Log'!$J$2:$J$1000,"Rejected")) | I13: =IF(OR($A13="",F13=0),"",G13/F13) | J13: =IF($A13="","",COUNTIFS('Findings & Escapes Log'!$B$2:$B$500,$A13,'Findings & Escapes Log'!$L$2:$L$500,"Open")+COUNTIFS('Findings & Escapes Log'!$B$2:$B$500,$A13,'Findings & Escapes Log'!$L$2:$L$500,"In work")) | K13: =IF($A13="","",COUNTIFS('Findings & Escapes Log'!$B$2:$B$500,$A13,'Findings & Escapes Log'!$H$2:$H$500,"Y")) | L13: =IF($A13="","",COUNTIFS('Actions Log'!$B$2:$B$500,$A13,'Actions Log'!$I$2:$I$500,"Open")+COUNTIFS('Actions Log'!$B$2:$B$500,$A13,'Actions Log'!$I$2:$I$500,"In work")+COUNTIFS('Actions Log'!$B$2:$B$500,$A13,'Actions Log'!$I$2:$I$500,"Overdue"))
F14: =IF($A14="","",COUNTIF('SDRL Receipt Log'!$B$2:$B$1000,$A14)) | G14: =IF($A14="","",COUNTIFS('SDRL Receipt Log'!$B$2:$B$1000,$A14,'SDRL Receipt Log'!$J$2:$J$1000,"Accepted first-pass")) | H14: =IF($A14="","",COUNTIFS('SDRL Receipt Log'!$B$2:$B$1000,$A14,'SDRL Receipt Log'!$J$2:$J$1000,"Rejected")) | I14: =IF(OR($A14="",F14=0),"",G14/F14) | J14: =IF($A14="","",COUNTIFS('Findings & Escapes Log'!$B$2:$B$500,$A14,'Findings & Escapes Log'!$L$2:$L$500,"Open")+COUNTIFS('Findings & Escapes Log'!$B$2:$B$500,$A14,'Findings & Escapes Log'!$L$2:$L$500,"In work")) | K14: =IF($A14="","",COUNTIFS('Findings & Escapes Log'!$B$2:$B$500,$A14,'Findings & Escapes Log'!$H$2:$H$500,"Y")) | L14: =IF($A14="","",COUNTIFS('Actions Log'!$B$2:$B$500,$A14,'Actions Log'!$I$2:$I$500,"Open")+COUNTIFS('Actions Log'!$B$2:$B$500,$A14,'Actions Log'!$I$2:$I$500,"In work")+COUNTIFS('Actions Log'!$B$2:$B$500,$A14,'Actions Log'!$I$2:$I$500,"Overdue"))
... F31: =IF($A31="","",COUNTIF('SDRL Receipt Log'!$B$2:$B$1000,$A31)) | G31: =IF($A31="","",COUNTIFS('SDRL Receipt Log'!$B$2:$B$1000,$A31,'SDRL Receipt Log'!$J$2:$J$1000,"Accepted first-pass")) | H31: =IF($A31="","",COUNTIFS('SDRL Receipt Log'!$B$2:$B$1000,$A31,'SDRL Receipt Log'!$J$2:$J$1000,"Rejected")) | I31: =IF(OR($A31="",F31=0),"",G31/F31) | J31: =IF($A31="","",COUNTIFS('Findings & Escapes Log'!$B$2:$B$500,$A31,'Findings & Escapes Log'!$L$2:$L$500,"Open")+COUNTIFS('Findings & Escapes Log'!$B$2:$B$500,$A31,'Findings & Escapes Log'!$L$2:$L$500,"In work")) | K31: =IF($A31="","",COUNTIFS('Findings & Escapes Log'!$B$2:$B$500,$A31,'Findings & Escapes Log'!$H$2:$H$500,"Y")) | L31: =IF($A31="","",COUNTIFS('Actions Log'!$B$2:$B$500,$A31,'Actions Log'!$I$2:$I$500,"Open")+COUNTIFS('Actions Log'!$B$2:$B$500,$A31,'Actions Log'!$I$2:$I$500,"In work")+COUNTIFS('Actions Log'!$B$2:$B$500,$A31,'Actions Log'!$I$2:$I$500,"Overdue"))

Sheet Actions Log
A1: Action ID | B1: Supplier ID | C1: Supplier Name | D1: Source (Finding/Determination ref) | E1: Action Type | F1: Description | G1: Owner | H1: Due Date | I1: Status | J1: Closed Date | K1: Closure Evidence | L1: Notes
A2: AC-0001 | B2: SUP-014 | C2: ACME Actuation | D2: FE-0001 | E2: CAR + source inspection | F2: CAR issued for RFV process failure; source inspection at next 3 lots | G2: [name] | H2: 2026-08-15 | I2: Open | L2: Example row — replace

Sheet Dashboard
A1: Sub-Supplier CM Effectiveness Dashboard
A2: Formula-driven — do not overwrite column B. Reporting date drives overdue counts.
A4: Reporting date: | B4: =TODAY() -> 46221
A5: Suppliers under evaluation | B5: =COUNTA('Supplier Evaluation Record'!$A$2:$A$31) -> 1
A6: Determination — Effective | B6: =COUNTIF('Supplier Evaluation Record'!$M$2:$M$31,"Effective") -> 0
A7: Determination — Conditionally effective | B7: =COUNTIF('Supplier Evaluation Record'!$M$2:$M$31,"Conditionally effective") -> 0
A8: Determination — Ineffective | B8: =COUNTIF('Supplier Evaluation Record'!$M$2:$M$31,"Ineffective") -> 0
A9: Not yet determined | B9: =COUNTIF('Supplier Evaluation Record'!$M$2:$M$31,"Not yet determined") -> 1
A10: Determinations overdue (Next Due < reporting date) | B10: =SUMPRODUCT(('Supplier Evaluation Record'!$A$2:$A$31<>"")*('Supplier Evaluation Record'!$O$2:$O$31<>"")*('Supplier Evaluation Record'!$O$2:$O$31<$B$4)) -> 0
A11: Open + in-work findings (all suppliers) | B11: =COUNTIF('Findings & Escapes Log'!$L$2:$L$500,"Open")+COUNTIF('Findings & Escapes Log'!$L$2:$L$500,"In work") -> 1
A12: Safety-relevant findings (all suppliers) | B12: =COUNTIF('Findings & Escapes Log'!$H$2:$H$500,"Y") -> 1
A13: Open/overdue actions (all suppliers) | B13: =COUNTIF('Actions Log'!$I$2:$I$500,"Open")+COUNTIF('Actions Log'!$I$2:$I$500,"In work")+COUNTIF('Actions Log'!$I$2:$I$500,"Overdue") -> 1
A14: SDRL submittals logged (all suppliers) | B14: =COUNTA('SDRL Receipt Log'!$A$2:$A$1000) -> 2
A15: Portfolio first-pass acceptance rate | B15: =IF(COUNTIF('SDRL Receipt Log'!$J$2:$J$1000,"<>")=0,"",COUNTIF('SDRL Receipt Log'!$J$2:$J$1000,"Accepted first-pass")/COUNTIF('SDRL Receipt Log'!$J$2:$J$1000,"<>")) -> 0.5

Sheet Lists
A1: Defect Codes | B1: Determination | C1: Finding Type | D1: Safety-Relevant | E1: Action Status | F1: Cadence
A2: D1 — Content incomplete | B2: Effective | C2: Post-delivery departure (should have been RFV'd) | D2: Y | E2: Open | F2: Annual
A3: D2 — Wrong/rev data used | B3: Conditionally effective | C3: Unauthorized process change | D3: N | E3: In work | F3: Biennial
A4: D3 — Traceability/PTR gap | B4: Ineffective | C4: Traceability gap discovered | E4: Closed | F4: Event-driven
A5: D4 — Late submittal | B5: Not yet determined | C5: Unincorporated/undocumented change | E5: Overdue
A6: D5 — Format/DID non-compliance | C6: CM process audit finding
A7: D6 — Unresolved prior comment | C7: Reconciliation miss (delta found by company)
C8: Late/withheld disclosure
C9: Other
